# Resource object code (Python 3)
# Created by: object code
# Created by: The Resource Compiler for Qt version 6.9.0
# WARNING! All changes made in this file will be lost!

from PySide6 import QtCore

qt_resource_data = b"\
\x00\x00\x13\x81\
\x89\
PNG\x0d\x0a\x1a\x0a\x00\x00\x00\x0dIHDR\x00\
\x00\x00d\x00\x00\x01\xf4\x08\x06\x00\x00\x00\xcb\xf3\x88\xa3\
\x00\x00\x00\x09pHYs\x00\x00\x0b\x13\x00\x00\x0b\x13\
\x01\x00\x9a\x9c\x18\x00\x00\x131IDATx\x9c\xed\
\x9dM\x88V\xd5\x1f\xc7?\xe3\x845ijoRV\
\x93\xa8-*\xcd\xcc\x85\x89\x0a\xa9\x90\xb5H\x5c\x98\xa4\
\xd5\xc2\xda\x14HYB\xd6&\x89V\x95E\x06BA\
A\x8b|)\xa2\xfeH\x91\x15e`.\x0cj|\xcb\
\x95\x86Yh\x9b\xc0\xd1\xf1\xa5r\x9c\xff\xe2\xf7Dj\
6\xf7\xdcs\xcf\xbd\xf7\xf7<\xcf\xf7\x03\xb3\x9as\xcf\
\xf9\x9d\xdf\x87\xfb\x9c\xfbv\xce\xe9\x18\x18\x18@\xf8a\
H\xdd\x01\x88s\x91\x10gH\x883$\xc4\x19\x12\xe2\
\x0c\x09q\x86\x848CB\x9c!!\xce\x90\x10gH\
\x883$\xc4\x19\x12\xe2\x0c\x09q\x86\x848CB\x9c\
!!\xce\x90\x10gH\x883$\xc4\x19\x12\xe2\x0c\x09\
q\xc6EY\x05~\xfc\xf1\xc7*\xe2\xc8\xa2\x1b\x98\x02\
L\x04&\x00c\x81\xd1\xc0\x95\xc0P`\x14p\x0a\xe8\
\x03\x8e\x01\xbd\x8d\xbf\x03\xc0>`\x0f\xd0\x03\x1c\xac4\
\xea\x0bp\xeb\xad\xb7\x0e\xfa\xffL!5q\x0d0\x17\
\x98\x03\xdc\x05\x8c\x0b8\xa6\xab\xf1w\xf5 e~\x02\
\xbe\x01\xbe\x06\xbe\x02~+\x12d\x19x\x122\x12x\
\x10x\x00\x98A9?\xa7\xe3\x1a\x7f\x8f\x00g\x80m\
\xc0F`\x1dvF\xd5\x8e\x871d\x22\xf06p\x18\
X\x0b\xcc\xa2\x9a\xb8\x864\xdaZ\xdbh\xfb\x1d`R\
\x05\xed\x0eJ\x9dBn\x076\x01\xbb\x80G\xb1\x9f\x9b\
\xba\xe8\xc2\xce\x9a\x9d\x8d\x98\xa6\xd4\x15H\x1dBn\x00\
\xd6\x03?\x00\xf7\x01\x1d5\xc4\xf0_t`1}\x8f\
\xc5\xd8]u\x00U\x0a\xe9\x04\x9e\x02\xf6\x02\x8b\xf1%\
\xe2|:\xb0\x18\xf7\x02Oc\xb1WBUB\xba\x81\
\xad\xc0k\xc0\xf0\x8a\xdaL\xc10\xe0U,\xf6J\xce\
\x96*\x84,\x00v\x00\xd3+h\xab,\xa6c\xe3\xcb\
\x82\xb2\x1b*SH'\xb0\x1a\xf8\x08\xb8\xbc\xc4v\xaa\
b\x14\xd6\x97\xd5\x94\xf8\x13V\x96\x90\x8b\xb1\xeb\xfb\x15\
\xf8\x1e+\xf2\xd2\x81\xf5i#\xd6\xc7\xe4\x94!d\x04\
\xf0\x19\xb0\xb0\x84\xba\xbd\xb0\x10\xeb\xe3\x88\xd4\x15\xa7\x16\
2\x12{41;q\xbd\x1e\x99\x8d\xf5ud\xcaJ\
S\x0a\xb9\x14\xd8L\x8d7U50\x05\xf8\x1c\xeb{\
\x12R\x09\xe9\x046\x00w&\xaa\xaf\x99\x98\x86\xf5=\
\xc9@\x9fJ\xc8j`~\xa2\xba\x9a\x91\xf9X\x0e\x0a\
\x93B\xc8\x12`y\x82z\x9a\x9d\xe5\xd8\xd3\xeaB\x14\
\x152\x01x\xabh\x10-\xc4\x9bXN\xa2)\x22\xa4\
\x13x\x8f\xe6z\x14R6\xc3\xb1\x9cD\x8f'E\x84\
<\x81\x0dh\xe2\x5c\xa6Q\xe0'<V\xc8u\xc0\x8b\
\xb1\x8d\xb6\x01/\x00\xd7\xc7\x1c\x18+\xe4e\xecI\xa8\
\xb80\xc3\x80\x97b\x0e\x8c\x112\x09{W \x06g\
1\x11\xaf\x84c\x84<Gk=0,\x8b\x0e,W\
\xb9\xc8+\xe4&`Q\xdeF\xda\x98EX\xce\x82\xc9\
+\xe4\x19*|\x9d\xd9\x02t\x02+\xf3\x1c\x90G\xc8\
(\x12\xdc\x89\xb6!K\xb0\xdc\x05\x91G\xc8b\xea\xfd\
T\xa7Y\xe9\x22\xc7EP^!\x22\x8e\xe4B\xc6`\
\x9fw\x8a8f`9\xcc$T\xc8\xbc\x1ce\xc5\xbf\
\x19\x02\xdc\x13Z0\x84y\xf1\xb1\x88\x06w\x87\x14\x0a\
\x152\xab@ \xc2\x08\xcaa\x88\x90\x1b\x09\xfc\xfd\x13\
\x832\x06\xcb\xe5\xa0\x84\x08\x99\x5c<\x16\xd1 3\x97\
!Bj\x9f3\xd1B\xdc\x96U DH\xa1W\x92\
\xe2\x1c\xc6g\x15\x08\x11R\xf9\x1c\x89\x16&3\x97!\
B\xaeM\x10\x8802s\x19\x22\xe4\x8a\x04\x81\x08#\
3\x97!B.I\x10\x8802s\x19\x22\xe4\xb2\x04\
\x81\x08#\xf3;\x84\x10!\x7f&\x08D\x18\x7fe\x15\
\x08\x11r,A \xc2\xc8\xcc\xa5\x84TK_V\x01\
\x09\xa9\x96$g\xc8\xef\x09\x02\x11Ff.C\x84\xd4\
\xbe\xa4Q\x0b\x91\x99\xcb\x10!\xfb\x13\x04\x22\x8c\xcc\x5c\
\x86\x08\xd9\x95 \x10a\xec\xce*\x10\x22dg\x82@\
\x84\xb1#\xab@\x88\x90\x9f\x81C\x85C\x11\x87\xb0\x5c\
\x0eJ\xe8;\xf5\xad\xc5b\x11\x04\xe60T\xc8\x17\x05\
\x02\x11\xc6\x97!\x85B\x85l\xc6\xd6(\x14q\x9c\xc1\
\x96\xe2\xc8$T\xc8!l\xc1H\x11\xc76\x02\xc7\xe1\
<_#n\x88\x8bE\x90#wy\x85\x9c\xcc\x1fK\
\xdbs\x92\x92\x84\x1c\x01\xde\xcf\x1b\x8d\xe0\x03,wA\
\xe4\xfd\x80\xfa\x15` \xe71\xed\xcc\x006c9\x98\
\xbcB\xf6\x02\x9f\xe6<\xa6\x9d\xf9\x04\xcbY01S\
\x0c\x9eGgI\x08\x03\xc0\xaa\xbc\x07\xc5\x08\xe9AW\
\x5c!l\xc0r\x95\x8b\xd8I8+\x81\xe3\x91\xc7\xb6\
\x03\xc7\x81gc\x0e\x8c\x15\xf2+\x11\xa7c\x1b\xb1\x0a\
\xf8%\xe6\xc0\x22\xd3\xd4^\x07\xb6\x178\xbeU\xf9\x0e\
\xcbM\x14E\x84\xf4\x03\x0f\x11\xf0%E\x1b\xd1\x87\xcd\
\xe5\xef\x8f\xad\xa0\xe8D\xce}\xc0c\x05\xebh%\x1e\
\xc7r\x12M\x8a\x99\xb5\xeb\x805\x09\xeaiv\xd6`\
\xab\xc9\x15\x22\xd5T\xe7\x15\xd8F(\xed\xca&,\x07\
\x85I%\xa4\x1f[\xad\xa0\x1d\x07\xf9\xedX\xdf\xa3\xc7\
\x8d\xb3I\xb9\x18\xc0\x09l>{\xee\x9b\xa1&\xa6\x07\
\xeb\xf3\x89T\x15\xa6^\x9d\xa1\x17\xdb\xe6nK\xe2z\
=\xb2\x05\xebk\xd2\xdd\xdd\xcaX.\xe3(p/\xf0\
a\x09u{\xe1c\xac\x8fGSW\x5c\xd6\xfa%\x7f\
`\xfb\x11\xb6\xe2\xd5\xd7\x1b\xc0\xfdX\x1f\x93S\xe6\x82\
2\xfd\xfc\xb3\xfcv+\xdc<\xf6\x01\x0f\x03O\x92h\
\x00\xbf\x10U\xac\xf0\xb3\x1e\xdb\xd6\xa1\x99\xaf\xc0\xb6c\
}(|\x9f\x91EUK.\xed\x03fb\xd7\xea\xcd\
\xf4\x94\xf8\x04\x16\xf3L\x0a\xde\x81\x87R\xe5\x1aX\xa7\
\xb1m\xf3n\xc1\xde\x15x~\xc95\x80\xc5x3\x16\
\xf3\xe9\xaa\x1a\xaecQ\xb2\x83\xd8\xc2\x90S\xb1W\x9c\
\x9e\xc4\x0c`1M\xc5b\xac|nL\x9d\xab\xc4\xf5\
`\xdb\x9cN\x06\xde\xa5\xdeO\x8cN6b\x98\x8c\xc5\
T\xdb\xcd\xad\x87e\xfbv\x03K\xb1e'\x96\x01\xdf\
R\xcdg\xabg\x1am-k\xb4\xbd\x94\x80\xf9\x1be\
\xe3i?\xf5^l+\xed\xb5X\x82\xe6b;\xa1\xcd\
\x01\xc6&j\xe3\x00\xb6\xb9\xfd\x16l\x83\xfb\xc3\x89\xea\
M\x86'!gs\x18\xbb\xc4\xfc\xfb2\xb3\x1b\xb8\x03\
\xdb{}<&h4p\x150\x14[\xa8\xf8\x14v\
\x05\xd7\x8b\xddA\x1f\xc1\x04\xec\x07\xf6`\xbbS\xbb\x9f\
/\xe9U\xc8\xf9\x1cl\xfc\xfd\xaf\xe68J\xc7\xc3\x18\
\x22\xceBB\x9c!!\xce\x90\x10gH\x883$\xc4\
\x19\x12\xe2\x0c\x09q\x86\x848CB\x9c!!\xce\x90\
\x10gH\x883$\xc4\x19\x12\xe2\x0c\x09q\x86\x848\
CB\x9c!!\xce\x90\x10gH\x883$\xc4\x19\x12\
\xe2\x0c\x09q\x86\x848CB\x9c!!\xce\x90\x10g\
H\x883$\xc4\x19\x12\xe2\x0c\x09q\x86\x848CB\
\x9c!!\xce\x90\x10gH\x883$\xc4\x19\x12\xe2\x0c\
\x09q\x86\x848CB\x9c!!\xce\x90\x10gH\x88\
3$\xc4\x19\x12\xe2\x0c\x09q\x86\x848CB\x9c!\
!\xce\x90\x10gH\x883$\xc4\x19\x12\xe2\x0c\x09q\
\x86\x848CB\x9c!!\xce\x90\x10gH\x883$\
\xc4\x19\x12\xe2\x0c\x09q\x86\x848CB\x9c!!\xce\
\x90\x10gH\x883$\xc4\x19\x12\xe2\x0c\x09q\x86\x84\
8CB\x9c!!\xce\x90\x10gH\x883$\xc4\x19\
\x12\xe2\x0c\x09q\x86\x848CB\x9c!!\xce\x90\x10\
gH\x883$\xc4\x19\x12\xe2\x0c\x09q\x86\x848C\
B\x9c!!\xce\x90\x10gH\x883$\xc4\x19\x12\xe2\
\x0c\x09q\x86\x848CB\x9c!!\xce\x90\x10g\x5c\
Tw\x00\x81t\x03S\x80\x89\xc0\x04`,0\x1a\xb8\
\x12\x18\x0a\x8c\x02N\x01}\xc01\xa0\xb7\xf1w\x00\xd8\
\x07\xec\x01z\x80\x83\x95F\x1d\x81W!\xd7\x00s\x81\
9\xc0]\xc0\xb8\x80c\xba\x1a\x7fW\x0fR\xe6'\xe0\
\x1b\xe0k\xe0+\xe0\xb7\x22A\x96\x81'!#\x81\x07\
\x81\x07\x80\x19\x94\xf3s:\xae\xf1\xf7\x08p\x06\xd8\x06\
l\x04\xd6agT\xedx\x18C&\x02o\x03\x87\x81\
\xb5\xc0,\xaa\x89kH\xa3\xad\xb5\x8d\xb6\xdf\x01&U\
\xd0\xee\xa0\xd4)\xe4v`\x13\xb0\x0bx\x14\xfb\xb9\xa9\
\x8b.\xec\xac\xd9\xd9\x88iJ]\x81\xd4!\xe4\x06`\
=\xf0\x03p\x1f\xd0QC\x0c\xffE\x07\x16\xd3\xf7X\
\x8c\xddU\x07P\xa5\x90N\xe0)`/\xb0\x18_\x22\
\xce\xa7\x03\x8bq/\xf04\x16{%T%\xa4\x1b\xd8\
\x0a\xbc\x06\x0c\xaf\xa8\xcd\x14\x0c\x03^\xc5b\xaf\xe4l\
\xa9B\xc8\x02`\x070\xbd\x82\xb6\xcab:6\xbe,\
(\xbb\xa12\x85t\x02\xab\x81\x8f\x80\xcbKl\xa7*\
Fa}YM\x89?ae\x09\xb9\x18\xbb\xbe_\x81\
\xef\xb1\x22/\x1dX\x9f6b}LN\x19BF\x00\
\x9f\x01\x0bK\xa8\xdb\x0b\x0b\xb1>\x8eH]qj!\
#\xb1G\x13\xb3\x13\xd7\xeb\x91\xd9X_G\xa6\xac4\
\xa5\x90K\x81\xcd\xd4xSU\x03S\x80\xcf\xb1\xbe'\
!\x95\x90N`\x03pg\xa2\xfa\x9a\x89iX\xdf\x93\
\x0c\xf4\xa9\x84\xac\x06\xe6'\xaa\xab\x19\x99\x8f\xe5\xa00\
)\x84,\x01\x96'\xa8\xa7\xd9Y\x8e=\xad.DQ\
!\x13\x80\xb7\x8a\x06\xd1B\xbc\x89\xe5$\x9a\x22B:\
\x81\xf7h\xaeG!e3\x1c\xcbI\xf4xRD\xc8\
\x13\xd8\x80&\xcee\x1a\x05~\xc2c\x85\x5c\x07\xbc\x18\
\xdbh\x1b\xf0\x02p}\xcc\x81\xb1B^\xc6\x9e\x84\x8a\
\x0b3\x0cx)\xe6\xc0\x18!\x93\xb0w\x05bp\x16\
\x13\xf1J8F\xc8s\xb4\xd6\x03\xc3\xb2\xe8\xc0r\x95\
\x8b\xbcBn\x02\x16\xe5m\xa4\x8dY\x84\xe5,\x98\xbc\
B\x9e\xa1\xc2\xd7\x99-@'\xb02\xcf\x01y\x84\x8c\
\x22\xc1\x9dh\x1b\xb2\x04\xcb]\x10y\x84,\xa6\xdeO\
u\x9a\x95.r\x5c\x04\xe5\x15\x22\xe2H.d\x0c\xf6\
y\xa7\x88c\x06\x96\xc3LB\x85\xcc\xcbQV\xfc\x9b\
!\xc0=\xa1\x05C\x98\x17\x1f\x8bhpwH\xa1P\
!\xb3\x0a\x04\x22\x8c\xa0\x1c\x86\x08\xb9\x91\xc0\xdf?1\
(c\xb0\x5c\x0eJ\x88\x90\xc9\xc5c\x11\x0d2s\x19\
\x22\xa4\xf69\x13-\xc4mY\x05B\x84\x14z%)\
\xcea|V\x81\x10!\x95\xcf\x91ha2s\x19\x22\
\xe4\xda\x04\x81\x08#3\x97!B\xaeH\x10\x8802\
s\x19\x22\xe4\x92\x04\x81\x08#3\x97!B.K\x10\
\x8802\xbfC\x08\x11\xf2g\x82@\x84\xf1WV\x81\
\x10!\xc7\x12\x04\x22\x8c\xcc\x5cJH\xb5\xf4e\x15\x90\
\x90jIr\x86\xfc\x9e \x10ad\xe62D\x88\xfb\
%\x8d\x9a\x88\xcc\x5c\x86\x08\xd9\x9f \x10ad\xe62\
D\xc8\xae\x04\x81\x08cwV\x81\x10!;\x13\x04\x22\
\x8c\x1dY\x05B\x84\xfc\x0c\x1c*\x1c\x8a8\x84\xe5r\
PB\xdf\xa9o-\x16\x8b 0\x87\xa1B\xbe(\x10\
\x880\xbe\x0c)\x14*d3\xb6F\xa1\x88\xe3\x0c\xb6\
\x14G&\xa1B\x0ea\x0bF\x8a8\xb6\x118\x0e\xe7\
\xf9\x1aqC\x5c,\x82\x1c\xb9\xcb+\xe4d\xfeX\xda\
\x9e\x93\x94$\xe4\x08\xf0~\xdeh\x04\x1f`\xb9\x0b\x22\
\xef\x07\xd4\xaf\x00\x039\x8fig\x06\xb0\x19\xcb\xc1\xe4\
\x15\xb2\x17\xf84\xe71\xed\xcc'X\xce\x82\x89\x99b\
\xf0<:KB\x18\x00V\xe5=(FH\x0f\xba\xe2\
\x0aa\x03\x96\xab\x5c\xc4N\xc2Y\x09\x1c\x8f<\xb6\x1d\
8\x0e<\x1bs`\xac\x90_\x898\x1d\xdb\x88U\xc0\
/1\x07\x16\x99\xa6\xf6:\xb0\xbd\xc0\xf1\xad\xcawX\
n\xa2(\x22\xa4\x1fx\x88\x80/)\xda\x88>l.\
\x7f\x7fl\x05E'r\xee\x03\x1e+XG+\xf18\
\x96\x93hR\xcc\xac]\x07\xacIPO\xb3\xb3\x06[\
M\xae\x10\xa9\xa6:\xaf\xc06BiW6a9(\
L*!\xfd\xd8j\x05\xed8\xc8o\xc7\xfa\x1e=n\
\x9cM\xca\xc5\x00N`\xf3\xd9s\xdf\x0c51=X\
\x9fO\xa4\xaa0\xf5\xea\x0c\xbd\xd86w[\x12\xd7\xeb\
\x91-X_\x93\xee\xeeV\xc6r\x19G\x81{\x81\x0f\
K\xa8\xdb\x0b\x1fc}<\x9a\xba\xe2\xb2\xd6/\xf9\x03\
\xdb\x8f\xb0\x15\xaf\xbe\xde\x00\xee\xc7\xfa\x98\x9c2\x17\x94\
\xe9\xe7\x9f\xe5\xb7[\xe1\xe6\xb1\x0fx\x18x\x92D\x03\
\xf8\x85\xa8b\x85\x9f\xf5\xd8\xb6\x0e\xcd|\x05\xb6\x1d\xeb\
C\xe1\xfb\x8c,\xaaZri\x1f0\x13\xbbVo\xa6\
\xa7\xc4'\xb0\x98gR\xf0\x0e<\x94*\xd7\xc0:\x8d\
m\x9bw\x0b\xf6\xae\xc0\xf3K\xae\x01,\xc6\x9b\xb1\x98\
OW\xd5p\x1d\x8b\x92\x1d\xc4\x16\x86\x9c\x8a\xbd\xe2\xf4\
$f\x00\x8bi*\x16c\xe5sc\xea\x5c%\xae\x07\
\xdb\xe6t2\xf0.\xf5~bt\xb2\x11\xc3d,\xa6\
\xdann=,\xdb\xb7\x1bX\x8a-;\xb1\x0c\xf8\x96\
j>[=\xd3hkY\xa3\xed\xa5\x04\xcc\xdf(\x1b\
O\xfb\xa9\xf7b[i\xaf\xc5\x124\x17\xdb\x09m\x0e\
06Q\x1b\x07\xb0\xcd\xed\xb7`\x1b\xdc\x1fNTo\
2<\x099\x9b\xc3\xd8%\xe6\xdf\x97\x99\xdd\xc0\x1d\xd8\
\xde\xeb\xe31A\xa3\x81\xab\x80\xa1\xd8B\xc5\xa7\xb0+\
\xb8^\xec\x0e\xfa\x08&`?\xb0\x07\xdb\x9d\xda\xfd|\
I\xafB\xce\xe7`\xe3\xef\x7f5\xc7Q:\x1e\xc6\x10\
q\x16\x12\xe2\x0c\x09q\x86\x848CB\x9c!!\xce\
\x90\x10gH\x883$\xc4\x19\x12\xe2\x0c\x09q\x86\x84\
8CB\x9c!!\xce\x90\x10gH\x883$\xc4\x19\
\x12\xe2\x0c\x09q\x86\x848CB\x9c!!\xce\x90\x10\
gH\x883$\xc4\x19\x12\xe2\x0c\x09q\x86\x848C\
B\x9c!!\xce\x90\x10gH\x883$\xc4\x19\x12\xe2\
\x0c\x09q\x86\x848CB\x9c!!\xce\x90\x10gH\
\x883$\xc4\x19\x12\xe2\x0c\x09q\x86\x848CB\x9c\
!!\xce\x90\x10gH\x883$\xc4\x19\x12\xe2\x0c\x09\
q\x86\x848CB\x9c!!\xce\x90\x10gH\x883\
$\xc4\x19\x12\xe2\x0c\x09q\x86\x848CB\x9c!!\
\xce\x90\x10gH\x883$\xc4\x19\x12\xe2\x0c\x09q\x86\
\x848CB\x9c!!\xce\x90\x10gH\x883$\xc4\
\x19\x12\xe2\x0c\x09q\x86\x848CB\x9c!!\xce\x90\
\x10gH\x883$\xc4\x19\x12\xe2\x0c\x09q\x86\x848\
CB\x9c!!\xce\x90\x10gH\x883$\xc4\x19\x12\
\xe2\x0c\x09q\x86\x848CB\x9c!!\xce\x90\x10g\
H\x883$\xc4\x19\x12\xe2\x0c\x09q\x86\x848\xe3\xa2\
\xba\x03\x08\xa4\x1b\x98\x02L\x04&\x00c\x81\xd1\xc0\x95\
\xc0P`\x14p\x0a\xe8\x03\x8e\x01\xbd\x8d\xbf\x03\xc0>\
`\x0f\xd0\x03\x1c\xac4\xea\x08\xbc\x0a\xb9\x06\x98\x0b\xcc\
\x01\xee\x02\xc6\x05\x1c\xd3\xd5\xf8\xbbz\x902?\x01\xdf\
\x00_\x03_\x01\xbf\x15\x09\xb2\x0c<\x09\x19\x09<\x08\
<\x00\xcc\xa0\x9c\x9f\xd3q\x8d\xbfG\x803\xc06`\
#\xb0\x0e;\xa3j\xc7\xc3\x182\x11x\x1b8\x0c\xac\
\x05fQM\x5cC\x1am\xadm\xb4\xfd\x0e0\xa9\x82\
v\x07\xa5N!\xb7\x03\x9b\x80]\xc0\xa3\xd8\xcfM]\
tag\xcd\xceFLS\xea\x0a\xa4\x0e!7\x00\xeb\
\x81\x1f\x80\xfb\x80\x8e\x1ab\xf8/:\xb0\x98\xbe\xc7b\
\xec\xae:\x80*\x85t\x02O\x01{\x81\xc5\xf8\x12q\
>\x1dX\x8c{\x81\xa7\xb1\xd8+\xa1*!\xdd\xc0V\
\xe05`xEm\xa6`\x18\xf0*\x16{%gK\
\x15B\x16\x00;\x80\xe9\x15\xb4U\x16\xd3\xb1\xf1eA\
\xd9\x0d\x95)\xa4\x13X\x0d|\x04\x5c^b;U1\
\x0a\xeb\xcbjJ\xfc\x09+K\xc8\xc5\xd8\xf5\xfd\x0a|\
\x8f\x15y\xe9\xc0\xfa\xb4\x11\xebcr\xca\x102\x02\xf8\
\x0cXXB\xdd^X\x88\xf5qD\xea\x8aS\x0b\x19\
\x89=\x9a\x98\x9d\xb8^\x8f\xcc\xc6\xfa:2e\xa5)\
\x85\x5c\x0al\xa6\xc6\x9b\xaa\x1a\x98\x02|\x8e\xf5=\x09\
\xa9\x84t\x02\x1b\x80;\x13\xd5\xd7LL\xc3\xfa\x9ed\
\xa0O%d50?Q]\xcd\xc8|,\x07\x85I\
!d\x09\xb0<A=\xcd\xcer\xeciu!\x8a\x0a\
\x99\x00\xbcU4\x88\x16\xe2M,'\xd1\x14\x11\xd2\x09\
\xbcGs=\x0a)\x9b\xe1XN\xa2\xc7\x93\x22B\x9e\
\xc0\x064q.\xd3(\xf0\x13\x1e+\xe4:\xe0\xc5\xd8\
F\xdb\x80\x17\x80\xebc\x0e\x8c\x15\xf22\xf6$T\x5c\
\x98a\xc0K1\x07\xc6\x08\x99\x84\xbd+\x10\x83\xb3\x98\
\x88W\xc21B\x9e\xa3\xb5\x1e\x18\x96E\x07\x96\xab\x5c\
\xe4\x15r\x13\xb0(o#m\xcc\x22,g\xc1\xe4\x15\
\xf2\x0c\x15\xbe\xcel\x01:\x81\x95y\x0e\xc8#d\x14\
\x09\xeeD\xdb\x90%X\xee\x82\xc8#d1\xf5~\xaa\
\xd3\xact\x91\xe3\x22(\xaf\x10\x11Gr!c\xb0\xcf\
;E\x1c3\xb0\x1cf\x12*d^\x8e\xb2\xe2\xdf\x0c\
\x01\xee\x09-\x18\xc2\xbc\xf8XD\x83\xbbC\x0a\x85\x0a\
\x99U \x10a\x04\xe50D\xc8\x8d\x04\xfe\xfe\x89A\
\x19\x83\xe5rPB\x84L.\x1e\x8bh\x90\x99\xcb\x10\
!\xb5\xcf\x99h!n\xcb*\x10\x22\xa4\xd0+Iq\
\x0e\xe3\xb3\x0a\x84\x08\xa9|\x8eD\x0b\x93\x99\xcb\x10!\
\xd7&\x08D\x18\x99\xb9\x0c\x11rE\x82@\x84\x91\x99\
\xcb\x10!\x97$\x08D\x18\x99\xb9\x0c\x11rY\x82@\
\x84\x91\xf9\x1dB\x88\x90?\x13\x04\x22\x8c\xbf\xb2\x0a\x84\
\x089\x96 \x10ad\xe6RB\xaa\xa5/\xab\x80\x84\
TK\x923\xe4\xf7\x04\x81\x08#3\x97!B\xdc/\
i\xd4Dd\xe62D\xc8\xfe\x04\x81\x08#3\x97!\
Bv%\x08D\x18\xbb\xb3\x0a\x84\x08\xd9\x99 \x10a\
\xec\xc8*\x10\x22\xe4g\xe0P\xe1P\xc4!,\x97\x83\
\x12\xfaN}k\xb1X\x04\x819\x0c\x15\xf2E\x81@\
\x84\xf1eH\xa1P!\x9b\xb15\x0aE\x1cg\xb0\xa5\
82\x09\x15r\x08[0R\xc4\xb1\x8d\xc0q8\xcf\
\xd7\x88\x1b\xe2b\x11\xe4\xc8]^!'\xf3\xc7\xd2\xf6\
\x9c\xa4$!G\x80\xf7\xf3F#\xf8\x00\xcb]\x10y\
?\xa0~\x05\x18\xc8yL;3\x80\xcdX\x0e&\xaf\
\x90\xbd\xc0\xa79\x8fig>\xc1r\x16L\xcc\x14\x83\
\xe7\xd1Y\x12\xc2\x00\xb0*\xefA1Bz\xd0\x15W\
\x08\x1b\xb0\x5c\xe5\x22v\x12\xceJ\xe0x\xe4\xb1\xed\xc0\
q\xe0\xd9\x98\x03c\x85\xfcJ\xc4\xe9\xd8F\xac\x02~\
\x899\xb0\xc84\xb5\xd7\x81\xed\x05\x8eoU\xbe\xc3r\
\x13E\x11!\xfd\xc0C\x04|I\xd1F\xf4as\xf9\
\xfbc+(:\x91s\x1f\xf0X\xc1:Z\x89\xc7\xb1\
\x9cD\x93bf\xed:`M\x82z\x9a\x9d5\xd8j\
r\x85H5\xd5y\x05\xb6\x11J\xbb\xb2\x09\xcbAa\
R\x09\xe9\xc7V+h\xc7A~;\xd6\xf7\xe8q\xe3\
lR.\x06p\x02\x9b\xcf\x9e\xfbf\xa8\x89\xe9\xc1\xfa\
|\x22U\x85\xa9Wg\xe8\xc5\xb6\xb9\xdb\x92\xb8^\x8f\
l\xc1\xfa\x9atw\xb72\x96\xcb8\x0a\xdc\x0b|X\
B\xdd^\xf8\x18\xeb\xe3\xd1\xd4\x15\x97\xb5~\xc9\x1f\xd8\
~\x84\xadx\xf5\xf5\x06p?\xd6\xc7\xe4\x94\xb9\xa0L\
?\xff,\xbf\xdd\x0a7\x8f}\xc0\xc3\xc0\x93$\x1a\xc0\
/D\x15+\xfc\xac\xc7\xb6uh\xe6+\xb0\xedX\x1f\
\x0a\xdfgdQ\xd5\x92K\xfb\x80\x99\xd8\xb5z3=\
%>\x81\xc5<\x93\x82w\xe0\xa1T\xb9\x06\xd6il\
\xdb\xbc[\xb0w\x05\x9e_r\x0d`1\xde\x8c\xc5|\
\xba\xaa\x86\xebX\x94\xec \xb60\xe4T\xec\x15\xa7'\
1\x03XLS\xb1\x18+\x9f\x1bS\xe7*q=\xd8\
6\xa7\x93\x81w\xa9\xf7\x13\xa3\x93\x8d\x18&c1\xd5\
vs\xeba\xd9\xbe\xdd\xc0Rl\xd9\x89e\xc0\xb7T\
\xf3\xd9\xea\x99F[\xcb\x1am/%`\xfeF\xd9x\
\xdaO\xbd\x17\xdbJ{-\x96\xa0\xb9\xd8Nhs\x80\
\xb1\x89\xda8\x80mn\xbf\x05\xdb\xe0\xfep\xa2z\x93\
\xe1I\xc8\xd9\x1c\xc6.1\xff\xbe\xcc\xec\x06\xee\xc0\xf6\
^\x1f\x8f\x09\x1a\x0d\x5c\x05\x0c\xc5\x16*>\x85]\xc1\
\xf5bw\xd0G0\x01\xfb\x81=\xd8\xee\xd4\xee\xe7K\
v\x0c\x0cx\x1aS\x85\x871D\x9c\x85\x848CB\
\x9c!!\xce\x90\x10gH\x883$\xc4\x19\x12\xe2\x0c\
\x09q\x86\x848CB\x9c!!\xce\x90\x10gH\x88\
3$\xc4\x19\x12\xe2\x0c\x09q\x86\x848CB\x9c!\
!\xce\x90\x10gH\x883\xfe\x0fK\x97\xb2Z\xdf\xaa\
\xf7\xd6\x00\x00\x00\x00IEND\xaeB`\x82`\x82\
\
\x00\x00\x01\xb3\
\x89\
PNG\x0d\x0a\x1a\x0a\x00\x00\x00\x0dIHDR\x00\
\x00\x00\x18\x00\x00\x00\x18\x08\x06\x00\x00\x00\xe0w=\xf8\
\x00\x00\x00\x01sRGB\x00\xae\xce\x1c\xe9\x00\x00\x01\
mIDATHK\xb5U\x8b\x11\xc20\x08\xc5I\
\xd4\x11\x98@\x9dD\x9dD\x9dD7Q'`\x04\x1d\
\xc5\xbe\x1e\xe4hJ\xd2\xf8\xe3\xceKk\x09\x0fx/\
dF\x7f\xb6\xd9\x9f\xe3\xd3$\x80\x88\xec\x88hND\
k\xfd=\xbb\xf5FDX\xef\xcc\x8c\xe7\xa2\x15\x01D\
d\xd1\x05>k\xd0Z\x0c\x00m\x98\x19\xeb\xc8B\x00\
\x0d\xfePol\xbcX\xb6\xfa\x0d\xd5\xa0*T\x87D\
z\x1ff>\xe5\x085\x80ki\x93\x05Q\xb0m\xf7\
~\xd4\xff\x8e9\xc8\x00@D\xd6S=\x8d\xda\x80}\
D\x84\x84P\xc9\xde\xc7\xc8\x01z'f\xde\xbf\xab.\
\x119h%\xd8\xbf\xb4\xfd\x09@\xd5\x02R\xab\xa4\x95\
\x803Q\x80\xf4^]\x1e\x00\xc1A\x1a\x0c\x84}S\
E\xe2\xc2\x03@5P\x04l\xd4\xcb\x96\x969.n\
\xcc\xbc\xc9+\xf0\x00\xf8\x96\x9cZ\x82\xc3\xc7\xc9;\xf1\
\x10U\xb0,\x1d\x9aJ\xff!\x0e()Y'\xd7>\
\xb6\x070\xa7D\xd0\x07\x99\xdb\x96\xb0E&\xb3\xd1a\
i\x01\x12\x91P$\xbe\x82tX\xbc\x8e[\x82g\xfd\
\xc7k(S?\xdc>\x95)d\xbe5\x05\x0d8\x08\
\xb2\xc0\x91\xc7\x90k6U\xd1\xa28*\x14\x04Y\xa0\
\x9f\xb0I>tD\xecJm\x1dM\xd3`B\xda\x05\
s\xd7\x8b\x06\xc0h\xe7\xca\x8d\xebA\xdf}\xc9\xbf\xba\
p\x06\x13\xb4\x09\xc0q\x82l-c;LV\x15E\
\x97L3@3\xbb\x15\xc7\xc9K\xff[\x90\x17w\xca\
\xba\x19kjn\x0f\x00\x00\x00\x00IEND\xaeB\
`\x82\
\x00\x01\xae\x90\
\x00\
\x01\x00\x00\x00\x13\x01\x00\x00\x04\x000GDEFG\
F\x1f\xf9\x00\x00\x15|\x00\x00\x06\x92GPOS\xc7\
\xc9o*\x00\x00\xa1p\x00\x00y\x06GSUB\xc8\
\xf6\x01\x9c\x00\x00$\x10\x00\x00\x084HVAR/\
K\xe3\xe5\x00\x00\x10\x00\x00\x00\x05yOS/2`\
\xc6Gf\x00\x00\x02$\x00\x00\x00`STAT\x80\
wuG\x00\x00\x02\x84\x00\x00\x00~cmap\xdc\
\x8ds\xff\x00\x00\x07\x08\x00\x00\x04Lfvar\x8f\
\xcci\x92\x00\x00\x01\xc8\x00\x00\x00\x5cgasp\x00\
\x00\x00\x10\x00\x00\x01D\x00\x00\x00\x08glyf\x90\
T\xd0\x97\x00\x00;<\x00\x00f4gvari\
\x8b:\xc2\x00\x01\x1ax\x00\x00\x94\x16head\x19\
\xa4\xc3\xb0\x00\x00\x01\x90\x00\x00\x006hhea\x08\
N\x04\x97\x00\x00\x01l\x00\x00\x00$hmtxR\
yey\x00\x00\x1c\x10\x00\x00\x08\x00loca\x05\
\x19\xea\x9a\x00\x00\x03\x04\x00\x00\x04\x02maxp\x02\
\x12\x00\xb8\x00\x00\x01L\x00\x00\x00 name~\
A\xadV\x00\x00\x0bT\x00\x00\x04\xaapost\xc2\
\xdd\x18\xbb\x00\x00,D\x00\x00\x0e\xf5preph\
\x06\x8c\x85\x00\x00\x01<\x00\x00\x00\x07\xb8\x01\xff\x85\xb0\
\x04\x8d\x00\x00\x01\x00\x01\xff\xff\x00\x0f\x00\x01\x00\x00\x02\
\x00\x00d\x00\x07\x00Q\x00\x07\x00\x01\x00\x00\x00\x00\x00\
\x00\x00\x00\x00\x00\x00\x00\x00\x03\x00\x02\x00\x01\x00\x00\x03\
\xca\xfe\xde\x00\x00\x05.\xff\x8d\xfe\x8a\x04\xf4\x00\x01\x00\
\x00\x00\x00\x00\x00\x00\x00\x00\x00\x00\x00\x00\x00\x02\x00\x00\
\x01\x00\x00\x00\x02\x00\x00\xa7*?\x95_\x0f<\xf5\x00\
\x03\x03\xe8\x00\x00\x00\x00\xdb\x04gw\x00\x00\x00\x00\xdb\
\x07\x17\xd6\xff\x8d\xfe\xe4\x04\xf4\x04\x9c\x00\x00\x00\x06\x00\
\x02\x00\x00\x00\x00\x00\x00\x00\x01\x00\x00\x00\x10\x00\x02\x00\
\x01\x00\x14\x00\x07\x00\x08wght\x00d\x00\x00\x01\
\x90\x00\x00\x03 \x00\x00\x00\x00\x01\x00\x01\x01\x00\x00\x00\
d\x00\x00\x01\x02\x00\x00\x00\xc8\x00\x00\x01\x03\x00\x00\x01\
,\x00\x00\x01\x04\x00\x00\x01\x90\x00\x00\x01\x05\x00\x00\x02\
X\x00\x00\x01\x06\x00\x00\x02\xbc\x00\x00\x01\x07\x00\x00\x03\
 \x00\x00\x00\x04\x02N\x01\x90\x00\x05\x00\x00\x02\x8a\x02\
X\x00\x00\x00K\x02\x8a\x02X\x00\x00\x01^\x002\x01\
@\x00\x00\x00\x00\x00\x00\x00\x00\x00\x00\x00\x00\xa0\x00\x00\
oP\x00\x00K\x00\x01\x00\x00\x00\x00\x00\x00NON\
E\x00\xc0\x00\x00\xfb\x02\x03\xca\xfe\xde\x00\x00\x04\xc4\x01\
@\x00\x00\x00\x93\x00\x00\x00\x00\x02\x16\x02\xda\x00\x00\x00\
 \x00\x03\x00\x01\x00\x01\x00\x08\x00\x01\x00\x00\x00\x14\x00\
\x07\x00\x00\x00\x1c\x00\x02wght\x01\x00\x00\x00\x00\
\x0e\x00\x1a\x00&\x002\x00>\x00J\x00V\x00\x01\x00\
\x00\x00\x00\x01\x01\x00d\x00\x00\x00\x01\x00\x00\x00\x00\x01\
\x02\x00\xc8\x00\x00\x00\x01\x00\x00\x00\x00\x01\x03\x01,\x00\
\x00\x00\x01\x00\x00\x00\x02\x01\x04\x01\x90\x00\x00\x00\x01\x00\
\x00\x00\x00\x01\x05\x02X\x00\x00\x00\x01\x00\x00\x00\x00\x01\
\x06\x02\xbc\x00\x00\x00\x01\x00\x00\x00\x00\x01\x07\x03 \x00\
\x00\x00\x00\x00\x00\x00?\x00?\x00]\x00\x8f\x00\x9b\x00\
\xa7\x00\xb3\x00\xbf\x00\xcb\x00\xd7\x00\xe3\x00\xef\x00\xff\x01\
\x0b\x01J\x01\x81\x01\x8d\x01\x99\x01\xa5\x01\xb1\x01\xbd\x01\
\xea\x01\xf6\x01\xfe\x02\x1e\x02*\x026\x02B\x02N\x02\
Z\x02f\x02r\x02~\x02\xa8\x02\xb4\x02\xbf\x02\xcb\x02\
\xe5\x03%\x031\x03=\x03I\x03U\x03\xdd\x03\xf7\x04\
\x18\x04$\x04>\x04I\x04U\x04`\x04k\x04v\x04\
\x81\x04\x8c\x04\x97\x04\xa2\x04\xae\x04\xb9\x04\xc4\x04\xcf\x04\
\xda\x04\xe5\x04\xf0\x04\xfb\x05\x06\x05-\x05M\x05Y\x05\
e\x05\x82\x05\x8e\x05\xa0\x05\xab\x05\xb7\x05\xc3\x05\xe3\x06\
\x01\x06\x1c\x06\x1c\x06(\x064\x06@\x06L\x06\x88\x06\
\xd7\x06\xe3\x06\xef\x06\xfb\x07\x07\x07\x13\x07\x1f\x07+\x07\
o\x07{\x07\xa4\x07\xcf\x08\x1b\x08`\x08\x91\x08\xbf\x08\
\xcb\x08\xd7\x08\xe3\x08\xef\x08\xfb\x09\x07\x09M\x09Y\x09\
e\x09q\x09}\x09\x89\x09\x9c\x09\xb7\x09\xc2\x09\xce\x09\
\xda\x0a\x03\x0a'\x0a3\x0a?\x0aK\x0aW\x0ac\x0a\
o\x0a{\x0a\x87\x0a\x93\x0a\x9f\x0a\xb6\x0a\xdd\x0a\xe9\x0a\
\xf5\x0b\x01\x0b\x0d\x0b.\x0bL\x0bX\x0bd\x0bp\x0b\
|\x0b\x9b\x0b\xa7\x0b\xb3\x0b\xbf\x0c\x02\x0c\x0e\x0c\x19\x0c\
$\x0c,\x0c9\x0cF\x0cQ\x0c\xbf\x0c\xcb\x0c\xd7\x0d\
)\x0d5\x0dA\x0dU\x0d~\x0d\xac\x0e'\x0e2\x0e\
q\x0e\x7f\x0e\x8c\x0e\xbd\x0e\xee\x0e\xf9\x0f\x04\x0f\x1c\x0f\
4\x0f?\x0fJ\x0fd\x0f\x81\x0f\x95\x0f\xa1\x0f\xd6\x0f\
\xe2\x0f\xf4\x10\x01\x10\x13\x10\x1f\x10+\x107\x10C\x10\
K\x10p\x10\x95\x10\xd4\x11\x13\x11\x1b\x11-\x11?\x11\
K\x11Y\x11c\x11\x87\x11\xac\x12\x0b\x12]\x12\xaf\x12\
\xee\x13\x08\x13.\x13:\x13F\x13r\x13z\x13\x86\x13\
\x92\x13\xab\x13\xc4\x13\xd2\x14!\x14p\x14\x86\x14\x9c\x14\
\xd6\x14\xe2\x14\xee\x14\xfa\x15\x06\x15\x12\x15\x1e\x15*\x15\
\x83\x15\x8c\x15\xd6\x16/\x16?\x16K\x16W\x16d\x16\
p\x16}\x16\xb0\x16\xbc\x16\xcf\x16\xe2\x176\x17B\x17\
{\x17\xb4\x17\xc6\x17\xd1\x17\xdc\x17\xf8\x18\x19\x18D\x18\
z\x18\xc1\x19\x12\x19c\x19\xbf\x19\xf6\x1a=\x1a\x7f\x1a\
\xc6\x1a\xfe\x1b;\x1bw\x1b\x80\x1b\xb5\x1b\xf2\x1c\x1b\x1c\
M\x1ch\x1cq\x1c\x8a\x1c\xa5\x1c\xae\x1c\xbd\x1d\x0e\x1d\
\x1a\x1d&\x1d2\x1d>\x1d\x8e\x1d\x96\x1d\xa3\x1d\xb0\x1d\
\xc9\x1d\xe9\x1d\xf5\x1e\x01\x1e\x0b\x1e\x15\x1e'\x1e9\x1e\
C\x1eM\x1ep\x1e|\x1e\x8f\x1e\xa2\x1e\xae\x1e\xbb\x1e\
\xdd\x1e\xe8\x1e\xf3\x1e\xfe\x1f\x09\x1f\x14\x1f&\x1f1\x1f\
<\x1fG\x1fR\x1f\x7f\x1f\x8a\x1f\xa7\x1f\xc2\x1f\xce\x1f\
\xe0\x1f\xf7 \x02 \x0d \x19 % 0 ; \
E e v \x95 \xb9 \xf4 \xfc!\x08!\
\x14!N![!h!v!\x8e!\xa6!\xc9!\
\xd5!\xd5!\xe1!\xed!\xf7\x22\x00\x22>\x22H\x22\
T\x22u\x22\xad\x22\xb9\x22\xc5\x22\xd1\x22\xdd#E#\
h#\x8c#\x98#\xa4#\xb0#\xc0#\xc9#\xd9#\
\xf0$\x00$\x10$\x19$Z$\x8e$\xce$\xda%\
\x19%:%Y%x%\x83%\x8e%\xec%\xf7&\
\x00&\x09&\x8e&\xa1&\xb5&\xcf'\x0f'A'\
K'U'a'j't'\x80'\x8a'\xb3'\
\xbc'\xc9'\xe1'\xfb(\x07(\x13(\x1e()(\
4(?(\x99(\xf1)J)R)x)\x9e)\
\xdc)\xe8)\xf3)\xff*\x0a*\x16*\x22*\x92*\
\x9e*\xb8*\xc1*\xda*\xf4+\x0e+(+p+\
y+\xb8+\xff,\x0d,\x19,>,c,c,\
\x95,\xc7,\xd4,\xe0,\xff-'-2-=-\
I-U-`-l-x-\x84-\xc4-\xfe.\
\x07.:.t.\x84.\x8d.\x95.\xbc.\xe3/\
\x10/F/O/\x80/\xb6/\xbf/\xe30\x040\
\x100\x1c0(040@0L0X0d0\
p0|0\x880\x940\xa00\xac0\xb80\xc40\
\xd00\xdc0\xe80\xf41\x001\x191E1Q1\
]1i1u1\x931\xba1\xc61\xd11\xdc2\
\x07232?2]2i2t2\x802\xb02\
\xb92\xe63\x1a\x00\x00\x00\x00\x00\x02\x00\x00\x00\x03\x00\
\x00\x00\x14\x00\x03\x00\x01\x00\x00\x00\x14\x00\x04\x048\x00\
\x00\x00X\x00@\x00\x05\x00\x18\x00\x00\x00\x0d\x00~\x01\
#\x011\x017\x01>\x01H\x01~\x01\xfa\x02\x1b\x02\
7\x02\xc6\x02\xda\x02\xdc\x03\x04\x03\x08\x03\x0c\x03\x12\x03\
(\x036\x17\xdb\x1e\x85\x1e\x9e\x1e\xbd\x1e\xf3 \x14 \
\x1a \x1e \x22 & 0 3 : D \
t \xac!\x22\x22\x12\x22\x15\x22e\xe0\x00\xfb\x02\xff\
\xff\x00\x00\x00\x00\x00\x0d\x00 \x00\xa0\x01&\x014\x01\
9\x01A\x01J\x01\xfa\x02\x18\x027\x02\xc6\x02\xda\x02\
\xdc\x03\x00\x03\x06\x03\x0a\x03\x12\x03&\x035\x17\xdb\x1e\
\x80\x1e\x9e\x1e\xbc\x1e\xf2 \x13 \x18 \x1c   \
& 0 2 9 D t \xac!\x22\x22\
\x12\x22\x15\x22d\xe0\x00\xfb\x01\xff\xff\x00O\xff\xf4\x00\
\x00\x00\x00\x00\x00\x00\x00\x00\x00\x00\x00\x00\x00\xfe\x12\x00\
\x00\xff\x03\xfd\xfc\xfe\xc0\xfe\xee\x00\x00\x00\x00\x00\x00\xfd\
\xb7\x00\x00\x00\x00\xe9\xbd\x00\x00\xe1\x8d\x00\x00\x00\x00\x00\
\x00\xe1s\x00\x00\x00\x00\xe0\xc3\xe1O\x00\x00\x00\x00\xe0\
\xcf\xe0\x9e\xe0I\xe0\xab\xdf=\xde\xc3\x00\x00!\xb2\x00\
\x00\x00\x01\x00\x00\x00\x00\x00T\x01\x10\x02\x16\x02,\x02\
2\x02<\x02J\x00\x00\x02\xb0\x00\x00\x00\x00\x00\x00\x00\
\x00\x02\xae\x02\xb6\x02\xba\x00\x00\x02\xbc\x02\xc0\x00\x00\x02\
\xc0\x00\x00\x02\xc8\x02\xca\x02\xcc\x00\x00\x02\xcc\x02\xd0\x00\
\x00\x00\x00\x02\xd0\x02\xd2\x00\x00\x00\x00\x00\x00\x00\x00\x00\
\x00\x00\x00\x02\xc8\x00\x00\x02\xc8\x00\x00\x01\xb4\x00\xf7\x01\
\x87\x01^\x00\xd9\x01{\x00\x9d\x01\x8e\x01w\x01y\x00\
\xa2\x01\x80\x00\xc6\x01+\x01|\x01\xb0\x01\xfc\x01j\x01\
\xce\x01\xc4\x01\x0e\x01\x08\x01\xac\x01\xa6\x00\xe5\x01Y\x00\
\xc5\x01\xa5\x01E\x00\xf1\x01\x1d\x01\x84\x00\xa3\x00\x02\x00\
\x0e\x00\x0f\x00\x15\x00\x18\x00%\x00&\x00,\x00.\x00\
B\x00F\x00H\x00M\x00N\x00T\x00_\x00a\x00\
c\x00k\x00q\x00w\x00\x82\x00\x83\x00\x88\x00\x89\x00\
\x8e\x00\xac\x00\xa6\x00\xae\x00\xa0\x01\xe3\x01\x1a\x00\x92\x00\
\xa5\x00\xb4\x00\xcd\x00\xdd\x00\xfa\x01\x14\x01'\x01-\x01\
8\x01;\x01=\x01J\x01T\x01_\x01u\x01\x83\x01\
\x8f\x01\x9d\x01\xb9\x01\xd3\x01\xea\x01\xeb\x01\xf0\x01\xf1\x01\
\xf8\x00\xa8\x00\xa7\x00\xaa\x00\xa1\x01V\x00\xf8\x00\xc0\x01\
\xb5\x00\xcb\x01\xf5\x00\xb2\x01\xa4\x00\xd3\x00\xca\x01q\x01\
\x1f\x01G\x01\xb1\x01\x97\x01K\x00\xd2\x01\x82\x01\xd2\x01\
\xc9\x00\x96\x01N\x01v\x01}\x00\xbd\x01p\x01r\x01\
!\x01o\x01n\x01\xc8\x01\x85\x00\x08\x00\x04\x00\x06\x00\
\x0d\x00\x07\x00\x0b\x00\x03\x00\x12\x00\x1f\x00\x19\x00\x1c\x00\
\x1d\x00:\x000\x004\x006\x00#\x00S\x00Z\x00\
V\x00X\x00^\x00Y\x01R\x00]\x00|\x00x\x00\
z\x00{\x00\x8a\x00v\x01\x19\x00\x9b\x00\x93\x00\x95\x00\
\xa4\x00\x99\x00\x9f\x00\x9a\x00\xba\x00\xe4\x00\xde\x00\xe1\x00\
\xe2\x014\x01.\x010\x011\x00\xf3\x01]\x01g\x01\
`\x01b\x01t\x01c\x00\xd6\x01s\x01\xdd\x01\xd5\x01\
\xd9\x01\xdb\x01\xf2\x01\xc3\x01\xf4\x00\x09\x00\x9c\x00\x05\x00\
\x94\x00\x0a\x00\x9e\x00\x10\x00\xb5\x00\x13\x00\xbb\x00\x14\x00\
\xbc\x00\x11\x00\xb9\x00\x16\x00\xd0\x00\x17\x00\xd1\x00 \x00\
\xea\x00\x1a\x00\xdf\x00\x1e\x00\xe3\x00\x22\x00\xf0\x00\x1b\x00\
\xe0\x00(\x01\x16\x00'\x01\x15\x00*\x01\x18\x00)\x01\
\x17\x00-\x01(\x00@\x017\x00<\x015\x002\x01\
/\x00>\x016\x008\x013\x00D\x019\x00G\x01\
<\x00I\x01?\x00K\x01C\x00J\x01A\x00L\x01\
H\x00P\x01U\x00R\x01X\x00Q\x01W\x00!\x00\
\xef\x00\x5c\x01i\x00W\x01a\x00[\x01h\x00U\x01\
d\x00e\x01\x91\x00i\x01\x95\x00g\x01\x93\x00l\x01\
\x9e\x00o\x01\xa1\x00n\x01\xa0\x00m\x01\x9f\x00t\x01\
\xbf\x00s\x01\xbd\x00r\x01\xbb\x00\x81\x01\xe8\x00~\x01\
\xe1\x00y\x01\xd7\x00\x80\x01\xe6\x00}\x01\xdf\x00\x7f\x01\
\xe4\x00\x85\x01\xed\x00\x8b\x01\xf3\x00\x8c\x00\x8f\x01\xf9\x00\
\x91\x01\xfb\x00\x90\x01\xfa\x00p\x01\xa2\x00u\x01\xc1\x01\
\x1b\x00\x97\x00\xc3\x01\xcb\x01L\x00\xb0\x00\xdb\x00\xd4\x01\
\x9b\x01)\x00\xb6\x00\xc7\x00\xbe\x01e\x01\xb8\x01\xb7\x00\
\x87\x01\xef\x00\x84\x01\xec\x00\x86\x01\xee\x00$\x00\xf4\x00\
\x8d\x01\xf7\x00\xed\x00\xeb\x01\x89\x01\x8a\x01\x88\x00\xce\x00\
\xcf\x00\xb3\x01Q\x01\xa3\x01#\x01%\x01F\x01\x1e\x01\
\x06\x01\x0c\x00\x00\x00\x15\x01\x02\x00\x03\x00\x01\x04\x09\x00\
\x00\x00\x9e\x03\x0a\x00\x03\x00\x01\x04\x09\x00\x01\x00\x08\x03\
\x02\x00\x03\x00\x01\x04\x09\x00\x02\x00\x0e\x02\xf4\x00\x03\x00\
\x01\x04\x09\x00\x03\x00.\x02\xc6\x00\x03\x00\x01\x04\x09\x00\
\x04\x00\x18\x02\xae\x00\x03\x00\x01\x04\x09\x00\x05\x00\x1a\x02\
\x94\x00\x03\x00\x01\x04\x09\x00\x06\x00\x18\x02|\x00\x03\x00\
\x01\x04\x09\x00\x08\x00\x1e\x02^\x00\x03\x00\x01\x04\x09\x00\
\x09\x00D\x02\x1a\x00\x03\x00\x01\x04\x09\x00\x0b\x006\x01\
\xe4\x00\x03\x00\x01\x04\x09\x00\x0c\x000\x01\xb4\x00\x03\x00\
\x01\x04\x09\x00\x0d\x01\x22\x00\x92\x00\x03\x00\x01\x04\x09\x00\
\x0e\x006\x00\x5c\x00\x03\x00\x01\x04\x09\x01\x00\x00\x0c\x00\
P\x00\x03\x00\x01\x04\x09\x01\x01\x00\x08\x00H\x00\x03\x00\
\x01\x04\x09\x01\x02\x00\x14\x004\x00\x03\x00\x01\x04\x09\x01\
\x03\x00\x0a\x00*\x00\x03\x00\x01\x04\x09\x01\x04\x00\x0e\x02\
\xf4\x00\x03\x00\x01\x04\x09\x01\x05\x00\x10\x00\x1a\x00\x03\x00\
\x01\x04\x09\x01\x06\x00\x08\x00\x12\x00\x03\x00\x01\x04\x09\x01\
\x07\x00\x12\x00\x00\x00E\x00x\x00t\x00r\x00a\x00\
B\x00o\x00l\x00d\x00B\x00o\x00l\x00d\x00\
S\x00e\x00m\x00i\x00B\x00o\x00l\x00d\x00\
L\x00i\x00g\x00h\x00t\x00E\x00x\x00t\x00\
r\x00a\x00L\x00i\x00g\x00h\x00t\x00T\x00\
h\x00i\x00n\x00W\x00e\x00i\x00g\x00h\x00\
t\x00h\x00t\x00t\x00p\x00s\x00:\x00/\x00\
/\x00s\x00c\x00r\x00i\x00p\x00t\x00s\x00\
.\x00s\x00i\x00l\x00.\x00o\x00r\x00g\x00\
/\x00O\x00F\x00L\x00T\x00h\x00i\x00s\x00\
 \x00F\x00o\x00n\x00t\x00 \x00S\x00o\x00\
f\x00t\x00w\x00a\x00r\x00e\x00 \x00i\x00\
s\x00 \x00l\x00i\x00c\x00e\x00n\x00s\x00\
e\x00d\x00 \x00u\x00n\x00d\x00e\x00r\x00\
 \x00t\x00h\x00e\x00 \x00S\x00I\x00L\x00\
 \x00O\x00p\x00e\x00n\x00 \x00F\x00o\x00\
n\x00t\x00 \x00L\x00i\x00c\x00e\x00n\x00\
s\x00e\x00,\x00 \x00V\x00e\x00r\x00s\x00\
i\x00o\x00n\x00 \x001\x00.\x001\x00.\x00\
 \x00T\x00h\x00i\x00s\x00 \x00l\x00i\x00\
c\x00e\x00n\x00s\x00e\x00 \x00i\x00s\x00\
 \x00a\x00v\x00a\x00i\x00l\x00a\x00b\x00\
l\x00e\x00 \x00w\x00i\x00t\x00h\x00 \x00\
a\x00 \x00F\x00A\x00Q\x00 \x00a\x00t\x00\
:\x00 \x00h\x00t\x00t\x00p\x00s\x00:\x00\
/\x00/\x00s\x00c\x00r\x00i\x00p\x00t\x00\
s\x00.\x00s\x00i\x00l\x00.\x00o\x00r\x00\
g\x00/\x00O\x00F\x00L\x00h\x00t\x00t\x00\
p\x00:\x00/\x00/\x00w\x00w\x00w\x00.\x00\
b\x00a\x00r\x00n\x00b\x00r\x00o\x00o\x00\
k\x00.\x00n\x00e\x00t\x00h\x00t\x00t\x00\
p\x00s\x00:\x00/\x00/\x00f\x00o\x00n\x00\
t\x00s\x00.\x00b\x00a\x00r\x00n\x00b\x00\
r\x00o\x00o\x00k\x00.\x00n\x00e\x00t\x00\
J\x00o\x00n\x00a\x00t\x00h\x00a\x00n\x00\
 \x00B\x00a\x00r\x00n\x00b\x00r\x00o\x00\
o\x00k\x00,\x00 \x00J\x00u\x00l\x00i\x00\
\xe1\x00n\x00 \x00M\x00o\x00n\x00c\x00a\x00\
d\x00a\x00B\x00a\x00r\x00n\x00b\x00r\x00\
o\x00o\x00k\x00 \x00F\x00o\x00n\x00t\x00\
s\x00S\x00o\x00r\x00a\x00-\x00R\x00e\x00\
g\x00u\x00l\x00a\x00r\x00V\x00e\x00r\x00\
s\x00i\x00o\x00n\x00 \x002\x00.\x000\x00\
0\x000\x00S\x00o\x00r\x00a\x00 \x00R\x00\
e\x00g\x00u\x00l\x00a\x00r\x002\x00.\x00\
0\x000\x000\x00;\x00N\x00O\x00N\x00E\x00\
;\x00S\x00o\x00r\x00a\x00-\x00R\x00e\x00\
g\x00u\x00l\x00a\x00r\x00R\x00e\x00g\x00\
u\x00l\x00a\x00r\x00S\x00o\x00r\x00a\x00\
C\x00o\x00p\x00y\x00r\x00i\x00g\x00h\x00\
t\x00 \x002\x000\x001\x009\x00 \x00T\x00\
h\x00e\x00 \x00S\x00o\x00r\x00a\x00 \x00\
P\x00r\x00o\x00j\x00e\x00c\x00t\x00 \x00\
A\x00u\x00t\x00h\x00o\x00r\x00s\x00 \x00\
(\x00h\x00t\x00t\x00p\x00s\x00:\x00/\x00\
/\x00g\x00i\x00t\x00h\x00u\x00b\x00.\x00\
c\x00o\x00m\x00/\x00s\x00o\x00r\x00a\x00\
-\x00x\x00o\x00r\x00/\x00s\x00o\x00r\x00\
a\x00-\x00f\x00o\x00n\x00t\x00)\x00\x00\x00\
\x01\x00\x00\x00\x00\x04\x18\x00\x00\x00\x14\x00\x00\x00\x00\x00\
\x00\x00\x00\x00\x17\x02\x00\x01\x02\x02\x01\x01I\x01l\x01\
I\x01I\x01I\x01I\x01I\x01I\x01I\x01I\x01\
I\x01I\x01K\x01w\x01w\x01w\x01w\x01w\x01\
w\x01\x83\x01\x83\x01\x83\x01~\x01~\x01~\x01~\x01\
~\x01~\x01~\x01~\x01~\x019\x01~\x01\x83\x01\
~\x02\x01\x02\x02\x02\x02\x02\x02\x02\x02\x02\x02\x01\x87\x01\
{\x01{\x01T\x01u\x01T\x01u\x01T\x01u\x01\
T\x01u\x01T\x01u\x01T\x01u\x01T\x01u\x01\
T\x01u\x01T\x01u\x01T\x01u\x01p\x01j\x01\
p\x01j\x01\x0a\x01\x0a\x01`\x01`\x01`\x01`\x01\
`\x01\x18\x019\x02\x01\x019\x019\x019\x019\x01\
|\x01\x82\x01|\x01|\x01|\x01|\x01|\x01|\x01\
|\x01|\x01|\x012\x01\x1c\x01|\x01|\x01#\x01\
;\x01#\x01;\x01#\x01;\x01#\x01;\x01\x86\x01\
\x86\x01\x86\x01\x86\x01\x86\x01\x86\x01V\x01V\x01V\x01\
V\x01V\x013\x01\x85\x01\x85\x01\x85\x01\x85\x01\x85\x01\
\x85\x01\x85\x01\x85\x01\x85\x01\x85\x01\x85\x018\x01-\x01\
-\x01-\x01-\x01-\x01*\x01o\x01o\x01o\x01\
o\x01o\x01}\x01}\x01}\x01}\x01P\x01P\x01\
P\x01P\x02\x01\x02\x01\x02\x01\x01P\x01y\x01P\x01\
P\x01\x1f\x01P\x01P\x01?\x01\x0d\x01v\x01q\x01\
P\x01\x5c\x01\x09\x01s\x01L\x01L\x01L\x01L\x01\
L\x01L\x01L\x01L\x02\x01\x02\x01\x01s\x01x\x01\
q\x01q\x02\x01\x02\x01\x02\x01\x01q\x01q\x01q\x01\
q\x02\x01\x02\x01\x02\x01\x01z\x02\x01\x02\x01\x02\x01\x02\
\x01\x01e\x01e\x02\x01\x02\x01\x02\x01\x01\x81\x01=\x02\
\x01\x01\x5c\x01\x17\x01\x17\x01\x5c\x01\x5c\x01\x0c\x02\x01\x02\
\x01\x02\x01\x01r\x02\x01\x01\x03\x01\x7f\x02\x01\x02\x01\x02\
\x01\x01m\x01m\x01m\x01m\x01m\x01m\x01m\x01\
m\x01E\x016\x016\x02\x01\x01\x0e\x01m\x01R\x01\
R\x01R\x01R\x01_\x01m\x00\x04\x02\x01\x017\x01\
m\x01_\x02\x01\x01\x1e\x01\x1e\x01\x1e\x01h\x01U\x01\
B\x01'\x01 \x01\x06\x010\x01\x13\x01\x12\x01\x05\x01\
X\x01,\x01:\x01\x19\x01Q\x01F\x01F\x02\x01\x01\
\x22\x01\x15\x01.\x011\x011\x02\x01\x011\x014\x01\
i\x01i\x01i\x01i\x01i\x01%\x02\x01\x02\x01\x02\
\x01\x01k\x01k\x02\x00\x02\x00\x02\x00\x02\x00\x01\x1a\x01\
\x1a\x01\x1a\x01\x1a\x01_\x01_\x02\x01\x02\x01\x01o\x01\
o\x017\x017\x017\x017\x017\x017\x017\x01\
7\x017\x017\x017\x015\x015\x015\x01\x01\x01\
\x01\x01&\x01A\x01&\x01A\x01&\x01A\x01&\x01\
A\x01k\x00\x03\x01g\x01&\x01D\x01S\x02\x01\x02\
\x01\x02\x01\x01\x1b\x01r\x02\x01\x01t\x01r\x02\x01\x01\
_\x01_\x01\x84\x01_\x01_\x01]\x00\x00\x00\x00\x02\
\x01\x01_\x01+\x01H\x01H\x01H\x01H\x01H\x01\
\x84\x02\x01\x02\x01\x01H\x01H\x01H\x01d\x01b\x01\
b\x02\x01\x01\x08\x01\x00\x01b\x01<\x01N\x01H\x01\
H\x01\x5c\x01\x10\x01L\x01L\x01L\x01L\x01\x1d\x01\
e\x01e\x01e\x01\x0b\x01r\x02\x01\x00\x01\x01\x5c\x01\
e\x01e\x01e\x01\x0f\x01\x16\x01\x16\x01\x16\x01W\x01\
W\x01W\x01t\x01J\x01_\x01J\x01_\x01J\x01\
_\x01J\x01_\x02\x01\x01[\x02\x01\x02\x01\x02\x01\x02\
\x01\x01M\x01M\x01M\x01M\x01M\x01M\x01\x0f\x02\
\x03\x01e\x01>\x01/\x01/\x01(\x02\x01\x02\x01\x01\
]\x00\x00\x00\x00\x02\x01\x01\x09\x01\x80\x01`\x02\x01\x01\
\x84\x01Z\x02\x01\x02\x01\x02\x01\x01^\x00\x02\x01^\x00\
\x02\x01^\x00\x02\x01^\x00\x02\x01^\x00\x02\x01\x5c\x01\
a\x01O\x01O\x02\x01\x01\x04\x01O\x02\x01\x02\x01\x02\
\x01\x01\x14\x01f\x01Y\x01Y\x02\x01\x01Y\x01C\x01\
c\x01C\x01c\x01C\x01c\x01C\x01c\x01C\x01\
c\x01C\x01c\x01C\x01c\x01C\x01c\x01R\x01\
C\x01c\x01C\x01c\x01C\x01c\x01)\x01\x07\x01\
\x07\x01\x07\x01\x07\x01\x07\x01$\x01!\x01!\x01!\x01\
!\x01\x11\x02\x01\x01!\x01n\x01n\x01n\x01n\x01\
@\x01G\x01G\x02\x01\x00\x01\x00\x00\x01Q\x00\x03\x00\
\x00\x01D\x00\x00\x00*\x00\x00\x00\x14\x00\x04\x00\x01\x00\
\x02\x00\x01\x00\x00\x00\x90\x9c\x00\x00\x00\x00\x02\x00\x00\x12\
\x00\x00\x88\x00\x00\x00\x02\x00\x00\x00\x01\xb8*\xb9X\xbb\
\x0a\xbb3\xbc%\xbdW\xc0@\xc0b\xc1\x10\xc2T\xc3\
c\xc5?\xc6H\xca@\xcaB\xcaV\xcb\x09\xcc8\xcc\
:\xcd@\xce@\xd0<\xd0X\xd28\xd2D\xd4&\xd4\
6\xd5\x10\xd5;\xd66\xd8\x1c\xd89\xd8;\xd9\x1e\xda\
$\xda(\xda6\xdaG\xdc&\xdc8\xdd-\xdd2\xde\
\x22\xde(\xe0$\xe0%\xe0(\xe1\x09\xe1;\xe2\x0a\xe2\
$\xe2(\xe3\x03\xe3\x1d\xe4\x06\xe4\x22\xe4*\xe5$\xe5\
%\xe5'\xe5*\xe6\x16\xe6,\xe6<\xe7\x1a\xe7\x1e\xe8\
\x14\xe8\x16\xe8\x1e\xe9(\xea\x03\xea\x04\xea\x06\xea\x22\xec\
\x0e\xec\x10\xec\x16\xec\x1a\xec%\xed\x01\xed\x19\xed\x1c\xee\
\x12\xee\x14\xee\x18\xee\x1c\xee \xee\x22\xee$\xf0\xff\xf0\
\x10\xf0\x1e\xf1\x13\xf1%\xf2\x0a\xf2\x10\xf2\x12\xf2\x18\xf4\
\x02\xf4\x06\xf4\x0a\xf4\x0e\xf4\x12\xf4\x15\xf5\x04\xf5\x0f\xf5\
\x1a\xf6\x08\xf6\x0e\xf6\x10\xf6\x12\xf8\x06\xfa\x04\xfa\x07\xfa\
\x08\xfc\x02\xfc\x08\xfc\x0c\xfd\x04\xfd\x07\xfe\x04\xff\x03\x04\
\xfe\x06\xfa\x07\xff\x08\xf7\x08\xf8\x08\xfe\x08\xff\x0a\xf4\x0b\
\xf0\x0d\xf3\x10\xe8\x11\xee\x17\xe2*\xe0\x00\x05\x00\x00\x00\
\x01\x00\x00\xe5\xe6\xf4\xf6\xfa\x00\x01\x00\x02\xc0\x00\xc0\x00\
\x00\x00\x00\x00@\x00@\x00\x00\x00\x00\x00\x01\x00\x03\x05\
\x1a\x00\x00\x03\xc4\x00\x00\x03z\x00\x00\x00\x12\x00\x01\x00\
\x00\x03X\x00\x04\x00\x00\x03=\x00\x00\x03%\x00\x00\x00\
%\x00\x00\x00\x18\x00\x01\x00\x01\x00\x02\x00\x01\x00\x00\x00\
\xaa\x81\x01{\x00\x00\x00\x02\x00\x00\x00\x01\xba\x10\xc85\
\xd02\xd2)\xd3:\xd4\x17\xd4#\xd4$\xd5%\xd5+\
\xd6\x02\xd62\xd67\xd8\x1f\xd8%\xd8*\xd8-\xd9\x1e\
\xdb/\xdc$\xdc;\xdd&\xde\x18\xdf\x10\xdf%\xdf,\
\xdf0\xdf3\xdf6\xdf9\xe0\x0f\xe0'\xe0;\xe1\x13\
\xe1\x16\xe1(\xe1*\xe2\xd2\xe2\x1d\xe2\x1e\xe3\x1f\xe4\x05\
\xe4\x0e\xe4\x12\xe4\x17\xe4\x18\xe4&\xe5'\xe6\x0a\xe6\x0c\
\xe6\x17\xe6\x1e\xe6)\xe68\xe7\x14\xe7\x15\xe7\x17\xe7#\
\xe7$\xe7)\xe8\x17\xe8\x1e\xe8(\xe9\x0b\xe9\x14\xe9\x1a\
\xe9 \xea\x02\xea\x0a\xea\x0c\xea\x0d\xea\x0f\xea\x10\xea\x13\
\xea\x1a\xea\x1d\xea\x1e\xeb\x15\xeb\x19\xeb\x1c\xec\xf7\xec\x07\
\xec\x0a\xec\x0c\xec\x13\xec\x16\xec\x1a\xec\x1f\xed\x0b\xed\x12\
\xed\x1a\xed\x1b\xee\xef\xee\x0c\xee\x0f\xee\x11\xee\x12\xee\x1c\
\xef\x0f\xef\x11\xef\x12\xef\x14\xef\x15\xef\x18\xef\x1a\xefI\
\xf0\xfd\xf0\x05\xf0\x08\xf0\x09\xf0\x0b\xf0\x0f\xf0\x10\xf0\x11\
\xf0\x16\xf0+\xf1\x07\xf1\x0a\xf1\x0b\xf1\x13\xf2\xfc\xf2\x04\
\xf2\x0c\xf2\x0e\xf2\x0f\xf2\x12\xf2$\xf3\xef\xf3\xfb\xf3\x05\
\xf3\x09\xf3\x0b\xf3\x0e\xf3\x12\xf3\x14\xf3\x1c\xf4\xf1\xf4\xfe\
\xf4\x04\xf4\x0a\xf4\x10\xf4\x11\xf4\x12\xf4\x13\xf4\x14\xf5\xff\
\xf5\x03\xf5\x06\xf5\x11\xf6\xf2\xf6\xf8\xf6\xfc\xf6\x04\xf6\x08\
\xf6\x09\xf6\x0a\xf6\x0c\xf6\x0e\xf6\x11\xf6\x16\xf7\xf9\xf7\xff\
\xf7\x03\xf7\x08\xf7\x09\xf7\x0b\xf7\x0c\xf7\x0d\xf7\x0e\xf7\x10\
\xf7\x11\xf8\x02\xf8\x06\xf8\x08\xf8\x09\xf8\x0a\xf8\x0c\xf8\x0e\
\xf8\x12\xf8\x15\xf9\xff\xf9\x01\xf9\x04\xf9\x06\xf9\x07\xf9\x08\
\xf9\x09\xf9\x0a\xf9\x10\xf9\x18\xfa\xfc\xfa\x02\xfa\x03\xfa\x04\
\xfa\x06\xfa\x08\xfa\x09\xfa\x0a\xfa\x0c\xfa\x0f\xfa\x12\xfa\x19\
\xfb\xfb\xfb\x07\xfb\x08\xfb\x09\xfb\x12\xfc\xf1\xfc\xfa\xfc\xfb\
\xfc\x01\xfc\x02\xfc\x03\xfc\x04\xfc\x06\xfc\x07\xfc\x08\xfc\x09\
\xfc\x0a\xfc\x0b\xfd\xf3\xfd\xfb\xfd\x04\xfd\x05\xfd\x06\xfd\x07\
\xfd\x09\xfd\x0b\xfe\xe9\xfe\xf2\xfe\xf5\xfe\xfc\xfe\xfe\xfe\xff\
\xfe\x01\xfe\x02\xfe\x03\xfe\x04\xfe\x06\xfe\x07\xfe\x08\xfe\x09\
\xfe\x0c\xfe\x0e\xff\x02\xff\x03\xff\x04\x01\xed\x01\xee\x01\xfc\
\x01\xfe\x01\xff\x01\x03\x01\x06\x01*\x02\xf6\x02\xf8\x02\xfa\
\x02\xfc\x02\xfd\x02\xfe\x02\xff\x02\x0d\x02\x0e\x03\xfa\x03\xfc\
\x03\xfd\x03\xfe\x03\x01\x03\x22\x04\xf2\x04\xf4\x04\xf6\x04\xf8\
\x04\xfa\x04\xfb\x04\xfc\x04\xfe\x04\xff\x04\x02\x04\x04\x04\x0e\
\x05\xe6\x05\xf6\x05\xfb\x05\xfc\x05\xfe\x05\x08\x05\x0f\x06\xf2\
\x06\xf4\x06\xf6\x06\xf8\x06\xfa\x06\xfc\x06\xfe\x06\x01\x06\x05\
\x07\xf6\x07\xfb\x07\xfe\x07\x0d\x08\xea\x08\xf0\x08\xf2\x08\xf4\
\x08\xf6\x08\xf7\x08\xf8\x08\xfa\x08\xfc\x08\xfd\x08\xfe\x08\x0e\
\x08\x22\x08$\x09\xf4\x09\xfd\x09\x05\x09'\x0a\xec\x0a\xf4\
\x0a\xf5\x0a\xf6\x0a\xf8\x0a\xfa\x0a\xfb\x0a\xfc\x0a\xfe\x0a\x08\
\x0b\xe5\x0b\xf2\x0c\xee\x0c\xf0\x0c\xf2\x0c\xf4\x0c\xf6\x0c\xf8\
\x0c\xf9\x0c\xfa\x0c\xfc\x0c\xfe\x0d\xf5\x0e\xf0\x0e\xf8\x0e\xfa\
\x0e\x05\x0f\xf6\x0f\x05\x0f&\x10\xea\x10\xf0\x10\xf2\x10\xf4\
\x10\xfe\x11\xd7\x11\xe9\x12\xe9\x12\xec\x12\xf4\x12\xf5\x12\xfa\
\x12!\x14\xe8\x14\xf1\x16\xec\x16\xf0\x17\xe4\x18\xee\x18 \
\x19\xcd\x19\xdf\x19\x1c\x1a\xda\x1a\xdf\x1c\x02\x1f\x14#\x0c\
-\xbc\x00\x10\x00\x00\x00\x01\x00\x01\xf3\xf4\xf6\xf8\xf9\xfa\
\xfb\xfc\xfd\xfe\xff\x02\x04\x06\x08\x0a\x00\x13\x00\x00\x00\x01\
\x00\x00\xe0\xee\xf0\xf2\xf6\xf8\xf9\xfa\xfb\xfc\xfd\xfe\xff\x01\
\x02\x04\x06\x07\x08\x00\x01\x00\x02\xc0\x00\xc0\x00\x00\x00\x00\
\x00@\x00@\x00\x00\x01\x00\x02\x00\x00\x00>\x00\x00\x00\
\x0c\x00\x01\x00\x17\x00\x97\x00\x98\x00\xb0\x00\xb1\x00\xb6\x00\
\xb8\x00\xc3\x00\xc4\x00\xc9\x00\xd4\x00\xd5\x00\xdb\x00\xdc\x01\
\x1b\x01\x1c\x01)\x01*\x01L\x01M\x01\x9b\x01\x9c\x01\
\xcb\x01\xcc\x00\x01\x00\x04\x00\xbe\x00\xbf\x00\xc7\x00\xc8\x00\
 \x00\x0e\x01F\x016\x01\x18\x00\xfa\x00\xdc\x00\xc4\x00\
\xa6\x00\x88\x00\x80\x00p\x00`\x00P\x00@\x000\x00\
\x02\x00\x02\x00\xfc\x01\x07\x00\x00\x01\x0c\x01\x0d\x00\x0c\x00\
\x01\x00\x04\x00\x03\x01O\x00\x06\x00\x02\x00=\x80\x00\x00\
\x01\x00\x04\x00\x03\x01H\x00\x06\x00\x02\x00Y\x80\x00\x00\
\x01\x00\x04\x00\x03\x01K\x00\x06\x00\x02\x00I\x80\x00\x00\
\x01\x00\x04\x00\x03\x01L\x00\x06\x00\x02\x00}\x80\x00\x00\
\x01\x00\x04\x00\x03\x01Q\x00\x06\x00\x02\x00R\x80\x00\x00\
\x01\x00\x04\x00\x01\x01Y\x00\x02\x00\x12\x00\x06\x00\x03\x02\
\xa9\x00\x06\x00\x02\x00\x04\x80\x00\x00\x03\x01T\x00\x06\x00\
\x02\x00K\x80\x00\x00\x02\x00\x12\x00\x06\x00\x03\x02\x9b\x00\
\x06\x00\x02\x00\x15\x80\x00\x00\x03\x01M\x00\x06\x00\x02\x00\
e\x80\x00\x00\x02\x00\x0c\x00\x06\x00\x03\x02\x8d\x00\x0c\x00\
\x03\x01Q\x00\x06\x00\x02\x00'\x80\x00\x00\x02\x00\x12\x00\
\x06\x00\x03\x02\xb2\x00\x06\x00\x02\x00\x9b\x80\x00\x00\x03\x01\
O\x00\x06\x00\x01\x00\x0f\x80\x00\x00\x02\x00\x12\x00\x06\x00\
\x03\x02\xa4\x00\x06\x00\x02\x00\x09\x80\x00\x00\x03\x01R\x00\
\x06\x00\x02\x00M\x80\x00\x00\x02\x00\x12\x00\x06\x00\x03\x02\
\x9f\x00\x06\x00\x02\x00/\x80\x00\x00\x03\x01O\x00\x06\x00\
\x02\x00\x86\x80\x00\x00\x01\x00\x04\x00\x03\x01V\x00\x06\x00\
\x02\x00a\x80\x00\x00\x01\x00\x04\x00\x03\x01K\x00\x06\x00\
\x02\x00D\x80\x00\x00\x02\x00>\x00\x02\x00\x02\x00\x01\x00\
\x04\x00\x0d\x00\x01\x00\x0f\x00 \x00\x01\x00\x22\x00$\x00\
\x01\x00&\x00*\x00\x01\x00,\x00L\x00\x01\x00N\x00\
N\x00\x01\x00P\x00T\x00\x01\x00V\x00^\x00\x01\x00\
a\x00u\x00\x01\x00w\x00\x81\x00\x01\x00\x83\x00\x87\x00\
\x01\x00\x89\x00\x95\x00\x01\x00\x97\x00\x98\x00\x03\x00\x99\x00\
\x99\x00\x01\x00\x9b\x00\x9c\x00\x01\x00\x9e\x00\x9f\x00\x01\x00\
\xa4\x00\xa4\x00\x01\x00\xb0\x00\xb1\x00\x03\x00\xb4\x00\xb5\x00\
\x01\x00\xb6\x00\xb6\x00\x03\x00\xb8\x00\xb8\x00\x03\x00\xb9\x00\
\xbc\x00\x01\x00\xbe\x00\xbf\x00\x03\x00\xc3\x00\xc4\x00\x03\x00\
\xc7\x00\xc9\x00\x03\x00\xcd\x00\xcd\x00\x01\x00\xd0\x00\xd1\x00\
\x01\x00\xd4\x00\xd5\x00\x03\x00\xdb\x00\xdc\x00\x03\x00\xdd\x00\
\xe4\x00\x01\x00\xea\x00\xea\x00\x01\x00\xef\x00\xf0\x00\x01\x00\
\xf4\x00\xf4\x00\x01\x00\xfc\x01\x07\x00\x02\x01\x0c\x01\x0d\x00\
\x02\x01\x14\x01\x18\x00\x01\x01\x1b\x01\x1c\x00\x03\x01'\x01\
(\x00\x01\x01)\x01*\x00\x03\x01-\x017\x00\x01\x01\
9\x01D\x00\x01\x01H\x01I\x00\x01\x01L\x01M\x00\
\x03\x01T\x01U\x00\x01\x01W\x01X\x00\x01\x01]\x01\
]\x00\x01\x01_\x01c\x00\x01\x01e\x01f\x00\x03\x01\
g\x01i\x00\x01\x01s\x01t\x00\x01\x01\x8f\x01\x96\x00\
\x01\x01\x9b\x01\x9c\x00\x03\x01\x9d\x01\xa2\x00\x01\x01\xb7\x01\
\xb8\x00\x03\x01\xb9\x01\xc2\x00\x01\x01\xcb\x01\xcc\x00\x03\x01\
\xd3\x01\xe2\x00\x01\x01\xe4\x01\xe9\x00\x01\x01\xeb\x01\xef\x00\
\x01\x01\xf1\x01\xf4\x00\x01\x01\xf7\x01\xfb\x00\x01\x00\x00\x03\
[\x00Z\x02X\x00\x00\x02\xf4\x00\x1c\x03\xcc\x00\x0c\x02\
\xf4\x00\x1c\x02\xf4\x00\x1c\x02\xf4\x00\x1c\x02\xf4\x00\x1c\x02\
\xf4\x00\x1c\x02\xf4\x00\x1c\x02\xf4\x00\x1c\x02\xf4\x00\x1c\x02\
\xf4\x00\x1c\x02\xf4\x00\x1c\x02\xa8\x00j\x03\x1b\x008\x03\
\x1b\x008\x03\x1b\x008\x03\x1b\x008\x03\x1b\x008\x03\
\x1b\x008\x03\x17\x00j\x03\x17\x00j\x03\x17\x00\x16\x02\
X\x00j\x02X\x00j\x02X\x00j\x02X\x00j\x02\
X\x00j\x02X\x00j\x02X\x00j\x02X\x00j\x02\
X\x00j\x03Q\x00j\x02X\x00j\x03\x17\x00\x16\x02\
X\x00j\x020\x00j\x03?\x008\x03?\x008\x03\
?\x008\x03?\x008\x03?\x008\x05.\x008\x03\
$\x00j\x03$\x00*\x01:\x00l\x01\xc0\x00X\x01\
:\x00c\x01\xc0\x00X\x01:\xff\xf7\x01\xc0\x00:\x01\
:\xff\xe4\x01\xc0\x00'\x01:\xff\xf2\x01\xc0\x005\x01\
:\x00\x5c\x01\xc0\x00X\x01:\xff\xdd\x01\xc0\x00 \x01\
:\xff\xf7\x01\xc0\x00:\x01:\x00\x22\x01\xc0\x00X\x01\
:\xff\xf3\x01\xc0\x006\x02\x80\x00&\x02J\x006\x02\
\x80\x00&\x02J\x006\x02\xa6\x00j\x02\xa6\x00j\x02\
 \x00j\x02 \x00a\x02 \x00j\x02 \x00j\x02\
 \x00\x1e\x03\x98\x00j\x03Q\x00j\x02X\x00\x00\x03\
Q\x00j\x03Q\x00j\x03Q\x00j\x03Q\x00j\x03\
a\x008\x04!\x008\x03a\x008\x03a\x008\x03\
a\x008\x03a\x008\x03a\x008\x03a\x008\x03\
a\x008\x03a\x008\x03a\x008\x02\x80\x00j\x02\
\x8c\x00j\x03a\x008\x03a\x008\x02\xbc\x00j\x02\
\xc6\x00j\x02\xbc\x00j\x02\xc6\x00j\x02\xbc\x00j\x02\
\xc6\x00j\x02\xbc\x00j\x02\xc6\x00j\x02\xb1\x008\x02\
\xb1\x008\x02\xb1\x008\x02\xb1\x008\x02\xb1\x008\x02\
\xb1\x008\x02R\x00\x1a\x02R\x00\x1a\x02R\x00\x1a\x02\
R\x00\x1a\x02R\x00\x1a\x02n\x00j\x03\x15\x00\x5c\x03\
\x15\x00\x5c\x03\x15\x00\x5c\x03\x15\x00\x5c\x03\x15\x00\x5c\x03\
\x15\x00\x5c\x03\x15\x00\x5c\x03\x15\x00\x5c\x03\x15\x00\x5c\x03\
\x15\x00\x5c\x03\x15\x00\x5c\x02\xc4\x00\x16\x04\x13\x00\x1e\x04\
\x13\x00\x1e\x04\x13\x00\x1e\x04\x13\x00\x1e\x04\x13\x00\x1e\x02\
\xb8\x00\x10\x02\x8c\x00\x10\x02\x8c\x00\x10\x02\x8c\x00\x10\x02\
\x8c\x00\x10\x02\x8c\x00\x10\x02\x8e\x00>\x02\x8e\x00>\x02\
\x8e\x00>\x02\x8e\x00>\x02?\x00.\x02?\x00.\x02\
?\x00.\x02?\x00.\x01,\x00\x00\x00\x00\x00\x00\x00\
\x00\x00\x00\x02?\x00.\x03\xbb\x00.\x02?\x00.\x02\
?\x00.\x02\xb0\x00 \x02?\x00.\x02?\x00.\x02\
<\x00B\x01\xef\x00\x14\x027\x000\x04b\x00B\x02\
?\x00.\x02\xb1\x00\x5c\x01X\x00\x10\x01v\x00\x90\x01\
x\x008\x01x\x008\x01x\x00.\x01x\x00.\x01\
x\x00n\x01x\x00n\x01x\x006\x01x\x006\x00\
\x00\x00\x00\x00\x00\x00\x00\x01v\x00\x90\x01\xb0\x00`\x02\
^\x004\x02^\x004\x00\x00\x00\x00\x00\x00\x00P\x00\
\x00\x00\x00\x02^\x004\x02^\x004\x02^\x004\x02\
^\x004\x01,\x004\x00\x00\x004\x00\x00\x00\x00\x02\
d\x004\x02\xa4\x00S\x01,\x00\x00\x00\x00\x00\x00\x00\
\x00\x00\x00\x01\x06\x00I\x01\x06\x00\x1a\x00\x00\x00\x00\x00\
\x00\x00\x00\x00\x00\x00\x00\x02\xd2\x002\x02\x9a\x00*\x02\
\xa4\x00>\x02\xb1\x004\x02\x22\x000\x02\x22\x000\x02\
\xb1\x004\x02\xb1\x004\x01r\x00\x1c\x01,\x00\x00\x00\
\x00\x00\x00\x00\x00\x00\x00\x02N\x00B\x02\xa4\x00c\x01\
\xaa\x00\x00\x02\x8c\x008\x02\xa4\x00T\x00\x00\x00\x00\x00\
\x00\x00\x00\x02d\x004\x02d\x004\x02d\x004\x02\
d\x004\x02d\x004\x02d\x004\x02d\x004\x02\
d\x004\x02}\x002\x01\x8f\x00\x22\x01\x8f\x00\x22\x02\
\xa4\x00D\x03&\x00T\x02d\x004\x03\x84\x00\x12\x03\
\x84\x00\x12\x02\x00\x00\x12\x02\x00\x00\x12\x02\x80\x00\x5c\x02\
d\x004\x02N\x00B\x02\xa4\x00c\x02\x88\x004\x02\
d\x004\x02\xbc\x00\x12\x02\xa4\x00\x17\x01(\x00Z\x01\
(\x00Z\x01(\x00Z\x01{\x00 \x01v\x00 \x02\
\xd2\x00 \x02\xd4\x00 \x03\xee\x00 \x03\xf6\x00 \x03\
\xef\x00 \x03\xf7\x00 \x03\xe8\x00 \x03\xfd\x00 \x02\
\x98\x00 \x02\x98\x00 \x02\x97\x00 \x02\x96\x00 \x02\
o\x008\x01\x82\x00%\x01\x82\x00%\x02\xa4\x00U\x02\
\x90\x00 \x02\x9e\x00 \x02\x82\x000\x01\x8f\x00\x1d\x01\
\x8f\x00\x1d\x02\xa4\x00>\x01\x8f\x00\x1d\x00\xd8\xff\x8d\x02\
\xa3\x004\x02\xa3\x004\x02\xa3\x004\x02\xa3\x004\x02\
\xa3\x004\x02n\x00$\x01,\x00\x00\x00\x00\x00\x00\x00\
\x00\x00\x00\x02N\x00L\x02N\x00L\x02\x1e\x00(\x02\
\x1e\x00(\x02\x1e\x008\x02\x1e\x004\x01B\x00(\x01\
B\x00(\x01B\x008\x01B\x004\x02\x80\x00\x5c\x02\
\x80\x00\x17\x00\x00\x00\x00\x00\x00\x00\x00\x01\xf8\x00B\x01\
\xf8\x00B\x014\x00$\x014\x00$\x014\xff\xed\x01\
4\xff\xe2\x014\xff\xe4\x014\x00$\x014\x00$\x01\
4\xff\xfb\x014\xff\xfb\x014\x00$\x014\xff\xe8\x01\
=\xff\xfe\x01=\xff\xe8\x01=\xff\xfe\x02=\x00\x5c\x02\
=\x00\x5c\x01\x1e\x00\x18\x012\x00L\x01\x1e\x00\x18\x01\
2\x00B\x01\x1e\x00\x18\x012\x00L\x01\x1e\x00\x18\x01\
2\x00L\x02N\x00L\x02N\x00L\x02c\x00B\x01\
\x1e\x00\x13\x012\x00\x11\x03\xc8\x00\x5c\x01,\x00\x00\x00\
\x00\x00\x00\x00\x00\x00\x00\x02\x9c\x00P\x02N\x00B\x02\
\xa4\x00c\x01\x06\x00<\x02N\x00D\x02\xa4\x00i\x02\
\x80\x00\x5c\x02\x80\x00\x5c\x00\xe4\x00\x00\x02\x80\x00\x5c\x02\
\x80\x00\x5c\x02\x93\x004\x01\x9d\x00 \x01\x9d\x00 \x02\
\xa4\x00<\x02\x80\x00\x5c\x02\xb4\x00$\x02\xa4\x004\x02\
\xa4\x004\x02\xa4\x004\x02\xa4\x004\x02\xa4\x004\x04\
<\x004\x00\x00\x00>\x00\x00\x008\x02\xa4\x004\x02\
\xa4\x004\x02\xa4\x004\x01\xa4\x00*\x01\x06\x00\x1e\x01\
\x06\x00\x1e\x02\xa4\x00\x8a\x03Z\x00\x1e\x036\x00\x1e\x01\
\x06\x00\x1e\x01\x97\x00#\x01\xc6\x00&\x02\xa4\x004\x02\
\xa4\x004\x02\xb1\x00\x5c\x02z\x00\x0a\x01x\x00H\x01\
x\x00J\x01x\x00\x10\x01x\x00\x10\x03R\x00$\x01\
\x06\x00I\x01\x06\x00I\x01\x06\x00I\x04\xd3\x00$\x02\
N\x00B\x02\xa4\x00c\x02b\x00L\x02\xb1\x004\x02\
(\x00(\x02(\x000\x02(\x000\x01\xae\x00Z\x01\
\xb6\x000\x01\xb6\x00*\x01\xb6\x000\x00\xf4\x00*\x00\
\xf4\x000\x00\xf4\x000\x01\x06\x00Z\x01\x9a\x00\x5c\x01\
\xac\x00\x5c\x01\x9a\x00\x5c\x01\xac\x00\x5c\x01\x9a\x00B\x01\
\xac\x00X\x01\x9a\x00Q\x01\xac\x00Q\x02\xa6\x006\x02\
\x04\x00B\x02\xa4\x00\x85\x01,\x00\x00\x00\x00\x00\x00\x00\
\x00\x00\x00\x02\x18\x00-\x02\x18\x00-\x02\x18\x00-\x02\
\x18\x00-\x02\x18\x00-\x02\x18\x00-\x01\xae\x00<\x02\
H\x008\x01\x06\x00\x1e\x02>\x000\x01k\x00\x1e\x01\
k\x00\x1e\x02%\x00\x14\x02\xa4\x00Z\x02\xa4\x00O\x02\
\x93\x00H\x01\x9d\x00+\x01\x9d\x00+\x02\xa4\x00U\x01\
X\x00\x19\x01\xb0\x00<\x038\x00@\x02\xa4\x00\x05\x00\
\xe4\x00\x00\x02p\x00,\x02\xa4\x00S\x00\x00\xff\xdf\x00\
\x00\xff\xe8\x01\xaa\x00\x0e\x01\xd0\x00\x10\x01\xaa\x00\x0e\x01\
\xd0\x00\x10\x01\xaa\x00\x0e\x01\xd0\x00\x10\x01\xaa\x00\x0e\x01\
\xd0\x00\x10\x01\xaa\x00\x0e\x01\xd0\x00\x10\x02\xb1\x00\x5c\x02\
f\x00,\x01|\x00\x1e\x01|\x00\x1e\x02\xa4\x00J\x03\
\x9d\x00\x1e\x01|\x00\x1e\x01,\x00\x00\x00\x00\x00\x00\x00\
\x00\x00\x00\x03Z\x00\x18\x02j\x00D\x01|\x00)\x01\
|\x00)\x02\xa4\x00^\x01|\x00)\x02t\x00P\x02\
l\x00P\x02t\x00P\x02l\x00P\x02t\x00P\x02\
l\x00P\x02t\x00P\x02l\x00P\x02t\x00P\x02\
l\x00P\x02t\x00P\x02l\x00P\x02t\x00P\x02\
l\x00P\x02t\x00P\x02l\x00P\x02@\x00\x00\x02\
t\x00P\x02l\x00P\x02t\x00P\x02l\x00P\x02\
t\x00P\x02l\x00P\x02/\x00\x18\x03P\x00\x1a\x03\
P\x00\x1a\x03P\x00\x1a\x03P\x00\x1a\x03P\x00\x1a\x02\
0\x00\x1c\x02#\x00\x12\x02#\x00\x12\x02#\x00\x12\x02\
#\x00\x12\x02p\x00\x14\x02\xa4\x007\x02#\x00\x12\x01\
\xe8\x006\x01\xe8\x006\x01\xe8\x006\x01\xe8\x006\x02\
\xe7\x00H\x01\xc5\x00-\x01\xc5\x00-\x02\xa4\x00K\x00\
\x01\x00\x00\x00\x0a\x00\x90\x01N\x00\x02DFLT\x00\
blatn\x00\x0e\x00X\x00\x02MOL \x00\
2TRK \x00\x10\x00\x00\xff\xff\x00\x0e\x00\x00\x00\
\x01\x00\x02\x00\x03\x00\x04\x00\x05\x00\x06\x00\x08\x00\x09\x00\
\x0a\x00\x0b\x00\x0c\x00\x0d\x00\x0e\x00\x00\xff\xff\x00\x0e\x00\
\x00\x00\x01\x00\x02\x00\x03\x00\x04\x00\x05\x00\x06\x00\x07\x00\
\x09\x00\x0a\x00\x0b\x00\x0c\x00\x0d\x00\x0e\x00\x04\x00\x00\x00\
\x00\xff\xff\x00\x0d\x00\x00\x00\x01\x00\x02\x00\x03\x00\x04\x00\
\x05\x00\x06\x00\x09\x00\x0a\x00\x0b\x00\x0c\x00\x0d\x00\x0e\x00\
\x0faalt\x00\xb6case\x00\xb0ccm\
p\x00\xa8dlig\x00\xa2dnom\x00\x9cf\
rac\x00\x92liga\x00\x8clocl\x00\
\x86locl\x00\x80numr\x00zord\
n\x00tsalt\x00nss01\x00hs\
ups\x00btnum\x00\x5c\x00\x00\x00\x01\x00\
\x07\x00\x00\x00\x01\x00\x0f\x00\x00\x00\x01\x00\x06\x00\x00\x00\
\x01\x00\x05\x00\x00\x00\x01\x00\x17\x00\x00\x00\x01\x00\x10\x00\
\x00\x00\x01\x00\x02\x00\x00\x00\x01\x00\x03\x00\x00\x00\x01\x00\
\x08\x00\x00\x00\x03\x00\x12\x00\x13\x00\x14\x00\x00\x00\x01\x00\
\x11\x00\x00\x00\x01\x00\x19\x00\x00\x00\x02\x00\x09\x00\x0c\x00\
\x00\x00\x01\x00\x04\x00\x00\x00\x02\x00\x00\x00\x01\x00\x1a\x05\
|\x05V\x05B\x05 \x04\xee\x04(\x04(\x03\xb6\x03\
\x1c\x02d\x02\x12\x02\x12\x01\xc4\x01\x9a\x01\x9a\x01x\x01\
R\x01D\x010\x01R\x00\xcc\x00\xbe\x00\xbe\x00\x80\x00\
^\x006\x00\x04\x00\x08\x00\x01\x00\x08\x00\x01\x03p\x00\
\x02\x00\x10\x00\x0a\x00\x02\x03\x0e\x03\x08\x00\x04\x03P\x02\
\xfc\x036\x00\x0a\x01\x0d\x00\x02\x01=\x00\x01\x00\x00\x00\
\x01\x00\x08\x00\x02\x00\x0e\x00\x04\x01q\x01r\x01q\x01\
r\x00\x01\x00\x04\x00\x02\x00T\x00\x92\x01_\x00\x06\x00\
\x00\x00\x02\x00$\x00\x0a\x00\x03\x00\x01\x00\xd6\x00\x01\x00\
\x12\x00\x00\x00\x01\x00\x00\x00\x18\x00\x01\x00\x02\x00T\x01\
_\x00\x03\x00\x01\x00\xbc\x00\x01\x00\x12\x00\x00\x00\x01\x00\
\x00\x00\x18\x00\x01\x00\x02\x00\x02\x00\x92\x00\x01\x00\x00\x00\
\x01\x00\x08\x00\x01\x00L\xff\xff\x00\x06\x00\x00\x00\x02\x00\
4\x00\x0a\x00\x03\x00\x01\x00\x12\x00\x01\x00<\x00\x00\x00\
\x01\x00\x00\x00\x16\x00\x01\x00\x0a\x00\xe6\x01\x09\x01\x0f\x01\
Z\x01k\x01\xa7\x01\xad\x01\xc5\x01\xcf\x01\xfd\x00\x03\x00\
\x01\x00*\x00\x01\x00\x12\x00\x00\x00\x01\x00\x00\x00\x15\x00\
\x01\x00\x0a\x00\xe7\x01\x0a\x01\x10\x01[\x01l\x01\xa8\x01\
\xae\x01\xc6\x01\xd0\x01\xfe\x00\x01\x00\x01\x01\x13\x00\x01\x00\
\x00\x00\x01\x00\x08\x00\x01\x00\x06\xffc\x00\x01\x00\x01\x01\
\xb0\x00\x01\x00\x00\x00\x01\x00\x08\x00\x01\x00\x14\x00\x01\x00\
\x01\x00\x00\x00\x01\x00\x08\x00\x01\x00\x06\x00\x02\x00\x01\x00\
\x0a\x00\xe5\x01\x08\x01\x0e\x01Y\x01j\x01\xa6\x01\xac\x01\
\xc4\x01\xce\x01\xfc\x00\x01\x00\x00\x00\x01\x00\x08\x00\x02\x00\
\x0e\x00\x04\x01\x12\x01p\x01\xc9\x01\xd2\x00\x01\x00\x04\x01\
\x0e\x01j\x01\xc4\x01\xce\x00\x01\x00\x00\x00\x01\x00\x08\x00\
\x02\x01\x04\x00\x0e\x00\x98\x00\xb1\x00\xb8\x00\xbf\x00\xc4\x00\
\xc8\x00\xd5\x00\xdc\x01\x1c\x01*\x01M\x01f\x01\x9c\x01\
\xcc\x00\x06\x00\x00\x00\x02\x00\x1c\x00\x0a\x00\x03\x00\x01\x00\
$\x00\x01\x00\xd8\x00\x00\x00\x01\x00\x00\x00\x0e\x00\x03\x00\
\x00\x00\x01\x00\xc6\x00\x01\x00\x12\x00\x01\x00\x00\x00\x0d\x00\
\x01\x00\x0e\x00\x98\x00\xb1\x00\xb8\x00\xbf\x00\xc4\x00\xc8\x00\
\xd5\x00\xdc\x01\x1c\x01*\x01M\x01f\x01\x9c\x01\xcc\x00\
\x01\x00\x00\x00\x01\x00\x08\x00\x02\x00&\x00\x10\x00\x98\x00\
\xb1\x00\xb8\x00\xbf\x00\xc4\x00\xc8\x00\xd5\x00\xdc\x01\x1c\x01\
*\x013\x01:\x01M\x01f\x01\x9c\x01\xcc\x00\x01\x00\
\x10\x00\x97\x00\xb0\x00\xb6\x00\xbe\x00\xc3\x00\xc7\x00\xd4\x00\
\xdb\x01\x1b\x01)\x01-\x018\x01L\x01e\x01\x9b\x01\
\xcb\x00\x06\x00\x00\x00\x04\x00\x82\x00b\x000\x00\x0e\x00\
\x03\x00\x01\x00\x12\x00\x01\x004\x00\x00\x00\x01\x00\x00\x00\
\x0b\x00\x02\x00\x02\x00\x02\x00N\x00\x00\x00P\x00\x91\x00\
M\x00\x03\x00\x01\x00\x12\x00\x01\x00\x12\x00\x00\x00\x01\x00\
\x00\x00\x0a\x00\x01\x00\x0e\x00\x97\x00\xb0\x00\xb6\x00\xbe\x00\
\xc3\x00\xc7\x00\xd4\x00\xdb\x01\x1b\x01)\x01L\x01e\x01\
\x9b\x01\xcb\x00\x03\x00\x00\x00\x01\x00N\x00\x02\x00\x14\x00\
2\x00\x01\x00\x00\x00\x0b\x00\x01\x00\x04\x00\xbe\x01e\x01\
\xb7\x01\xb8\x00\x03\x00\x00\x00\x01\x00.\x00\x01\x00\x12\x00\
\x01\x00\x00\x00\x0a\x00\x01\x00\x0c\x00\x97\x00\xb0\x00\xb6\x00\
\xc3\x00\xc9\x00\xd4\x00\xdb\x01\x1b\x01)\x01L\x01\x9b\x01\
\xcb\x00\x01\x00\x02\x01-\x018\x00\x04\x00\x00\x00\x01\x00\
\x08\x00\x01\x00\x8a\x00\x02\x00J\x00\x0a\x00\x07\x008\x00\
0\x00(\x00\x22\x00\x1c\x00\x16\x00\x10\x01\x0d\x00\x02\x01\
>\x01\x05\x00\x02\x018\x01\x07\x00\x02\x01-\x00\xfd\x00\
\x02\x00\xfb\x01\x03\x00\x03\x00\xfb\x01>\x01\x01\x00\x03\x00\
\xfb\x018\x00\xff\x00\x03\x00\xfb\x01-\x00\x07\x008\x00\
0\x00(\x00\x22\x00\x1c\x00\x16\x00\x10\x01\x0c\x00\x02\x01\
=\x01\x04\x00\x02\x018\x01\x06\x00\x02\x01-\x00\xfc\x00\
\x02\x00\xfa\x01\x02\x00\x03\x00\xfa\x01=\x01\x00\x00\x03\x00\
\xfa\x018\x00\xfe\x00\x03\x00\xfa\x01-\x00\x01\x00\x02\x00\
\xfa\x00\xfb\x00\x01\x00\x00\x00\x01\x00\x08\x00\x02\x006\x00\
\x18\x00\xc1\x00\xcc\x00\xd7\x00\xda\x00\xe8\x00\xf2\x00\xf6\x01\
\x0b\x01\x11\x01P\x01S\x01\x5c\x01m\x01\x81\x01\x99\x01\
\xaa\x01\xab\x01\xaf\x01\xb3\x01\xb6\x01\xc7\x01\xd1\x01\xf6\x01\
\xff\x00\x01\x00\x18\x00\xc0\x00\xcb\x00\xd6\x00\xd9\x00\xe5\x00\
\xf1\x00\xf5\x01\x08\x01\x0e\x01O\x01R\x01Y\x01j\x01\
\x80\x01\x98\x01\xa6\x01\xa9\x01\xac\x01\xb2\x01\xb5\x01\xc4\x01\
\xce\x01\xf5\x01\xfc\x00\x01\x00\x00\x00\x01\x00\x08\x00\x02\x00\
`\x00-\x00/\x001\x003\x005\x007\x009\x00\
;\x00=\x00?\x00A\x00C\x00E\x00`\x00b\x00\
d\x00f\x00h\x00j\x00\xfb\x01>\x01@\x01B\x01\
D\x01I\x01\x90\x01\x92\x01\x94\x01\x96\x01\xa9\x01\xba\x01\
\xbc\x01\xbe\x01\xc0\x01\xc2\x01\xd4\x01\xd6\x01\xd8\x01\xda\x01\
\xdc\x01\xde\x01\xe0\x01\xe2\x01\xe5\x01\xe7\x01\xe9\x00\x01\x00\
-\x00.\x000\x002\x004\x006\x008\x00:\x00\
<\x00>\x00@\x00B\x00D\x00_\x00a\x00c\x00\
e\x00g\x00i\x00\xfa\x01=\x01?\x01A\x01C\x01\
H\x01\x8f\x01\x91\x01\x93\x01\x95\x01\xa6\x01\xb9\x01\xbb\x01\
\xbd\x01\xbf\x01\xc1\x01\xd3\x01\xd5\x01\xd7\x01\xd9\x01\xdb\x01\
\xdd\x01\xdf\x01\xe1\x01\xe4\x01\xe6\x01\xe8\x00\x01\x00\x00\x00\
\x01\x00\x08\x00\x01\x00\x06\x00\x01\x00\x01\x00\x10\x00\xa8\x00\
\xaa\x00\xac\x00\xae\x00\xeb\x00\xed\x00\xf8\x01\x1f\x01!\x01\
#\x01%\x01+\x01w\x01y\x01}\x01\x85\x00\x01\x00\
\x00\x00\x01\x00\x08\x00\x02\x00\x0e\x00\x04\x00p\x00u\x01\
\xa2\x01\xc1\x00\x01\x00\x04\x00n\x00t\x01\xa0\x01\xbf\x00\
\x01\x00\x00\x00\x01\x00\x08\x00\x01\x00\x06\x00\x05\x00\x01\x00\
\x01\x01-\x00\x03\x00\x00\x00\x01\x00\x08\x00\x01\x00\x0a\x00\
\x02\x00\x18\x00\x12\x00\x01\x00\x02\x01\xa6\x01\xbf\x00\x02\x01\
\xc0\x01\xc1\x00\x02\x01\xa9\x01\xaa\x00\x01\x00\x00\x00\x01\x00\
\x08\x00\x02\x00\xb2\x00V\x00/\x001\x003\x005\x00\
7\x009\x00;\x00=\x00?\x00A\x00C\x00E\x00\
`\x00b\x00d\x00f\x00h\x00j\x00p\x00u\x00\
\xa9\x00\xab\x00\xad\x00\xaf\x00\xc1\x00\xcc\x00\xd7\x00\xda\x00\
\xe8\x00\xec\x00\xee\x00\xf2\x00\xf6\x00\xf9\x00\xfb\x01\x0b\x01\
\x11\x01 \x01\x22\x01$\x01&\x01,\x012\x01>\x01\
@\x01B\x01D\x01I\x01P\x01S\x01\x5c\x01m\x01\
x\x01z\x01~\x01\x81\x01\x86\x01\x90\x01\x92\x01\x94\x01\
\x96\x01\x99\x01\xa2\x01\xab\x01\xaf\x01\xb3\x01\xb6\x01\xba\x01\
\xbc\x01\xbe\x01\xc2\x01\xc7\x01\xd1\x01\xd4\x01\xd6\x01\xd8\x01\
\xda\x01\xdc\x01\xde\x01\xe0\x01\xe2\x01\xe5\x01\xe7\x01\xe9\x01\
\xf6\x01\xff\x00\x01\x00V\x00.\x000\x002\x004\x00\
6\x008\x00:\x00<\x00>\x00@\x00B\x00D\x00\
_\x00a\x00c\x00e\x00g\x00i\x00n\x00t\x00\
\xa8\x00\xaa\x00\xac\x00\xae\x00\xc0\x00\xcb\x00\xd6\x00\xd9\x00\
\xe5\x00\xeb\x00\xed\x00\xf1\x00\xf5\x00\xf8\x00\xfa\x01\x08\x01\
\x0e\x01\x1f\x01!\x01#\x01%\x01+\x01-\x01=\x01\
?\x01A\x01C\x01H\x01O\x01R\x01Y\x01j\x01\
w\x01y\x01}\x01\x80\x01\x85\x01\x8f\x01\x91\x01\x93\x01\
\x95\x01\x98\x01\xa0\x01\xa9\x01\xac\x01\xb2\x01\xb5\x01\xb9\x01\
\xbb\x01\xbd\x01\xc1\x01\xc4\x01\xce\x01\xd3\x01\xd5\x01\xd7\x01\
\xd9\x01\xdb\x01\xdd\x01\xdf\x01\xe1\x01\xe4\x01\xe6\x01\xe8\x01\
\xf5\x01\xfc\x00\x02\x00\x00\x00\x00\x00\x00\xff\x9c\x002\x00\
\x00\x00\x00\x00\x00\x00\x00\x00\x00\x00\x00\x00\x00\x00\x00\x00\
\x00\x00\x00\x02\x00\x00\x00\x01\x02\x00$\x00\x90\x00\xc9\x01\
\x03\x00\xc7\x00b\x00\xad\x01\x04\x01\x05\x00c\x01\x06\x00\
\xae\x00%\x00&\x00\xfd\x00\xff\x00d\x01\x07\x01\x08\x00\
'\x01\x09\x01\x0a\x00(\x00e\x01\x0b\x01\x0c\x00\xc8\x00\
\xca\x01\x0d\x00\xcb\x01\x0e\x01\x0f\x01\x10\x00\xe9\x01\x11\x00\
)\x00*\x00\xf8\x01\x12\x01\x13\x01\x14\x01\x15\x00+\x01\
\x16\x00,\x01\x17\x00\xcc\x01\x18\x01\x19\x01\x1a\x00\xcd\x01\
\x1b\x00\xce\x01\x1c\x00\xfa\x01\x1d\x00\xcf\x01\x1e\x01\x1f\x01\
 \x01!\x01\x22\x01#\x01$\x00-\x01%\x01&\x01\
'\x00.\x01(\x00/\x01)\x01*\x01+\x00\xe2\x00\
0\x001\x01,\x01-\x01.\x01/\x00f\x002\x00\
\xb0\x00\xd0\x010\x00\xd1\x00g\x00\xd3\x011\x012\x00\
\x91\x00\xaf\x003\x013\x004\x014\x005\x015\x01\
6\x017\x018\x019\x01:\x01;\x006\x01<\x00\
\xe4\x00\xfb\x01=\x01>\x007\x01?\x01@\x01A\x01\
B\x00\xed\x008\x00\xd4\x01C\x00\xd5\x00h\x00\xd6\x01\
D\x01E\x01F\x01G\x01H\x009\x00:\x01I\x01\
J\x01K\x01L\x00;\x00<\x00\xeb\x01M\x00\xbb\x01\
N\x00=\x01O\x00\xe6\x01P\x00D\x00i\x01Q\x00\
k\x00\x8d\x01R\x01S\x00l\x00\xa0\x00j\x01T\x00\
\x09\x01U\x00n\x00A\x00a\x00\x0d\x00#\x00m\x00\
E\x00?\x00_\x00^\x01V\x00`\x01W\x00>\x01\
X\x00@\x01Y\x01Z\x01[\x00\xe8\x00\x87\x00F\x00\
\xfe\x01\x5c\x01]\x01^\x01\x00\x00o\x01_\x01`\x00\
\xde\x01a\x01b\x00\x84\x01c\x00\xd8\x01d\x01e\x00\
\x1d\x00\x0f\x01f\x01g\x01h\x00\x8b\x00\xbd\x01i\x00\
G\x00\x82\x00\xc2\x01j\x01\x01\x00\x83\x00\x8e\x01k\x01\
l\x00\xb8\x01m\x01n\x00\x07\x01o\x01p\x01q\x00\
H\x00p\x01r\x01s\x00r\x00s\x01t\x00q\x00\
\x1b\x01u\x01v\x01w\x00\xab\x01x\x00\xb3\x01y\x00\
\xb2\x01z\x01{\x01|\x00 \x01}\x00\xea\x01~\x01\
\x7f\x01\x80\x00\x04\x00\xa3\x01\x81\x00I\x01\x82\x01\x83\x01\
\x84\x01\x85\x01\x86\x01\x87\x01\x88\x01\x89\x01\x8a\x01\x8b\x01\
\x8c\x00\xc0\x01\x8d\x00\x18\x01\x8e\x01\x8f\x01\x90\x00\xc1\x01\
\x91\x00\x17\x01\x92\x01\x93\x01\x94\x01\x95\x00\xbc\x00J\x00\
\xf9\x01\x96\x01\x97\x01\x98\x00\x89\x00C\x01\x99\x01\x9a\x00\
!\x00\x95\x00\xa9\x01\x9b\x00\xaa\x01\x9c\x00\xbe\x01\x9d\x00\
\xbf\x01\x9e\x00K\x01\x9f\x01\xa0\x01\xa1\x00\x10\x01\xa2\x00\
L\x00t\x01\xa3\x00v\x00w\x01\xa4\x00\xd7\x00u\x01\
\xa5\x01\xa6\x01\xa7\x00M\x01\xa8\x01\xa9\x00N\x01\xaa\x00\
O\x01\xab\x01\xac\x01\xad\x01\xae\x01\xaf\x01\xb0\x01\xb1\x00\
\x1f\x00\x94\x00\xa4\x00\xe3\x01\xb2\x00P\x00\xda\x01\xb3\x01\
\xb4\x01\xb5\x00\xef\x01\xb6\x01\xb7\x00\xf0\x01\xb8\x00Q\x01\
\xb9\x01\xba\x01\xbb\x01\xbc\x00\x1c\x01\xbd\x01\xbe\x01\xbf\x00\
x\x00\x06\x00R\x00y\x01\xc0\x00{\x00|\x00\xb1\x01\
\xc1\x01\xc2\x00z\x01\xc3\x01\xc4\x00\x14\x01\xc5\x01\xc6\x01\
\xc7\x00\xf4\x00\xf5\x01\xc8\x00\x9d\x00\x9e\x00\xa1\x00}\x00\
S\x00\x88\x00\x0b\x01\xc9\x00\x0c\x01\xca\x00\x08\x00\x11\x00\
\xc3\x01\xcb\x00\xc6\x00\x0e\x01\xcc\x00\x93\x00T\x00\x22\x00\
\xa2\x01\xcd\x00\x05\x00\xc5\x00\xb4\x00\xb5\x00\xb6\x00\xb7\x00\
\xc4\x00\x0a\x00U\x01\xce\x01\xcf\x01\xd0\x01\xd1\x01\xd2\x01\
\xd3\x01\xd4\x00\x8a\x01\xd5\x01\xd6\x00\xdd\x01\xd7\x01\xd8\x00\
V\x01\xd9\x00\xe5\x00\xfc\x01\xda\x01\xdb\x01\xdc\x00\x86\x00\
\x1e\x00\x1a\x01\xdd\x01\xde\x01\xdf\x01\xe0\x01\xe1\x00\x19\x01\
\xe2\x01\xe3\x01\xe4\x00\x12\x01\xe5\x01\xe6\x01\xe7\x00\x03\x00\
\x85\x01\xe8\x01\xe9\x01\xea\x00W\x01\xeb\x01\xec\x01\xed\x01\
\xee\x01\xef\x01\xf0\x01\xf1\x01\xf2\x01\xf3\x00\xee\x00\x16\x01\
\xf4\x01\xf5\x01\xf6\x00\xf6\x01\xf7\x00\xd9\x01\xf8\x01\xf9\x00\
\x8c\x00\x15\x01\xfa\x01\xfb\x01\xfc\x01\xfd\x00X\x01\xfe\x00\
~\x01\xff\x02\x00\x02\x01\x00\x80\x02\x02\x00\x81\x02\x03\x00\
\x7f\x02\x04\x02\x05\x02\x06\x02\x07\x02\x08\x00B\x02\x09\x02\
\x0a\x02\x0b\x02\x0c\x02\x0d\x02\x0e\x00Y\x00Z\x02\x0f\x02\
\x10\x02\x11\x02\x12\x00[\x00\x5c\x00\xec\x02\x13\x00\xba\x00\
\x96\x02\x14\x02\x15\x00]\x02\x16\x00\xe7\x02\x17\x00\x13\x02\
\x18\x02\x19\x02\x1a\x02CR\x06Abreve\x07\
Amacron\x07Aogonek\x0a\
Aringacute\x0bCcirc\
umflex\x0aCdotaccen\
t\x06Dcaron\x06Dcroat\x06\
Ebreve\x06Ecaron\x0aEd\
otaccent\x07Emacron\
\x03Eng\x07Eogonek\x07uni\
1EBC\x0bGcircumflex\
\x07uni0122\x0aGdotacc\
ent\x07uni1E9E\x04Hbar\
\x06I.salt\x0bIacute.s\
alt\x06Ibreve\x0bIbrev\
e.salt\x10Icircumfl\
ex.salt\x0eIdieresi\
s.salt\x0fIdotaccen\
t.salt\x0bIgrave.sa\
lt\x07Imacron\x0cImacr\
on.salt\x07Iogonek\x0c\
Iogonek.salt\x06Iti\
lde\x0bItilde.salt\x06\
J.salt\x0bJcircumfl\
ex\x10Jcircumflex.s\
alt\x07uni0136\x06Lacu\
te\x06Lcaron\x07uni013\
B\x04NULL\x06Nacute\x06Nc\
aron\x07uni0145\x06Obr\
eve\x0dOhungarumlau\
t\x07Omacron\x06P.salt\
\x06Q.salt\x06R.salt\x06R\
acute\x0bRacute.sal\
t\x06Rcaron\x0bRcaron.\
salt\x07uni0156\x0cuni\
0156.salt\x06Sacute\
\x0bScircumflex\x07uni\
0218\x04Tbar\x06Tcaron\
\x07uni0162\x07uni021A\
\x06Ubreve\x0dUhungaru\
mlaut\x07Umacron\x07Uo\
gonek\x05Uring\x06Util\
de\x06Wacute\x0bWcircu\
mflex\x09Wdieresis\x06\
Wgrave\x0bYcircumfl\
ex\x06Ygrave\x06Zacute\
\x0aZdotaccent\x06abre\
ve\x09acutecomb\x0eacu\
tecomb.case\x07amac\
ron\x07aogonek\x0ebrac\
eleft.case\x0fbrace\
right.case\x10brack\
etleft.case\x11brac\
ketright.case\x07un\
i0306\x0cuni0306.ca\
se\x07uni030C\x0buni03\
0C.alt\x0cuni030C.c\
ase\x0bccircumflex\x0a\
cdotaccent\x07uni03\
27\x0cuni0327.case\x09\
cent.tnum\x07uni030\
2\x0cuni0302.case\x07u\
ni0326\x0cuni0326.c\
ase\x07uni0312\x0dcurr\
ency.tnum\x06dcaron\
\x07uni0308\x0cuni0308\
.case\x0bdivide.tnu\
m\x07uni2215\x0bdollar\
.tnum\x07uni0307\x0cun\
i0307.case\x06ebrev\
e\x06ecaron\x0aedotacc\
ent\x0aeight.dnom\x0ae\
ight.numr\x0aeight.\
tnum\x07emacron\x0bemd\
ash.case\x0bendash.\
case\x03eng\x07eogonek\
\x0aequal.tnum\x07uni1\
EBD\x04Euro\x09Euro.tn\
um\x0fexclamdown.ca\
se\x06f.salt\x03f_f\x08f_\
f.salt\x05f_f_i\x0af_f\
_i.salt\x05f_f_j\x0af_\
f_j.salt\x05f_f_l\x0af\
_f_l.salt\x03f_j\x08f_\
j.salt\x07fi.salt\x09f\
ive.dnom\x09five.nu\
mr\x09five.tnum\x07fl.\
salt\x09four.dnom\x09f\
our.numr\x09four.tn\
um\x07uni2074\x0bgcirc\
umflex\x07uni0123\x0ag\
dotaccent\x09gravec\
omb\x0egravecomb.ca\
se\x12guillemotleft\
.case\x13guillemotr\
ight.case\x12guilsi\
nglleft.case\x13gui\
lsinglright.case\
\x04hbar\x07uni030B\x0cun\
i030B.case\x0bhyphe\
n.case\x06ibreve\x09i.\
loclTRK\x07imacron\x07\
iogonek\x06itilde\x0bj\
circumflex\x07uni02\
37\x07uni0137\x06l.sal\
t\x06lacute\x0blacute.\
salt\x06lcaron\x0blcar\
on.salt\x07uni013C\x0c\
uni013C.salt\x0blsl\
ash.salt\x07uni0304\
\x0cuni0304.case\x07un\
i00B5\x0aminus.tnum\
\x06minute\x0dmultiply\
.tnum\x06nacute\x07uni\
00A0\x06ncaron\x07uni0\
146\x09nine.dnom\x09ni\
ne.numr\x09nine.tnu\
m\x06obreve\x07uni0328\
\x0cuni0328.case\x0doh\
ungarumlaut\x07omac\
ron\x08one.dnom\x08one\
.numr\x08one.tnum\x07u\
ni00B9\x0eparenleft\
.case\x0fparenright\
.case\x13periodcent\
ered.case\x09plus.t\
num\x11questiondown\
.case\x06r.salt\x06rac\
ute\x0bracute.salt\x06\
rcaron\x0brcaron.sa\
lt\x07uni0157\x0cuni01\
57.salt\x07uni17DB\x0c\
uni17DB.tnum\x07uni\
030A\x0cuni030A.cas\
e\x06sacute\x0bscircum\
flex\x07uni0219\x06sec\
ond\x0aseven.dnom\x0as\
even.numr\x0aseven.\
salt\x0aseven.tnum\x0f\
seven.tnum.salt\x08\
six.dnom\x08six.num\
r\x08six.tnum\x07uni00\
AD\x04sora\x09sora.tnu\
m\x0dsterling.tnum\x07\
uni0336\x07uni0335\x06\
t.salt\x04tbar\x09tbar\
.salt\x06tcaron\x0btca\
ron.salt\x07uni0163\
\x0cuni0163.salt\x07un\
i021B\x0cuni021B.sa\
lt\x0athree.dnom\x0ath\
ree.numr\x0athree.t\
num\x07uni00B3\x09tild\
ecomb\x0etildecomb.\
case\x08two.dnom\x08tw\
o.numr\x08two.tnum\x07\
uni00B2\x06u.salt\x0bu\
acute.salt\x06ubrev\
e\x0bubreve.salt\x10uc\
ircumflex.salt\x0eu\
dieresis.salt\x0bug\
rave.salt\x0duhunga\
rumlaut\x12uhungaru\
mlaut.salt\x07umacr\
on\x0cumacron.salt\x07\
uogonek\x0cuogonek.\
salt\x05uring\x0auring\
.salt\x06utilde\x0buti\
lde.salt\x06wacute\x0b\
wcircumflex\x09wdie\
resis\x06wgrave\x0byci\
rcumflex\x08yen.tnu\
m\x06ygrave\x06zacute\x0a\
zdotaccent\x09zero.\
dnom\x09zero.numr\x09z\
ero.tnum\x00\x00\x00\x00\x04\x00Z\xff\
\xd6\x03\x01\x03\x08\x00\x1b\x00\x1f\x00#\x00'\x00\x00%\
532654&#\x22\x06\x15#4663\
2\x16\x16\x15\x15\x14\x06\x06\x077\x07\x0753\x15\x05\
\x11!\x11%!\x11!\x01\x81)-10))2\
D(H10F&&I6\x18\x01EL\xfe\x94\
\x02\xa7\xfd\x91\x027\xfd\xc9\xec\x886))57,\
/H*(C*\x08)C'\x01\x1al\x88LL\
\x8e\x032\xfc\xce6\x02\xc6\x00\x00\x02\x00\x1c\x00\x00\x02\
\xd8\x02\xda\x00\x09\x00\x0d\x00\x003\x013\x01#\x03\x17\
#7\x0377!\x17\x1c\x01\x07\xa6\x01\x0fe\xf50\
v3\xed;!\x01;!\x02\xda\xfd&\x02\x9a\x18\x18\
\xfdf\xdaXX\x00\x06\x00\x0c\x00\x00\x03\x8e\x02\xda\x00\
\x06\x00\x0a\x00\x0e\x00\x12\x00\x16\x00\x1a\x00\x003\x013\
\x15#7\x0177!\x15\x07\x113\x11#5!\x15\
\x015!\x15\x015!\x15\x0c\x01!\xc6\xb23\xfe\xfa\
D$\x01\x1d\x15c\x15\x01b\xfe\x9e\x01D\xfe\xbc\x01\
X\x02\xdaX\x18\xfdf\xf7YY\xf7\x02\xda\xfd&X\
X\x01GXX\x01;XX\xff\xff\x00\x1c\x00\x00\x02\
\xd8\x03\xb8\x02&\x00\x02\x00\x00\x00\x07\x00\x98\x01<\x00\
\x00\xff\xff\x00\x1c\x00\x00\x02\xd8\x03\xb8\x02&\x00\x02\x00\
\x00\x00\x07\x00\xb1\x00\xd0\x00\x00\xff\xff\x00\x1c\x00\x00\x02\
\xd8\x03\xb8\x02&\x00\x02\x00\x00\x00\x07\x00\xc4\x00\xbd\x00\
\x00\xff\xff\x00\x1c\x00\x00\x02\xd8\x03\xa6\x02&\x00\x02\x00\
\x00\x00\x07\x00\xd5\x00\xcb\x00\x00\xff\xff\x00\x1c\x00\x00\x02\
\xd8\x03\xb8\x02&\x00\x02\x00\x00\x00\x07\x01\x1c\x00\xb6\x00\
\x00\xff\xff\x00\x1c\x00\x00\x02\xd8\x03\x87\x02&\x00\x02\x00\
\x00\x00\x07\x01M\x00\xd0\x00\x00\xff\xff\x00\x1c\xff\x02\x02\
\xdc\x02\xda\x02&\x00\x02\x00\x00\x00\x07\x01f\x01\xee\x00\
\x00\xff\xff\x00\x1c\x00\x00\x02\xd8\x03\xd8\x02&\x00\x02\x00\
\x00\x00\x07\x01\x9c\x00\xff\x00\x00\xff\xff\x00\x1c\x00\x00\x02\
\xd8\x04\x9c\x02&\x00\x02\x00\x00\x00'\x01\x9c\x00\xff\x00\
\x00\x00\x07\x00\x98\x01<\x00\xe4\xff\xff\x00\x1c\x00\x00\x02\
\xd8\x03\xa0\x02&\x00\x02\x00\x00\x00\x07\x01\xcc\x00\xcc\x00\
\x00\x00\x03\x00j\xff\xfc\x02d\x02\xde\x00\x14\x00\x18\x00\
,\x00\x00\x17532654&##532\
\x16\x16\x15\x15\x14\x06\x06#!\x113\x11\x03532\
654&##532\x16\x15\x15\x14\x06\x06#\
\xb8\xcc;A@<\xcc\xbeFk=4jP\xfe\xf4\
b\x14\xb1>;;>\xb1\xa0xv<kG\x04V\
C89A@\x22OD\x0e@Y/\x02\xe2\xfd\x1e\
\x01]@C45CVe_\x0eCO!\x00\x00\
\x01\x008\xff\xee\x02\xf7\x02\xee\x00%\x00\x00\x05\x22.\
\x02554>\x0232\x16\x16\x17#.\x02#\x22\
\x0e\x02\x15\x14\x1e\x0232673\x0e\x02\x01\xa7d\
\x8dV()V\x8a`b\x8cR\x09d\x08@a<\
AbA!!CdC^\x80\x0ed\x0aQ\x8f\x12\
Fp\x83=\x16B\x84lBDzS>Q(-\
Qj>;jR/^YK|J\x00\xff\xff\x00\
8\xff\xee\x02\xf7\x03\xb8\x02&\x00\x0f\x00\x00\x00\x07\x00\
\x98\x01g\x00\x00\xff\xff\x008\xff\xee\x02\xf7\x03\xb8\x02\
&\x00\x0f\x00\x00\x00\x07\x00\xb8\x00\xe5\x00\x00\xff\xff\x00\
8\xff\x08\x02\xf7\x02\xee\x02&\x00\x0f\x00\x00\x00\x07\x00\
\xbf\x01Y\x00\x00\xff\xff\x008\xff\xee\x02\xf7\x03\xb8\x02\
&\x00\x0f\x00\x00\x00\x07\x00\xc4\x00\xe8\x00\x00\xff\xff\x00\
8\xff\xee\x02\xf7\x03\xa6\x02&\x00\x0f\x00\x00\x00\x07\x00\
\xdc\x01`\x00\x00\x00\x02\x00j\xff\xfc\x02\xea\x02\xde\x00\
\x1a\x00\x1e\x00\x00\x17532>\x0254.\x02#\
#532\x1e\x02\x15\x15\x14\x0e\x02##\x113\x11\
\xb8\xb6BgI&&IgB\xb6\xacc\x92a0\
0a\x92c\xfab\x04Z+Lf;>eK(\
Z=g\x7fB\x16@\x80h?\x02\xe2\xfd\x1e\x00\xff\
\xff\x00j\xff\xfc\x02\xea\x03\xb8\x02&\x00\x15\x00\x00\x00\
\x07\x00\xb8\x00\xbc\x00\x00\xff\xff\x00\x16\xff\xfc\x02\xea\x02\
\xde\x02\x06\x00#\x00\x00\x00\x04\x00j\x00\x00\x02\x1a\x02\
\xda\x00\x03\x00\x07\x00\x0b\x00\x0f\x00\x003\x113\x11#\
5!\x15\x015!\x15\x015!\x15jb\x14\x01b\
\xfe\x9e\x01C\xfe\xbd\x01X\x02\xda\xfd&XX\x01G\
XX\x01;XX\x00\xff\xff\x00j\x00\x00\x02\x1a\x03\
\xb8\x02&\x00\x18\x00\x00\x00\x07\x00\x98\x01\x09\x00\x00\xff\
\xff\x00j\x00\x00\x02\x1a\x03\xb8\x02&\x00\x18\x00\x00\x00\
\x07\x00\xb1\x00\x9d\x00\x00\xff\xff\x00j\x00\x00\x02\x1a\x03\
\xb8\x02&\x00\x18\x00\x00\x00\x07\x00\xb8\x00\x87\x00\x00\xff\
\xff\x00j\x00\x00\x02\x1a\x03\xb8\x02&\x00\x18\x00\x00\x00\
\x07\x00\xc4\x00\x8a\x00\x00\xff\xff\x00j\x00\x00\x02\x1a\x03\
\xa6\x02&\x00\x18\x00\x00\x00\x07\x00\xd5\x00\x98\x00\x00\xff\
\xff\x00j\x00\x00\x02\x1a\x03\xa6\x02&\x00\x18\x00\x00\x00\
\x07\x00\xdc\x01\x02\x00\x00\xff\xff\x00j\x00\x00\x02\x1a\x03\
\xb8\x02&\x00\x18\x00\x00\x00\x07\x01\x1c\x00\x83\x00\x00\xff\
\xff\x00j\x00\x00\x02\x1a\x03\x87\x02&\x00\x18\x00\x00\x00\
\x07\x01M\x00\x9d\x00\x00\x00\x01\x00j\xff \x02\xe7\x02\
\xda\x00\x19\x00\x00\x05532655\x17#\x01#\
7\x11#\x113\x013\x07\x113\x11\x14\x06\x06#\x01\
\xaeo84%n\xfe\x92 \x14\x5c\xa0\x01s \x14\
^0`H\xe0V=87\x19\x02y\x12\xfdl\x02\
\xda\xfd~\x12\x02\x94\xfd Ha1\xff\xff\x00j\xff\
\x02\x02&\x02\xda\x02&\x00\x18\x00\x00\x00\x07\x01f\x01\
8\x00\x00\xff\xff\x00\x16\xff\xfc\x02\xea\x02\xde\x02&\x00\
\x15\x00\x00\x00\x06\x01\xb77\x05\xff\xff\x00j\x00\x00\x02\
\x1a\x03\xa0\x02&\x00\x18\x00\x00\x00\x07\x01\xcc\x00\x99\x00\
\x00\x00\x03\x00j\x00\x00\x02\x02\x02\xda\x00\x03\x00\x07\x00\
\x0b\x00\x003\x113\x11\x035%\x15\x015!\x15j\
b\x14\x019\xfe\xc7\x01J\x02\xda\xfd&\x01EX\x01\
X\x01<XX\x00\x02\x008\xff\xee\x03\x1d\x02\xee\x00\
'\x00+\x00\x00\x05\x22.\x02554>\x0232\
\x16\x16\x17#.\x02#\x22\x0e\x02\x15\x14\x1e\x0232\
67\x0753\x15\x06\x06\x035!\x15\x01\xb0U\x8a\
c61]\x86T[\x8eV\x07d\x07Ba89\
`E&)Je<U\x81!$\x5c1\x9a~\x01\
\x87\x128f\x8bR\x16F\x83i=E{Q=Q\
))LjBKqK&E7w\xd9\xae@H\
\x01\x22RR\x00\xff\xff\x008\xff\xee\x03\x1d\x03\xb8\x02\
&\x00&\x00\x00\x00\x07\x00\xb1\x00\xf8\x00\x00\xff\xff\x00\
8\xff\xee\x03\x1d\x03\xb8\x02&\x00&\x00\x00\x00\x07\x00\
\xc4\x00\xe5\x00\x00\xff\xff\x008\xfe\xe4\x03\x1d\x02\xee\x02\
&\x00&\x00\x00\x00\x07\x00\xc8\x01o\x00\x00\xff\xff\x00\
8\xff\xee\x03\x1d\x03\xa6\x02&\x00&\x00\x00\x00\x07\x00\
\xdc\x01]\x00\x00\x00\x02\x008\xff\xf0\x04\xf4\x02\xea\x00\
1\x00c\x00\x00\x05\x22&&53\x14\x16\x1632\
6654&''.\x02546632\x16\
\x16\x15#4&&#\x22\x06\x06\x15\x14\x16\x17\x17\x1e\
\x02\x15\x14\x06\x06!\x22&&53\x14\x16\x1632\
6654&''.\x02546632\x16\
\x16\x15#4&&#\x22\x06\x06\x15\x14\x16\x17\x17\x1e\
\x02\x15\x14\x06\x06\x01SW\x7fEa\x22RF@Q\
(MJL@_4?rKLr@a#E\
55D!<=LKl:D~\x022W|\
Ca OF?O&MJP@_4@s\
LMr@a#F55F\x22<=PJl\
;B|\x108hG\x1dB.'?$+<\x07\
\x07\x06/S;Dc74cH =(%<\
#'=\x05\x07\x072T;Cg:8hG\x1d\
B.'?$,;\x07\x07\x06/T:Dc7\
4cH =(%<#'=\x05\x07\x062T\
<Cg:\x00\x00\x03\x00j\x00\x00\x02\xba\x02\xda\x00\
\x03\x00\x07\x00\x0b\x00\x00!\x113\x11!\x113\x11\x03\
5!\x15\x02Xb\xfd\xb0b\x14\x01\xb4\x02\xda\xfd&\
\x02\xda\xfd&\x01?XX\x00\x00\x04\x00*\x00\x00\x02\
\xfa\x02\xda\x00\x03\x00\x07\x00\x0b\x00\x0f\x00\x00\x135!\
\x15\x03\x113\x11!\x113\x11\x035!\x15*\x02\xd0\
\xa2b\xfd\xb0b\x14\x01\xb4\x02,PP\xfd\xd4\x02\xda\
\xfd&\x02\xda\xfd&\x01?XX\x00\x00\x01\x00l\x00\
\x00\x00\xce\x02\xda\x00\x03\x00\x003\x113\x11lb\x02\
\xda\xfd&\x00\x03\x00X\x00\x00\x01h\x02\xda\x00\x03\x00\
\x07\x00\x0b\x00\x007\x113\x11\x075!\x15\x015!\
\x15\xafb\xb9\x01\x10\xfe\xf0\x01\x10@\x02Z\xfd\xa6@\
TT\x02\x86TT\x00\xff\xff\x00c\x00\x00\x01R\x03\
\xb8\x02&\x00.\x00\x00\x00\x06\x00\x98c\x00\xff\xff\x00\
X\x00\x00\x01\x95\x03\xb8\x02&\x00/\x00\x00\x00\x07\x00\
\x98\x00\xa6\x00\x00\xff\xff\xff\xf7\x00\x00\x01C\x03\xb8\x02\
&\x00.\x00\x00\x00\x06\x00\xb1\xf7\x00\xff\xff\x00:\x00\
\x00\x01\x86\x03\xb8\x02&\x00/\x00\x00\x00\x06\x00\xb1:\
\x00\xff\xff\xff\xe4\x00\x00\x01Z\x03\xb8\x02&\x00.\x00\
\x00\x00\x06\x00\xc4\xe4\x00\xff\xff\x00'\x00\x00\x01\x9d\x03\
\xb8\x02&\x00/\x00\x00\x00\x06\x00\xc4'\x00\xff\xff\xff\
\xf2\x00\x00\x01H\x03\xa6\x02&\x00.\x00\x00\x00\x06\x00\
\xd5\xf2\x00\xff\xff\x005\x00\x00\x01\x8b\x03\xa6\x02&\x00\
/\x00\x00\x00\x06\x00\xd55\x00\xff\xff\x00\x5c\x00\x00\x00\
\xde\x03\xa6\x02&\x00.\x00\x00\x00\x06\x00\xdc\x5c\x00\xff\
\xff\x00X\x00\x00\x01h\x03\xa6\x02&\x00/\x00\x00\x00\
\x07\x00\xdc\x00\x9f\x00\x00\xff\xff\xff\xdd\x00\x00\x00\xce\x03\
\xb8\x02&\x00.\x00\x00\x00\x06\x01\x1c\xdd\x00\xff\xff\x00\
 \x00\x00\x01h\x03\xb8\x02&\x00/\x00\x00\x00\x06\x01\
\x1c \x00\xff\xff\xff\xf7\x00\x00\x01C\x03\x87\x02&\x00\
.\x00\x00\x00\x06\x01M\xf7\x00\xff\xff\x00:\x00\x00\x01\
\x86\x03\x87\x02&\x00/\x00\x00\x00\x06\x01M:\x00\xff\
\xff\x00\x22\xff\x02\x00\xd8\x02\xda\x02&\x00.\x00\x00\x00\
\x06\x01f\xea\x00\xff\xff\x00X\xff\x02\x01h\x02\xda\x02\
&\x00/\x00\x00\x00\x06\x01f8\x00\xff\xff\xff\xf3\x00\
\x00\x01Y\x03\xa0\x02&\x00.\x00\x00\x00\x06\x01\xcc\xf3\
\x00\xff\xff\x006\x00\x00\x01\x9c\x03\xa0\x02&\x00/\x00\
\x00\x00\x06\x01\xcc6\x00\x00\x02\x00&\xff\xee\x02\x22\x02\
\xda\x00\x13\x00\x17\x00\x00\x05\x22&&553\x15\x14\
\x163265\x113\x11\x14\x06\x06\x035!\x15\x01\
$GtCbXDDXbCs\xe6\x01\x9c\x12\
<vX\x19+KSSK\x01\xb0\xfebXv<\
\x02\x94XX\x00\x00\x01\x006\xff\xec\x01\xe8\x02\xda\x00\
\x13\x00\x00\x05\x22&&553\x15\x14\x16326\
5\x113\x11\x14\x06\x06\x01\x0f?b8bA66\
Ab8b\x142eLo\x819>>9\x02\x1d\
\xfd\xf5Le2\xff\xff\x00&\xff\xee\x02\x22\x03\xb8\x02\
&\x00B\x00\x00\x00\x07\x00\xc4\x00\x9b\x00\x00\xff\xff\x00\
6\xff\xec\x02t\x03\xb8\x02&\x00C\x00\x00\x00\x07\x00\
\xc4\x00\xfe\x00\x00\x00\x02\x00j\x00\x00\x02\xb0\x02\xda\x00\
\x07\x00\x0b\x00\x00!\x01#\x013\x01'\x01!\x113\
\x11\x026\xfe\xd7k\x01Sp\xfe\xcc\x09\x01\x88\xfd\xba\
b\x01U\x01\x85\xfe\xa0E\xfeA\x02\xda\xfd&\x00\xff\
\xff\x00j\xfe\xe4\x02\xb0\x02\xda\x02&\x00F\x00\x00\x00\
\x07\x00\xc8\x018\x00\x00\x00\x02\x00j\x00\x00\x02\x06\x02\
\xda\x00\x03\x00\x07\x00\x003\x113\x11#5!\x15j\
b\x14\x01N\x02\xda\xfd&XX\x00\xff\xff\x00a\x00\
\x00\x02\x06\x03\xb8\x02&\x00H\x00\x00\x00\x06\x00\x98a\
\x00\xff\xff\x00j\x00\x00\x02\x06\x033\x02&\x00H\x00\
\x00\x00\x07\x00\xb7\x01\x0e\x00\x07\xff\xff\x00j\xfe\xe4\x02\
\x06\x02\xda\x02&\x00H\x00\x00\x00\x07\x00\xc8\x00\xf5\x00\
\x00\x00\x04\x00\x1e\x00\x00\x02\x06\x02\xda\x00\x03\x00\x07\x00\
\x0b\x00\x0f\x00\x00\x1357\x15\x0557\x15\x03\x113\
\x11#5!\x15\xa7\xd4\xfe\xa3k\x1fb\x14\x01N\x01\
)T{T\xc6T>T\xfe\xe4\x02\xda\xfd&XX\
\x00\x00\x01\x00j\x00\x00\x03.\x02\xda\x00\x0f\x00\x003\
\x113\x133\x133\x11#\x11\x17\x03#\x037\x11j\
\x82\xd8\x10\xd7\x83b\x07\xcfx\xd0\x08\x02\xda\xfe\x19\x01\
\xe7\xfd&\x02o\x02\xfe*\x01\xd6\x02\xfd\x91\x00\x01\x00\
j\x00\x00\x02\xe7\x02\xda\x00\x0d\x00\x003\x113\x013\
\x07\x113\x11#\x01#7\x11j\xa0\x01s \x14^\
\xa2\xfe\x8d \x14\x02\xda\xfd~\x12\x02\x94\xfd&\x02\x82\
\x12\xfdl\xff\xff\x00j\x00\x00\x02\xe7\x03\xb8\x02&\x00\
N\x00\x00\x00\x07\x00\x98\x01\x81\x00\x00\xff\xff\x00j\x00\
\x00\x02\xe7\x03\xb8\x02&\x00N\x00\x00\x00\x07\x00\xb8\x00\
\xff\x00\x00\xff\xff\x00j\xfe\xe4\x02\xe7\x02\xda\x02&\x00\
N\x00\x00\x00\x07\x00\xc8\x01Y\x00\x00\xff\xff\x00j\x00\
\x00\x02\xe7\x03\xa0\x02&\x00N\x00\x00\x00\x07\x01\xcc\x01\
\x11\x00\x00\x00\x02\x008\xff\xee\x03*\x02\xee\x00\x15\x00\
)\x00\x00\x05\x22.\x02554>\x0232\x1e\x02\
\x15\x15\x14\x0e\x02'2>\x0254.\x02#\x22\x0e\
\x02\x15\x14\x1e\x02\x01\xb1b\x8e\x5c-.^\x8d``\
\x8d^.-\x5c\x8eb@gH&&Hg@@\
gH&&Hg\x12Fr\x82<\x16A\x84mB\
Bm\x84A\x16<\x82rFZ0Si:=j\
Q..Qj=:iS0\x00\x00\x05\x008\xff\
\xec\x03\xe3\x02\xee\x00\x14\x00&\x00*\x00.\x002\x00\
\x00\x05\x22.\x03554>\x0232\x16\x173\x11\
#\x06\x06'267\x07\x11\x17&&#\x22\x06\x06\
\x15\x14\x1e\x02\x055!\x15\x015!\x15\x015!\x15\
\x01\xb8R}[:\x1c.^\x91c)F\x18VV\
\x18F)&W\x1f!!\x1fV'X~D&J\
h\x01\x0b\x01b\xfe\x9e\x01D\xfe\xbc\x01X\x14.O\
bh0\x16B\x84mB\x0b\x09\xfd&\x09\x0bX\x10\
\x10'\x02^%\x11\x0fQ\x86R:kT0DX\
X\x01GXX\x01;XX\xff\xff\x008\xff\xee\x03\
*\x03\xb8\x02&\x00T\x00\x00\x00\x07\x00\x98\x01w\x00\
\x00\xff\xff\x008\xff\xee\x03*\x03\xb8\x02&\x00T\x00\
\x00\x00\x07\x00\xb1\x01\x0b\x00\x00\xff\xff\x008\xff\xee\x03\
*\x03\xb8\x02&\x00T\x00\x00\x00\x07\x00\xc4\x00\xf8\x00\
\x00\xff\xff\x008\xff\xee\x03*\x03\xa6\x02&\x00T\x00\
\x00\x00\x07\x00\xd5\x01\x06\x00\x00\xff\xff\x008\xff\xee\x03\
*\x03\xb8\x02&\x00T\x00\x00\x00\x07\x01\x1c\x00\xf1\x00\
\x00\xff\xff\x008\xff\xee\x03*\x03\xb8\x02&\x00T\x00\
\x00\x00\x07\x01*\x01)\x00\x00\xff\xff\x008\xff\xee\x03\
*\x03\x87\x02&\x00T\x00\x00\x00\x07\x01M\x01\x0b\x00\
\x00\x00\x03\x008\xff\xcc\x03*\x03\x04\x00\x03\x00\x19\x00\
-\x00\x00\x17\x013\x017\x22.\x02554>\x02\
32\x1e\x02\x15\x15\x14\x0e\x02'2>\x0254.\
\x02#\x22\x0e\x02\x15\x14\x1e\x02b\x02=`\xfd\xc3\xef\
b\x8e\x5c-.^\x8d``\x8d^.-\x5c\x8eb\
@gH&&Hg@@gH&&Hg4\
\x038\xfc\xc8\x22Fr\x82<\x16A\x84mBBm\
\x84A\x16<\x82rFZ0Si:=jQ.\
.Qj=:iS0\x00\xff\xff\x008\xff\xee\x03\
*\x03\xa0\x02&\x00T\x00\x00\x00\x07\x01\xcc\x01\x07\x00\
\x00\x00\x02\x00j\x00\x00\x02Z\x02\xde\x00\x16\x00\x1a\x00\
\x0075326654&&##532\
\x16\x16\x15\x15\x14\x06\x06#\x07\x113\x11\xb8\xa34D\
##D4\xa3\x91Zy>>yZ\xdfb\xfeV\
)F+,F(V9hG\x10Fi9\xfe\x02\
\xde\xfd\x22\x00\x02\x00j\x00\x00\x02v\x02\xde\x00\x16\x00\
\x1a\x00\x00\x135326654&&##5\
32\x16\x16\x15\x15\x14\x06\x06#\x01\x113\x11\xb8\xdc\
+7\x1c\x1c8*\xdc\xcaPm77lQ\xfe\xe8\
b\x01<V\x1e8%&7\x1eV0Z?\x10?\
Z0\xfe\xc4\x02\xde\xfd\x22\x00\x00\x03\x008\xff-\x03\
*\x02\xee\x00\x0c\x00\x22\x006\x00\x00\x05\x22&&5\
53\x15\x14\x1633\x15'\x22.\x02554>\
\x0232\x1e\x02\x15\x15\x14\x0e\x02'2>\x0254\
.\x02#\x22\x0e\x02\x15\x14\x1e\x02\x0286P,Z\
' |\xf2b\x8e\x5c-.^\x8d``\x8d^.\
-\x5c\x8eb@gH&&Hg@@gH&\
&Hg\xd3\x1fLBXg!&W\xc1Fr\x82\
<\x16A\x84mBBm\x84A\x16<\x82rFZ\
0Si:=jQ..Qj=:iS0\
\x00\x00\x03\x008\xff\xba\x03*\x02\xee\x00\x03\x00\x19\x00\
-\x00\x00\x05\x013\x01%\x22.\x02554>\x02\
32\x1e\x02\x15\x15\x14\x0e\x02'2>\x0254.\
\x02#\x22\x0e\x02\x15\x14\x1e\x02\x02\xa2\xfe\xf5`\x01\x0b\
\xfe\xafb\x8e\x5c-.^\x8d``\x8d^.-\x5c\
\x8eb@gH&&Hg@@gH&&H\
gF\x01l\xfe\x944Fr\x82<\x16A\x84mB\
Bm\x84A\x16<\x82rFZ0Si:=j\
Q..Qj=:iS0\x00\x00\x03\x00j\x00\
\x00\x02\xa4\x02\xde\x00\x03\x00\x07\x00\x1e\x00\x003\x113\
\x11!\x033\x13\x015326654&&#\
#532\x16\x16\x15\x15\x14\x06\x06#jb\x01a\
\xf2s\xf6\xfe\x03\xc4.B$$B.\xc4\xb2Px\
BCwP\x02\xde\xfd\x22\x01E\xfe\xbb\x01\x08W&\
C++C'V0dO\x10Od0\x00\x03\x00\
j\x00\x00\x02\x94\x02\xde\x00\x03\x00\x07\x00\x1c\x00\x003\
\x113\x11!\x033\x13\x01532654&#\
#532\x16\x16\x15\x15\x14\x06\x06#jb\x01[\
\x95i\x99\xfe$\xe2@<>>\xe2\xcfQl66\
lQ\x02\xde\xfd\x22\x01Q\xfe\xaf\x019WC99\
CV0[?\x10?[1\xff\xff\x00j\x00\x00\x02\
\xa4\x03\xb8\x02&\x00c\x00\x00\x00\x07\x00\x98\x01\x18\x00\
\x00\xff\xff\x00j\x00\x00\x02\x94\x03\xb8\x02&\x00d\x00\
\x00\x00\x07\x00\x98\x01\x19\x00\x00\xff\xff\x00j\x00\x00\x02\
\xa4\x03\xb8\x02&\x00c\x00\x00\x00\x07\x00\xb8\x00\x96\x00\
\x00\xff\xff\x00j\x00\x00\x02\x94\x03\xb8\x02&\x00d\x00\
\x00\x00\x07\x00\xb8\x00\x97\x00\x00\xff\xff\x00j\xfe\xe4\x02\
\xa4\x02\xde\x02&\x00c\x00\x00\x00\x07\x00\xc8\x013\x00\
\x00\xff\xff\x00j\xfe\xe4\x02\x94\x02\xde\x02&\x00d\x00\
\x00\x00\x07\x00\xc8\x015\x00\x00\x00\x01\x008\xff\xee\x02\
w\x02\xee\x000\x00\x00\x05\x22&&53\x14\x16\x16\
326654&''&&54663\
2\x16\x16\x15#4&&#\x22\x06\x06\x15\x14\x16\x17\
\x17\x1e\x02\x15\x14\x06\x06\x01W[\x80Db#SG\
BT(NKQatAtMLtAb!\
F86G#>=QKm;H\x82\x12<j\
C!B,'?%-;\x07\x07\x08hUCd\
98eF#>(&=#(>\x05\x07\x063\
U;Ch:\xff\xff\x008\xff\xee\x02w\x03\xb8\x02\
&\x00k\x00\x00\x00\x07\x00\x98\x01\x1e\x00\x00\xff\xff\x00\
8\xff\xee\x02w\x03\xb8\x02&\x00k\x00\x00\x00\x07\x00\
\xb8\x00\x9c\x00\x00\xff\xff\x008\xff\x08\x02w\x02\xee\x02\
&\x00k\x00\x00\x00\x07\x00\xbf\x01\x0d\x00\x00\xff\xff\x00\
8\xff\xee\x02w\x03\xb8\x02&\x00k\x00\x00\x00\x07\x00\
\xc4\x00\x9f\x00\x00\xff\xff\x008\xfe\xe4\x02w\x02\xee\x02\
&\x00k\x00\x00\x00\x07\x00\xc8\x01\x13\x00\x00\x00\x02\x00\
\x1a\x00\x00\x028\x02\xda\x00\x03\x00\x07\x00\x003\x113\
\x11\x015!\x15\xf8b\xfe\xc0\x02\x1e\x02\x96\xfdj\x02\
\x82XX\x00\x03\x00\x1a\x00\x00\x028\x02\xda\x00\x03\x00\
\x07\x00\x0b\x00\x00\x135!\x15\x03\x113\x11\x015!\
\x15\x5c\x01\x9a\xfeb\xfe\xc0\x02\x1e\x01@PP\xfe\xc0\
\x02\x96\xfdj\x02\x82XX\x00\xff\xff\x00\x1a\x00\x00\x02\
8\x03\xb8\x02&\x00q\x00\x00\x00\x06\x00\xb8m\x00\xff\
\xff\x00\x1a\xff\x08\x028\x02\xda\x02&\x00q\x00\x00\x00\
\x07\x00\xbf\x00\xe0\x00\x00\xff\xff\x00\x1a\xfe\xe4\x028\x02\
\xda\x02&\x00q\x00\x00\x00\x07\x00\xc8\x00\xe6\x00\x00\x00\
\x02\x00j\x00\x00\x02H\x02\xda\x00\x16\x00\x1a\x00\x007\
5326654&&##532\x16\x16\
\x15\x15\x14\x06\x06#\x07\x113\x11\xb8\x9a3@\x1f\x1f\
@3\x9a\x8cUt;;tU\xdab\x8cW$A\
++A%V9eB\x0eAf9\x8c\x02\xda\xfd\
&\x00\x01\x00\x5c\xff\xee\x02\xb9\x02\xda\x00\x15\x00\x00\x05\
\x22&&5\x113\x11\x14\x16\x1632665\x11\
3\x11\x14\x06\x06\x01\x8bc\x87Eb/\x5cBB[\
/bD\x86\x12M\x8b\x5c\x01\xb8\xfe<=]43\
]>\x01\xc4\xfeH\x5c\x8bM\xff\xff\x00\x5c\xff\xee\x02\
\xb9\x03\xb8\x02&\x00w\x00\x00\x00\x07\x00\x98\x01Q\x00\
\x00\xff\xff\x00\x5c\xff\xee\x02\xb9\x03\xb8\x02&\x00w\x00\
\x00\x00\x07\x00\xb1\x00\xe5\x00\x00\xff\xff\x00\x5c\xff\xee\x02\
\xb9\x03\xb8\x02&\x00w\x00\x00\x00\x07\x00\xc4\x00\xd2\x00\
\x00\xff\xff\x00\x5c\xff\xee\x02\xb9\x03\xa6\x02&\x00w\x00\
\x00\x00\x07\x00\xd5\x00\xe0\x00\x00\xff\xff\x00\x5c\xff\xee\x02\
\xb9\x03\xb8\x02&\x00w\x00\x00\x00\x07\x01\x1c\x00\xcb\x00\
\x00\xff\xff\x00\x5c\xff\xee\x02\xb9\x03\xb8\x02&\x00w\x00\
\x00\x00\x07\x01*\x01\x03\x00\x00\xff\xff\x00\x5c\xff\xee\x02\
\xb9\x03\x87\x02&\x00w\x00\x00\x00\x07\x01M\x00\xe5\x00\
\x00\xff\xff\x00\x5c\xff\x02\x02\xb9\x02\xda\x02&\x00w\x00\
\x00\x00\x07\x01f\x01&\x00\x00\xff\xff\x00\x5c\xff\xee\x02\
\xb9\x03\xd8\x02&\x00w\x00\x00\x00\x07\x01\x9c\x01\x14\x00\
\x00\xff\xff\x00\x5c\xff\xee\x02\xb9\x03\xa0\x02&\x00w\x00\
\x00\x00\x07\x01\xcc\x00\xe1\x00\x00\x00\x01\x00\x16\x00\x00\x02\
\xa6\x02\xda\x00\x09\x00\x00!\x033\x13'3\x07\x133\
\x03\x01\x13\xfde\xe30x3\xd1b\xeb\x02\xda\xfdf\
\x18\x18\x02\x9a\xfd&\x00\x00\x02\x00\x1e\x00\x00\x03\xf5\x02\
\xda\x00\x09\x00\x13\x00\x003\x033\x13'3\x07\x133\
\x03!\x033\x13'3\x07\x133\x03\xe3\xc5e\xab/\
w4\x8b\x5c\x9f\x01\x10\xaf_\x9d2x3\x99b\xb3\
\x02\xda\xfdf\x18\x18\x02|\xfdD\x02\xbc\xfd\x84\x18\x18\
\x02\x9a\xfd&\x00\xff\xff\x00\x1e\x00\x00\x03\xf5\x03\xb8\x02\
&\x00\x83\x00\x00\x00\x07\x00\x98\x01\xd1\x00\x00\xff\xff\x00\
\x1e\x00\x00\x03\xf5\x03\xb8\x02&\x00\x83\x00\x00\x00\x07\x00\
\xc4\x01R\x00\x00\xff\xff\x00\x1e\x00\x00\x03\xf5\x03\xa6\x02\
&\x00\x83\x00\x00\x00\x07\x00\xd5\x01`\x00\x00\xff\xff\x00\
\x1e\x00\x00\x03\xf5\x03\xb8\x02&\x00\x83\x00\x00\x00\x07\x01\
\x1c\x01K\x00\x00\x00\x01\x00\x10\x00\x00\x02\xa6\x02\xda\x00\
\x0f\x00\x003\x01\x15\x033\x133\x133\x03'\x01#\
\x03#\x03\x10\x01\x10\xf8o\xbf\x10\xc2j\xff\x01\x01\x14\
o\xda\x10\xd3\x01\x86\x12\x01f\xfe\xe8\x01\x18\xfe\x96\x12\
\xfe~\x013\xfe\xcd\x00\x00\x02\x00\x10\x00\x00\x02z\x02\
\xda\x00\x09\x00\x0d\x00\x00\x13\x033\x13'3\x07\x133\
\x03\x03\x113\x11\xf8\xe8f\xc4&v(\xb8`\xda\x84\
`\x01\x1c\x01\xbe\xfe\x82\x0b\x0b\x01~\xfeB\xfe\xe4\x01\
0\xfe\xd0\xff\xff\x00\x10\x00\x00\x02z\x03\xb8\x02&\x00\
\x89\x00\x00\x00\x07\x00\x98\x01\x09\x00\x00\xff\xff\x00\x10\x00\
\x00\x02z\x03\xb8\x02&\x00\x89\x00\x00\x00\x07\x00\xc4\x00\
\x8a\x00\x00\xff\xff\x00\x10\x00\x00\x02z\x03\xa6\x02&\x00\
\x89\x00\x00\x00\x07\x00\xd5\x00\x98\x00\x00\xff\xff\x00\x10\x00\
\x00\x02z\x03\xb8\x02&\x00\x89\x00\x00\x00\x07\x01\x1c\x00\
\x83\x00\x00\x00\x01\x00>\x00\x00\x02`\x02\xda\x00\x0f\x00\
\x0035\x01\x07'\x17!5!\x15\x01'\x17'!\
\x15>\x01\xc2\x01\x1a\x11\xfeQ\x02\x0c\xfe=\x01 \x19\
\x01\xcax\x02\x0f\x18$\x0bRx\xfd\xf1\x1c-\x10R\
\x00\xff\xff\x00>\x00\x00\x02`\x03\xb8\x02&\x00\x8e\x00\
\x00\x00\x07\x00\x98\x01\x0b\x00\x00\xff\xff\x00>\x00\x00\x02\
`\x03\xb8\x02&\x00\x8e\x00\x00\x00\x07\x00\xb8\x00\x89\x00\
\x00\xff\xff\x00>\x00\x00\x02`\x03\xa6\x02&\x00\x8e\x00\
\x00\x00\x07\x00\xdc\x01\x04\x00\x00\x00\x02\x00.\xff\xf2\x01\
\xeb\x02\x1c\x00\x14\x00.\x00\x00!5#54&#\
\x22\x06\x06\x075>\x0232\x16\x16\x15\x11\x07\x22&\
&546633\x15#\x22\x06\x15\x14\x1632\
667\x17\x0e\x02\x01\x9f\x1097\x1fB<\x16\x16\
14\x18Rh2\xfb<W/3bE\x91\x95:\
>>:\x22>)\x02\x1a\x05-O\xa0\xb978\x02\
\x02\x02T\x02\x03\x01'XK\xfe\xae\x0e)N79\
L'H8,,6\x19;4&9M(\x00\xff\
\xff\x00.\xff\xf2\x01\xeb\x03*\x02&\x00\x92\x00\x00\x00\
\x07\x00\x97\x00\xe6\x00\x00\xff\xff\x00.\xff\xf2\x01\xeb\x03\
*\x02&\x00\x92\x00\x00\x00\x06\x00\xb0~\x00\xff\xff\x00\
.\xff\xf2\x01\xeb\x03*\x02&\x00\x92\x00\x00\x00\x06\x00\
\xc3s\x00\xff\xff\x00\x00\x02d\x00\xbd\x03*\x00\x06\x00\
\x97\x00\x00\x00\x01\x00\x00\x02d\x00\xbd\x03*\x00\x03\x00\
\x00\x1173\x07Xeo\x02d\xc6\xc6\x00\x00\x01\x00\
\x00\x03\x14\x00\xef\x03\xb8\x00\x03\x00\x00\x1173\x07\x7f\
p\x97\x03\x14\xa4\xa4\x00\xff\xff\x00.\xff\xf2\x01\xeb\x02\
\xfa\x02&\x00\x92\x00\x00\x00\x06\x00\xd4u\x00\x00\x01\x00\
.\xff\xee\x03\x8f\x02&\x00Q\x00\x00\x05\x22.\x02'\
3\x0e\x02#\x22&&546633\x15#\x22\
\x06\x15\x14\x163266754&#\x22\x06\x06\
\x075>\x0232\x16\x16\x15#>\x0232\x16\x16\
\x15\x15!5!\x074&&#\x22\x06\x06\x15\x14\x16\
\x1632673\x0e\x02\x02\x976R<'\x0b\x1a\
\x055W:<W/3bE\x91\x95:>>:\
\x22>)\x0287\x1fB=\x16\x1614\x18Qc\
,B\x0a9fKUq8\xfeP\x01j\x16%H\
58K%%M<>O\x08Z\x0bBc\x12\x1c\
1@%:M')N79L'H8,,\
6\x19;4\x9378\x02\x02\x02T\x02\x03\x01&X\
L;`9JvC*H(9R,2Y;\
9Z35%7O*\x00\xff\xff\x00.\xff\xf2\x01\
\xeb\x03*\x02&\x00\x92\x00\x00\x00\x07\x01\x1b\x00\x8c\x00\
\x00\xff\xff\x00.\xff\xf2\x01\xeb\x02\xdf\x02&\x00\x92\x00\
\x00\x00\x07\x01L\x00\x8c\x00\x00\x00\x03\x00 \xff\xee\x02\
\x96\x02\xe2\x00\x18\x002\x006\x00\x00!\x01.\x025\
46632\x16\x17\x15.\x02#\x22\x06\x15\x14\x16\
\x17\x01\x05\x22&&55467\x17\x06\x06\x15\x14\
\x16\x16326653\x14\x0e\x02\x135!\x15\x02\
\x19\xfe\xd3.3\x151jT!R \x14@>\x14\
G9),\x01c\xfe\x97Mt@Q<2,7\
-K-Ff7V)Pu$\x01\x06\x01A2\
H@%AV+\x06\x04T\x02\x05\x0397,J\
/\xfe\x87\x12:d=\x0fHo\x22C\x16U3/\
@!O\x9bsd\x9fp<\x01\xa2LL\xff\xff\x00\
.\xff\x0e\x01\xf5\x02\x1c\x02&\x00\x92\x00\x00\x00\x07\x01\
e\x01\x09\x00\x00\xff\xff\x00.\xff\xf2\x01\xeb\x03:\x02\
&\x00\x92\x00\x00\x00\x07\x01\x9b\x00\xa7\x00\x00\x00\x01\x00\
B\x015\x01\xfa\x02\xd2\x00\x07\x00\x00\x13\x133\x13#\
\x03#\x03B\xa6n\xa4N\x81\x18\x83\x015\x01\x9d\xfe\
c\x01W\xfe\xa9\x00\x01\x00\x14\x00\xee\x01\xdb\x01\x94\x00\
\x19\x00\x00%\x22.\x02#\x22\x06\x07\x07>\x0232\
\x1e\x0232673\x0e\x02\x01Y$5,)\x17\
\x16 \x08B\x04'9\x1e$5,)\x17\x16!\x07\
B\x04'9\xee\x1c$\x1c\x1d&\x01-?\x22\x1c$\
\x1c\x1e%,?\x22\x00\x00\x03\x000\x01\x1b\x02\x07\x03\
\x0b\x00\x07\x00\x0f\x00\x17\x00\x00\x01'57\x17\x07\x15\
\x17\x03\x07\x07'7\x177'\x037\x17\x17'7'\
\x07\x01\xda\x99\x99-\x83\x83\xc8\x11T\xaa-s%\x10\
\xb5\xaaT\x11Z\x10%s\x01wl`lN9*\
9\x01F\xbb0OMT\x15\x8d\xfe\xadO0\xbb\x01\
\x8d\x15T\x00\x02\x00B\xff\x0d\x04\x22\x02\xee\x00J\x00\
[\x00\x00\x05\x22.\x0254>\x0232\x1e\x02\x15\
\x14\x06\x06#\x22&&553\x0e\x02#\x22&&\
5546632\x16\x16\x17#53\x11\x14\x16\
\x16326654.\x02#\x22\x0e\x02\x15\x14\x16\
\x163267\x15\x06\x06\x03266554&\
&#\x22\x06\x06\x15\x14\x16\x16\x025l\xb7\x86JH\
\x85\xbaqc\xb0\x88M6_?/D%\x1d\x037\
W3=a8:c=7X7\x03$N\x13 \
\x13\x22:$?p\x91Q`\x9bn:h\xbbz \
<\x1c\x1c<5'C(*B&+A#$@\
\xf3G\x83\xb5nj\xb6\x88L9o\xa3kX\x8aP\
(G.>G^.=hB\x10Bf:0Z\
A\xbd\xfe\xcc\x1c$\x117dE[\x88Z-@s\
\x99Yz\xb9g\x07\x07S\x06\x07\x01M$F2\x1a\
/=\x1f'G00J)\xff\xff\x00.\xff\xf2\x01\
\xeb\x02\xf9\x02&\x00\x92\x00\x00\x00\x06\x01\xcby\x00\x00\
\x02\x00\x5c\xff\xee\x02}\x02\xda\x00\x19\x00*\x00\x00\x05\
\x22&&'3\x15#\x113\x11\x07>\x0232\x1e\
\x02\x15\x15\x14\x0e\x02'26654&&#\x22\
\x06\x06\x15\x15\x14\x16\x16\x01vBg<\x03\x1aL`\
\x22\x04>e=9^D$%FaF6P,\
-P50R12R\x12:oN\xe5\x02\xda\xfe\
\x9dIWn5+Kc9\x129dM,T4\
[<<Z1+Q9.7N*\x00\x00\x01\x00\
\x10\xff\xc4\x01H\x03\x0c\x00\x03\x00\x00\x17\x033\x13\xef\
\xdfY\xdf<\x03H\xfc\xb8\x00\x00\x01\x00\x90\xff8\x00\
\xe6\x02\xda\x00\x03\x00\x00\x17\x113\x11\x90V\xc8\x03\xa2\
\xfc^\x00\x00\x01\x008\xffJ\x01J\x03\x08\x00#\x00\
\x00\x05\x22&554&#5265546\
33\x15#\x22\x06\x15\x15\x14\x06\x07\x15\x16\x16\x15\x15\
\x14\x1633\x15\x014Rf&\x1e\x1e&fR\x16\
\x16,00..00,\x16\xb6bZ\xb8\x1f!\
Z!\x1f\xb4ZbL75\xae49\x06\x08\x068\
5\xb257L\x00\x01\x008\xff\x8a\x01J\x03&\x00\
#\x00\x00\x05\x22&554&#52655\
4633\x15#\x22\x06\x15\x15\x14\x06\x07\x15\x16\x16\
\x15\x15\x14\x1633\x15\x012Qe&\x1e\x1e&e\
Q\x18\x18+/0..0/+\x18v`Z\xa9\
\x1f!Z!\x1f\xa5Z`L44\xa149\x06\x08\
\x0685\xa544L\xff\xff\x00.\xffJ\x01@\x03\
\x08\x00G\x00\xa8\x01x\x00\x00\xc0\x00@\x00\xff\xff\x00\
.\xff\x8a\x01@\x03&\x00G\x00\xa9\x01x\x00\x00\xc0\
\x00@\x00\x00\x03\x00n\xffJ\x01B\x03\x08\x00\x03\x00\
\x07\x00\x0b\x00\x00\x17\x113\x11#53\x15\x0353\
\x15n\x5c0\xa8\xa8\xa8\xb6\x03\xbe\xfcBLL\x03r\
LL\x00\x00\x03\x00n\xff\x8a\x01B\x03&\x00\x03\x00\
\x07\x00\x0b\x00\x00\x17\x113\x11#53\x15\x0353\
\x15n\x5c0\xa8\xa8\xa8v\x03\x9c\xfcdLL\x03P\
LL\x00\xff\xff\x006\xffJ\x01\x0a\x03\x08\x00G\x00\
\xac\x01x\x00\x00\xc0\x00@\x00\xff\xff\x006\xff\x8a\x01\
\x0a\x03&\x00G\x00\xad\x01x\x00\x00\xc0\x00@\x00\x00\
\x01\x00\x00\x02^\x012\x03*\x00\x0d\x00\x00\x13\x22&\
'3\x16\x1632673\x06\x06\x9aKL\x03B\
\x04+))-\x04>\x03J\x02^kaCII\
Cak\x00\x01\x00\x00\x03\x0e\x01L\x03\xb8\x00\x0f\x00\
\x00\x13\x22&&'3\x16\x1632673\x0e\x02\
\xa69G#\x03D\x02,451\x02>\x02$G\
\x03\x0e.M/+??+/M.\x00\x00\x02\x00\
\x90\xff8\x00\xe6\x02\xda\x00\x03\x00\x07\x00\x00\x13\x113\
\x11\x03\x113\x11\x90VVV\x01^\x01|\xfe\x84\xfd\
\xda\x01r\xfe\x8e\x00\x01\x00`\x00\xa2\x01P\x01\x9e\x00\
\x03\x00\x00753\x15`\xf0\xa2\xfc\xfc\x00\x00\x01\x00\
4\xff\xee\x028\x02(\x00#\x00\x00\x05\x22.\x025\
54>\x0232\x16\x16\x17#&&#\x22\x06\x06\
\x15\x14\x16\x16326673\x0e\x02\x01AEe\
B!!CdCCkA\x04\x5c\x07NB9L\
&&M:-B(\x04\x5c\x03Cm\x120Qb\
1\x123bO02[>2C4Z97[\
5 6\x22?\x5c3\xff\xff\x004\xff\xee\x028\x03\
*\x02&\x00\xb4\x00\x00\x00\x07\x00\x97\x01\x0e\x00\x00\x00\
\x01\x00\x00\x02d\x019\x03*\x00\x07\x00\x00\x13'3\
\x17373\x07nnOR\x08EKa\x02d\xc6\
\x96\x96\xc6\x00\x01\x00P\x02<\x00\x9e\x03,\x00\x03\x00\
\x00\x1353\x07PN\x0c\x02<\xf0\xf0\x00\x00\x01\x00\
\x00\x03\x14\x01l\x03\xb8\x00\x07\x00\x00\x13'3\x173\
73\x07\x83\x83Y[\x10QWy\x03\x14\xa4tt\
\xa4\xff\xff\x004\xff\xee\x028\x03*\x02&\x00\xb4\x00\
\x00\x00\x07\x00\xb6\x00\x9c\x00\x00\xff\xff\x004\xff\x0e\x02\
8\x02(\x02&\x00\xb4\x00\x00\x00\x07\x00\xbe\x00\xc1\x00\
\x00\xff\xff\x004\xff\xee\x028\x03*\x02&\x00\xb4\x00\
\x00\x00\x07\x00\xc3\x00\x9b\x00\x00\xff\xff\x004\xff\xee\x02\
8\x02\xfa\x02&\x00\xb4\x00\x00\x00\x07\x00\xdb\x01\x01\x00\
\x00\xff\xff\x004\xff\x0e\x00\xfa\x00\x0a\x00\x06\x00\xbe\x00\
\x00\x00\x01\x004\xff\x0e\x00\xfa\x00\x0a\x00\x18\x00\x00\x17\
\x22&'5\x16\x1632654&##53\
\x15'32\x16\x15\x14\x06x\x13#\x0e\x0e%\x11 \
\x1e\x19\x1d&:)\x109FE\xf2\x05\x04@\x04\x05\
\x15\x10\x10\x13t_%/,+<\x00\x01\x00\x00\xff\
\x08\x00\xd2\x00\x0a\x00\x18\x00\x00\x17\x22&'5\x16\x16\
32654&##53\x15'32\x16\x15\
\x14\x06H\x13'\x0e\x0f(\x11\x22\x22\x1e\x1d(@,\
\x10;JI\xf8\x06\x04D\x04\x06\x15\x10\x0f\x12x_\
%0-,?\x00\x03\x004\x00\x00\x02:\x02\xda\x00\
\x22\x00&\x00*\x00\x00%\x22.\x02554>\x02\
32\x16\x16\x17#&&#\x22\x06\x06\x15\x14\x16\x16\
32673\x0e\x02\x0753\x15\x0353\x15\x01\
@EeB !BeDAhC\x08\x5c\x07R\
?7N)(M9AW\x06\x5c\x06FmlV\
VVh,J[.\x140[I++S>/\
;.R75S/?.<V-h\x92\x92\x02\
H\x92\x92\x00\x03\x00S\x00\x00\x02Y\x02\xda\x00\x22\x00\
&\x00*\x00\x00%\x22.\x02554>\x0232\
\x16\x16\x17#&&#\x22\x06\x06\x15\x14\x16\x1632\
673\x0e\x02\x0753\x15\x0353\x15\x01_E\
eB !BeDAhC\x08\x5c\x07R?7\
N)(M9AW\x06\x5c\x06FmlVVV\
h,J[.\x140[I++S>/;.\
R75S/?.<V-h\x92\x92\x02H\x92\
\x92\xff\xff\x00\x00\x02d\x01F\x03*\x00\x06\x00\xc3\x00\
\x00\x00\x01\x00\x00\x02d\x01F\x03*\x00\x07\x00\x00\x11\
73\x17#'#\x07nllNP\x08R\x02d\
\xc6\xc6\x96\x96\x00\x00\x01\x00\x00\x03\x14\x01v\x03\xb8\x00\
\x07\x00\x00\x1173\x17#'#\x07\x80t\x82Y\x5c\
\x10Z\x03\x14\xa4\xa4tt\x00\xff\xff\x00I\x00\x00\x00\
\xbd\x01\xec\x02&\x01|\x00\x00\x00\x07\x01|\x00\x00\x01\
r\x00\x01\x00\x1a\xffc\x00\xc6\x00\x82\x00\x03\x00\x00\x17\
'\x13\x17gM]O\x9d\x1d\x01\x02\x1e\x00\xff\xff\x00\
\x00\xfe\xec\x00\x82\xff\xce\x00\x0f\x00\xc9\x00\x82\x02(\xc0\
\x00\x00\x01\x00\x00\xfe\xe4\x00\x88\xff\xce\x00\x17\x00\x00\x11\
532655\x17\x06\x06#\x22&5463\
2\x16\x15\x15\x14\x06#\x09#&\x18\x07\x17\x12\x16\x22\
$\x16 ,G:\xfe\xe40-\x22\x1b\x07\x09\x0f\x1b\
\x1b\x1d\x1c12\x06=D\x00\x00\x01\x00\x00\x02Z\x00\
\x82\x03<\x00\x17\x00\x00\x13\x22&554633\
\x15#\x22\x06\x17\x17#6632\x16\x15\x14\x06H\
\x1f)?<\x07\x09$\x22\x01\x01\x14\x05\x18\x10\x14\x1e\
!\x02Z22\x06;=.'\x1d \x0a\x0f\x18\x1b\
\x1c\x1a\x00\x00\x03\x002\x00t\x02\xa0\x02\xee\x00\x15\x00\
%\x00C\x00\x00%\x22.\x02554>\x0232\
\x1e\x02\x15\x15\x14\x0e\x02'26654&&#\
\x22\x06\x06\x15\x14\x16\x167\x22&&55466\
32\x16\x17#&&#\x22\x06\x15\x14\x16\x1632\
673\x06\x06\x01iQvK%&LvOP\
uL&%KvQMq==qMMq=\
=qS<I #I9>T\x04>\x04,(\
4-\x13+#(/\x04>\x03Xt8\x5cm4\
\x126mZ66Zm6\x124m\x5c86I\
xFIwGGwIFxIP7R'\x0d\
*Q4E= &D5\x228!) >G\
\x00\x00\x06\x00*\x00]\x02p\x02\x83\x00\x11\x00\x15\x00\
\x19\x00)\x00-\x001\x00\x00%\x22&&554\
6632\x16\x16\x15\x15\x14\x06\x06\x05'7\x17\x03\
'7\x17\x1326654&&#\x22\x06\x06\x15\
\x14\x16\x16\x05'7\x17\x03'7\x17\x01MKf3\
3fKLe33e\xfe\xcb:g::g:\
g\x82.?!\x22?-,@\x22!@\x01\x16g\
:gg:g:\x91Ac3\x104c@@c\
4\x103cA4:g:\x01\x1eg:g\xfe\xc5\
%A)+@$$@+)A%\x84g:g\
\x01K:g:\x00\x06\x00>\x00]\x02f\x02\x83\x00\
\x11\x00\x15\x00\x19\x00)\x00-\x001\x00\x00%\x22&\
&5546632\x16\x16\x15\x15\x14\x06\x06\x05\
'7\x17\x03'7\x17\x1326654&&#\
\x22\x06\x06\x15\x14\x16\x16\x05'7\x17\x03'7\x17\x01\
RF_00_FG^00^\xfe\xdf:g\
::g:gs)8\x1e\x1f8('9\x1f\x1e\
9\x01\x02g:gg:g:\x93@b3\x104\
b??b4\x103b@6:g:\x01\x1eg\
:g\xfe\xc7%@(*@##@*(@%\
\x86g:g\x01K:g:\x00\x02\x004\xff\xee\x02\
U\x02\xda\x00\x19\x00*\x00\x00\x05\x22.\x02554\
>\x0232\x16\x16\x17'\x113\x11#53\x0e\x02\
'266554&&#\x22\x06\x06\x15\x14\x16\
\x16\x01;9`G'&E_:=d@\x04(\
`L\x1c\x04Dg.1P01Q05Q-\
.R\x12*Ld:\x129dL+3lV@\
\x01g\xfd&\xed[q3T,S8.7M)\
2Z==[1\x00\x00\x03\x000\xff8\x01\xf2\x02\
\xda\x00\x03\x00\x07\x00\x0b\x00\x00\x17\x113\x11\x015!\
\x15%53\x15\xe6V\xfe\xf4\x01\xc2\xfe\xf4V\xc8\x02\
>\xfd\xc2\x02\x92LL*\xe6\xe6\x00\x00\x05\x000\xff\
8\x01\xf2\x02\xda\x00\x03\x00\x07\x00\x0b\x00\x0f\x00\x13\x00\
\x00\x135!\x15\x0153\x15%5!\x15%53\
\x15\x0353\x150\x01\xc2\xfe\xf4V\xfe\xf4\x01\xc2\xfe\
\xf4VVV\x01\xcaLL\xfdn\xe6\xe6\xc4LL\x9a\
\xe6\xe6\x01^\xe6\xe6\x00\xff\xff\x004\xff\xee\x02\xf3\x03\
,\x02&\x00\xcd\x00\x00\x00\x07\x00\xb7\x02U\x00\x00\xff\
\xff\x004\xff\xee\x02\x9b\x02\xda\x02&\x00\xcd\x00\x00\x00\
\x07\x01\xb8\x01W\x01x\x00\x02\x00\x1c\x01\xa7\x01V\x02\
\xda\x00\x0f\x00\x1b\x00\x00\x13\x22&&54663\
2\x16\x16\x15\x14\x06\x06'2654&#\x22\x06\
\x15\x14\x16\xb9.G((G./F((F/\
)..))..\x01\xa7*F**E**\
E**F*@6$#66#$6\x00\xff\
\xff\x00\x00\x02\x84\x01D\x02\xfa\x00\x06\x00\xd4\x00\x00\xff\
\xff\x00\x00\x02\x84\x01D\x02\xfa\x02&\x00\xdb\x00\x00\x00\
\x07\x00\xdb\x00\xc8\x00\x00\xff\xff\x00\x00\x03,\x01V\x03\
\xa6\x02&\x00\xdc\x00\x00\x00\x07\x00\xdc\x00\xd4\x00\x00\x00\
\x03\x00B\x00X\x02\x0c\x02X\x00\x03\x00\x07\x00\x0b\x00\
\x00\x135!\x15\x0553\x15\x0353\x15B\x01\xca\
\xfe\xe7hhh\x012LL\xdapp\x01\x90pp\
\x00\x00\x03\x00c\x00X\x02A\x02X\x00\x03\x00\x07\x00\
\x0b\x00\x00\x135!\x15\x0553\x15\x0353\x15c\
\x01\xde\xfe\xddhhh\x012LL\xdapp\x01\x90\
pp\x00\x00\x01\x00\x00\xff\xc4\x01\xaa\x03+\x00\x03\x00\
\x00\x15\x013\x01\x01ZP\xfe\xa6<\x03g\xfc\x99\x00\
\x03\x008\xff\x7f\x02R\x03;\x00.\x002\x006\x00\
\x00!\x22&&53\x14\x16\x1632654&\
''&&546632\x16\x16\x15#4&\
&#\x22\x06\x06\x15\x14\x16\x17\x17\x16\x16\x15\x14\x06\x06\
\x0753\x15\x0353\x15\x01EVx?Z!N\
DZWNJB`r=oKKm<Z \
C71E%>@Bk\x81Bx~VZV\
9iG\x22F/L10@\x07\x06\x09b[?\
Y05eG$A*\x1f6!+?\x06\x06\x0a\
iZ>]4\x81\x92\x92\x03*\x92\x92\x00\x00\x03\x00\
T\xff\x7f\x02c\x03;\x00.\x002\x006\x00\x00%\
\x22&&53\x14\x16\x1632654&''\
&&546632\x16\x16\x15#4&&#\
\x22\x06\x06\x15\x14\x16\x17\x17\x16\x16\x15\x14\x06\x06\x075\
3\x15\x0353\x15\x01\x5cTv>Z LBW\
TKGB^n<lIIk:Z\x1eA5\
/C#;=Bh~@v|VZV\x019\
hG\x22E/K1/A\x07\x06\x08c[?Y\
/5dG#A*\x1f5!+@\x05\x06\x0ai\
Z>]3\x82\x92\x92\x03*\x92\x92\x00\x01\x00\x00\x02\
\x84\x00|\x02\xfa\x00\x0b\x00\x00\x13\x22&5463\
2\x16\x15\x14\x06>\x1f\x1f\x1f\x1f \x1e\x1e\x02\x84\x22\
\x19\x1a!!\x1a\x19\x22\x00\x01\x00\x00\x03,\x00\x82\x03\
\xa6\x00\x0b\x00\x00\x13\x22&54632\x16\x15\x14\
\x06A\x1f\x22\x22\x1f !!\x03,\x22\x1b\x1b\x22\x22\
\x1b\x1b\x22\x00\x01\x004\xff\xee\x028\x02(\x00'\x00\
\x00\x05\x22.\x02554>\x0232\x16\x16\x15\x15\
!5!\x074&&#\x22\x06\x06\x15\x14\x16\x163\
2673\x0e\x02\x01?Ff@\x1f\x1f@cC\
Wq7\xfe&\x01\x94\x16$H79K%%N\
<?O\x08Z\x0bBd\x120Ob3\x124b\
O/KvC+H'9S.4Z;9[\
58%7P*\x00\xff\xff\x004\xff\xee\x028\x03\
*\x02&\x00\xdd\x00\x00\x00\x07\x00\x97\x01\x08\x00\x00\xff\
\xff\x004\xff\xee\x028\x03*\x02&\x00\xdd\x00\x00\x00\
\x07\x00\xb0\x00\xa0\x00\x00\xff\xff\x004\xff\xee\x028\x03\
*\x02&\x00\xdd\x00\x00\x00\x07\x00\xb6\x00\x96\x00\x00\xff\
\xff\x004\xff\xee\x028\x03*\x02&\x00\xdd\x00\x00\x00\
\x07\x00\xc3\x00\x95\x00\x00\xff\xff\x004\xff\xee\x028\x02\
\xfa\x02&\x00\xdd\x00\x00\x00\x07\x00\xd4\x00\x97\x00\x00\xff\
\xff\x004\xff\xee\x028\x02\xfa\x02&\x00\xdd\x00\x00\x00\
\x07\x00\xdb\x00\xfb\x00\x00\xff\xff\x004\xff\xee\x028\x03\
*\x02&\x00\xdd\x00\x00\x00\x07\x01\x1b\x00\xae\x00\x00\x00\
\x03\x002\xff\xee\x02K\x02\xec\x00!\x001\x00=\x00\
\x00\x05\x22&&546675.\x02546\
632\x16\x16\x15\x14\x06\x06\x07\x15\x1e\x02\x15\x14\x06\
\x06'26654&&#\x22\x06\x06\x15\x14\x16\
\x16\x132654&#\x22\x06\x15\x14\x16\x01>N\
yE\x22<&\x1e1\x1dCoBCoB\x1c1\
\x1f'<\x22EyO7N*)N87N)\
)N7DRSCCSS\x128dB,G\
4\x0e\x0a\x0d,<&?X//X?&<,\
\x0d\x0a\x0e5G+Bd8R#A,,@#\
#@,,A#\x01k;=>9:==;\
\x00\xff\xff\x00\x22\xff\xf5\x01m\x01\x9d\x02\x07\x00\xe7\x00\
\x00\xff\x01\x00\x03\x00\x22\x00\xf4\x01m\x02\x9c\x00\x1b\x00\
'\x003\x00\x007\x22&54675&&5\
46632\x16\x16\x15\x14\x06\x07\x15\x16\x16\x15\x14\
\x06'2654&#\x22\x06\x15\x14\x16726\
54&#\x22\x06\x15\x14\x16\xc7MX- \x19'\
&E--E&%\x1a -YM(..(\
'//'\x22'&#\x22&'\xf4@8)6\
\x07\x08\x08*%#0\x18\x18/$%*\x08\x08\x07\
6)8@C#\x1d\x1e##\x1e\x1d#\xbd\x1c\x17\
\x17\x1b\x1c\x16\x17\x1c\x00\x00\x03\x00D\xff\xee\x02`\x02\
\xec\x00!\x001\x00=\x00\x00\x05\x22&&546\
675.\x02546632\x16\x16\x15\x14\x06\
\x06\x07\x15\x1e\x02\x15\x14\x06\x06'26654&\
&#\x22\x06\x06\x15\x14\x16\x16\x132654&#\
\x22\x06\x15\x14\x16\x01ROzE#<&\x1e1\x1e\
CpCDoC\x1e1\x1e&<#EzO7\
O**N87O**O7DTTDD\
TU\x128dB+G5\x0e\x0a\x0d,<&?\
X//X?&<,\x0d\x0a\x0e5G+Bd\
8R#A,,@##@,,A#\x01k\
;==::==;\x00\xff\xff\x00T\x00\x00\x02\
\xd2\x00z\x00&\x01|\x0b\x00\x00'\x01|\x01\x10\x00\
\x00\x00\x07\x01|\x02\x15\x00\x00\xff\xff\x004\xff\xee\x02\
8\x02\xdf\x02&\x00\xdd\x00\x00\x00\x07\x01L\x00\xae\x00\
\x00\x00\x01\x00\x12\x00\xed\x03r\x01?\x00\x03\x00\x007\
5!\x15\x12\x03`\xedRR\x00\x01\x00\x12\x01H\x03\
r\x01\x9a\x00\x03\x00\x00\x135!\x15\x12\x03`\x01H\
RR\x00\x00\x01\x00\x12\x00\xed\x01\xee\x01?\x00\x03\x00\
\x0075!\x15\x12\x01\xdc\xedRR\x00\x01\x00\x12\x01\
H\x01\xee\x01\x9a\x00\x03\x00\x00\x135!\x15\x12\x01\xdc\
\x01HRR\x00\x00\x02\x00\x5c\xff8\x02,\x02&\x00\
\x0b\x00\x22\x00\x00\x055326553\x15\x14\x06\
#%\x113\x15#466332\x16\x15\x11#\
\x114&#\x22\x06\x15\x11\x011F),`ab\
\xfe\xf3L\x0c+XC\x04ea`F=?N\xc8\
V-(1#bW\xc8\x02\x16\xe5Om9~w\
\xfe\xcf\x01E>KNA\xfe\xc1\x00\xff\xff\x004\xff\
.\x028\x02(\x02&\x00\xdd\x00\x00\x00\x07\x01e\x01\
\x06\x00 \x00\x02\x00B\x00\xcb\x02\x0c\x01\xc9\x00\x03\x00\
\x07\x00\x00\x135!\x15\x055!\x15B\x01\xca\xfe6\
\x01\xca\x01}LL\xb2LL\x00\x02\x00c\x00\xcb\x02\
A\x01\xc9\x00\x03\x00\x07\x00\x00\x135!\x15\x055!\
\x15c\x01\xde\xfe\x22\x01\xde\x01}LL\xb2LL\x00\
\x03\x004\xff\xec\x02R\x03\x00\x00$\x004\x008\x00\
\x00\x05\x22.\x025546632\x16\x16\x17#\
&&'&&#\x22\x06\x0756632\x16\x16\
\x15\x15\x14\x06\x06'26654&&#\x22\x06\
\x06\x15\x14\x16\x16\x13'7\x17\x01EIhA\x1f:\
uV?X3\x05\x0a\x01!,\x17>1\x1e6\x1b\
\x1b5\x1fk\x82;5vb;O'*O:9\
N('O_\x22\xe6\x22\x14-K]/\x14Bu\
I*I.i\x84\x1f\x11\x12\x04\x04L\x04\x04X\xb6\
\x8e\x1aY\x90SV.S78S--S87\
S.\x01\xd4*\xc0*\xff\xff\x004\xff\xee\x028\x02\
\xf9\x02&\x00\xdd\x00\x00\x00\x07\x01\xcb\x00\x9b\x00\x00\x00\
\x03\x00\x12\xff\xf2\x02\x96\x02\xe8\x00\x1c\x00 \x00$\x00\
\x00\x05\x22&554632\x16\x16\x17#&&\
#\x22\x06\x15\x14\x1632673\x0e\x02\x015!\
\x15%5!\x15\x01\x95\x91\x9a\x94\x90Vp9\x03V\
\x04VRdjofUR\x04V\x038p\xfe'\
\x01\xbc\xfeV\x01\xbc\x0e\xbb\xb9\x0e\xb9\xbb8b@?\
I\x8a\x9f\x9f\x8aI?Ab7\x01\x05BB\x98B\
B\x00\x03\x00\x17\xff\xf2\x02\x89\x02\xe8\x00\x1c\x00 \x00\
$\x00\x00\x05\x22&554632\x16\x16\x17#\
&&#\x22\x06\x15\x14\x1632673\x0e\x02\x01\
5!\x15%5!\x15\x01\x92\x8e\x93\x8c\x8dTk5\
\x03V\x04NOabhcPM\x04V\x034k\
\xfe0\x01\xb2\xfe`\x01\xb2\x0e\xbc\xb8\x0e\xb8\xbc8b\
@?I\x8b\x9e\x9d\x8cI?@b8\x01\x05BB\
\x98BB\x00\x02\x00Z\x00\x00\x00\xce\x02\xda\x00\x03\x00\
\x07\x00\x007\x113\x11\x0753\x15cbkt\xda\
\x02\x00\xfe\x00\xdazz\xff\xff\x00Z\xff<\x00\xce\x02\
\x16\x00G\x00\xf7\x00\x00\x02\x16@\x00\xc0\x00\xff\xff\x00\
Z\x00\x00\x00\xce\x02\xda\x00G\x00\xf7\x00\x00\x02\xda@\
\x00\xc0\x00\x00\x02\x00 \x00\x00\x01o\x02\xde\x00\x0b\x00\
\x0f\x00\x003\x114633\x15#\x22\x06\x15\x11\x03\
5!\x15j^[BR%(\xa6\x01O\x021Y\
TP)$\xfd\xbf\x01\xc8HH\x00\x00\x02\x00 \x00\
\x00\x01|\x02\xea\x00\x0f\x00\x13\x00\x003\x11463\
2\x16\x15#4&#\x22\x06\x15\x11\x035!\x15j\
L@BDL\x1c\x1a\x19\x1b\xa6\x01F\x02i:G\
I8\x17  \x17\xfd\x97\x01\xc4HH\x00\x00\x03\x00\
 \x00\x00\x02\xc6\x02\xe4\x00\x0b\x00\x17\x00\x1b\x00\x003\
\x114633\x15#\x22\x06\x15\x113\x11463\
3\x15#\x22\x06\x15\x11\x015!\x15j^[6F\
%(\xfb^[BR%(\xfe\x03\x02\xa6\x027Y\
TP)$\xfd\xb9\x021YTP)$\xfd\xbf\x01\
\xc8HH\x00\x03\x00 \x00\x00\x02\xda\x02\xea\x00\x0f\x00\
\x1f\x00#\x00\x003\x114632\x16\x15#4&\
#\x22\x06\x15\x11!\x114632\x16\x15#4&\
#\x22\x06\x15\x11\x015!\x15jJ@@@L\x1a\
\x18\x18\x18\x01\x02LBBBL\x1c\x1a\x19\x1b\xfd\xfc\
\x02\xa4\x02c9HH9\x17  \x17\xfd\x9d\x02i\
:GG:\x17  \x17\xfd\x97\x01\xc4HH\x00\x00\
\x06\x00 \x00\x00\x03\x90\x02\xea\x00\x0b\x00\x17\x00\x1b\x00\
\x1f\x00#\x00/\x00\x003\x114633\x15#\x22\
\x06\x15\x113\x114633\x15#\x22\x06\x15\x11!\
\x113\x11\x015!\x15\x1753\x15'\x22&54\
632\x16\x15\x14\x06j^[6F%(\xfb^\
[<L%(\x01\x13`\xfc\x90\x02\x8c6\xaeE \
\x1f\x1f  \x1f\x1f\x02=YTP)$\xfd\xb3\x02\
7YTP)$\xfd\xb9\x02\x16\xfd\xea\x01\xceHH\
\x04LL\xa2\x22\x1a\x1a\x22\x22\x1a\x1a\x22\x00\x00\x06\x00\
 \x00\x00\x03\x98\x02\xea\x00\x0f\x00\x1f\x00#\x00'\x00\
+\x007\x00\x003\x114632\x16\x15#4&\
#\x22\x06\x15\x11!\x114632\x16\x15#4&\
#\x22\x06\x15\x11!\x113\x11\x015!\x15\x1753\
\x15'\x22&54632\x16\x15\x14\x06jJ@\
@@L\x1b\x17\x17\x19\x01\x03LBBBL\x1d\x19\
\x19\x1b\x01\x13`\xfc\x88\x02\x906\xb2C \x1f\x1f \
 \x1f\x1f\x02e9FF9\x17\x1e\x1e\x17\xfd\x9b\x02\
k:EE:\x17\x1e\x1e\x17\xfd\x95\x02\x16\xfd\xea\x01\
\xceHH\x04LL\xa2\x22\x1a\x1a\x22\x22\x1a\x1a\x22\x00\
\x06\x00 \xff8\x03\x93\x02\xec\x00\x0b\x00\x17\x00$\x00\
(\x00,\x008\x00\x003\x114633\x15#\x22\
\x06\x15\x113\x114633\x15#\x22\x06\x15\x11\x17\
53265\x113\x11\x14\x06\x06#\x015!\x15\
\x1753\x15'\x22&54632\x16\x15\x14\x06\
j^[6F%(\xfb^[5E%(\x91:\
&)\x5c%QC\xfdF\x02\x936\xaaE \x1f\x1f\
  \x1f\x1f\x02=YTP)$\xfd\xb3\x027Y\
TP)$\xfd\xb9\xc8V*%\x029\xfd\xd5CN\
\x22\x02\x96HH\x04LL\xaa\x22\x1a\x1a\x22\x22\x1a\x1a\
\x22\x00\x06\x00 \xff8\x03\x9b\x02\xec\x00\x0f\x00\x1f\x00\
,\x000\x004\x00@\x00\x003\x114632\x16\
\x15#4&#\x22\x06\x15\x11!\x114632\x16\
\x15#4&#\x22\x06\x15\x11\x1753265\x11\
3\x11\x14\x06\x06#\x015!\x15\x1753\x15'\x22\
&54632\x16\x15\x14\x06jJ@@@L\
\x1b\x17\x16\x1a\x01\x03LAABL\x1c\x19\x19\x1a\x91\
:&)\x5c%QC\xfd>\x02\x9b6\xaaE \x1f\
\x1f  \x1f\x1f\x02i9BB9\x15\x1c\x1c\x15\xfd\
\x97\x02k9FF9\x17\x1e\x1e\x17\xfd\x95\xc8V*\
%\x029\xfd\xd5CN\x22\x02\x96HH\x04LL\xaa\
\x22\x1a\x1a\x22\x22\x1a\x1a\x22\x00\x00\x05\x00 \x00\x00\x03\
\x8c\x02\xe4\x00\x0b\x00\x17\x00\x1b\x00\x1f\x00#\x00\x003\
\x114633\x15#\x22\x06\x15\x113\x11463\
3\x15#\x22\x06\x15\x11!\x113\x11\x015!\x157\
53\x15j^[6F%(\xfb^[0@%\
(\x01\x0f`\xfc\x94\x02\x8e6\xa8\x027YTP)\
$\xfd\xb9\x02-YTP)$\xfd\xc3\x02\xda\xfd&\
\x01\xc8HH\xc6LL\x00\x04\x00 \xff\xfa\x03\xd7\x02\
\xea\x00\x0f\x00\x1f\x00,\x000\x00\x003\x11463\
2\x16\x15#4&#\x22\x06\x15\x11!\x11463\
2\x16\x15#4&#\x22\x06\x15\x11\x05\x22&&5\
\x113\x11\x14\x1633\x15\x015!\x15jJ@@\
@L\x1a\x18\x18\x18\x01\x03JAA@L\x1a\x19\x19\
\x18\x01\x80,@\x22`\x15\x138\xfcI\x02\x9f\x02c\
9HH9\x17  \x17\xfd\x9d\x02i9HH9\
\x17  \x17\xfd\x97\x06\x197.\x02b\xfd\x9a\x13\x15\
R\x01\xcaHH\x00\x05\x00 \xff8\x02<\x02\xec\x00\
\x0b\x00\x18\x00\x1c\x00 \x00,\x00\x003\x11463\
3\x15#\x22\x06\x15\x11\x1753265\x113\x11\
\x14\x06\x06#\x015!\x15\x1753\x15'\x22&5\
4632\x16\x15\x14\x06j^[5E%(\x91\
:&)\x5c%QC\xfe\x9d\x01<6\xaaE \x1f\
\x1f  \x1f\x1f\x027YTP)$\xfd\xb9\xc8V\
*%\x029\xfd\xd5CN\x22\x02\x96HH\x04LL\
\xaa\x22\x1a\x1a\x22\x22\x1a\x1a\x22\x00\x05\x00 \xff8\x02\
<\x02\xec\x00\x0f\x00\x1c\x00 \x00$\x000\x00\x003\
\x114632\x16\x15#4&#\x22\x06\x15\x11\x17\
53265\x113\x11\x14\x06\x06#\x015!\x15\
\x1753\x15'\x22&54632\x16\x15\x14\x06\
jLAABL\x1c\x19\x19\x1a\x91:&)\x5c%\
QC\xfe\x9d\x01<6\xaaE \x1f\x1f  \x1f\x1f\
\x02k9FF9\x17\x1e\x1e\x17\xfd\x95\xc8V*%\
\x029\xfd\xd5CN\x22\x02\x96HH\x04LL\xaa\x22\
\x1a\x1a\x22\x22\x1a\x1a\x22\x00\x05\x00 \x00\x00\x029\x02\
\xe4\x00\x0b\x00\x0f\x00\x13\x00\x17\x00#\x00\x003\x114\
633\x15#\x22\x06\x15\x11\x035!\x15\x13\x113\
\x11\x0353\x15'\x22&54632\x16\x15\x14\
\x06j^[<L%(\xa6\x015\x84`\xae\xaeE\
 \x1f\x1f  \x1f\x1f\x027YTP)$\xfd\xb9\
\x01\xceHH\xfe2\x02\x16\xfd\xea\x01\xcaLL\xa2\x22\
\x1a\x1a\x22\x22\x1a\x1a\x22\x00\x05\x00 \x00\x00\x028\x02\
\xea\x00\x0f\x00\x13\x00\x17\x00\x1b\x00'\x00\x003\x114\
632\x16\x15#4&#\x22\x06\x15\x11\x035!\
\x15\x13\x113\x11\x0353\x15'\x22&5463\
2\x16\x15\x14\x06jLBBBL\x1c\x1a\x19\x1b\xa6\
\x011\x87`\xb1\xb1B \x1f\x1f  \x1f\x1f\x02i\
:GG:\x17  \x17\xfd\x97\x01\xceHH\xfe2\
\x02\x16\xfd\xea\x01\xcaLL\xa2\x22\x1a\x1a\x22\x22\x1a\x1a\
\x22\x00\x01\x008\xff\xee\x02A\x02\xda\x00'\x00\x00\x05\
\x22&&53\x14\x16\x16326654&&\
#\x22\x06\x07#\x13!\x15!7\x03'6632\
\x16\x16\x15\x15\x14\x06\x06\x01<Tt<^)J3\
2K*)K3%L\x17X%\x01\x7f\xfe\xb9\x18\
\x1c\x1a\x1dS5Tr;<u\x12Ep?.H\
*)I..J,\x19\x17\x01\x84R!\xfe\xe5\x09\
\x1d\x22Em;\x0e;mE\xff\xff\x00%\xff\xf6\x01\
d\x01\x92\x02\x07\x01\x0a\x00\x00\xff\x01\x00\x01\x00%\x00\
\xf5\x01d\x02\x91\x00$\x00\x007\x22&&53\x14\
\x1632654&#\x22\x06\x07#73\x15#\
7\x07'6632\x16\x16\x15\x15\x14\x06\x06\xc31\
G&O+%)'&)\x16\x22\x0bN\x16\xf5\xda\
$\x0e\x14\x133(-@\x22%G\xf5#>&\x1e\
&-\x1f +\x11\x10\xe3H\x13\x89\x02\x17\x1d!;\
&\x06&@&\x00\x01\x00U\xff\xee\x02c\x02\xda\x00\
(\x00\x00\x05\x22&&53\x14\x16\x163266\
54&&#\x22\x06\x07#\x13!\x15!7\x03'\
>\x0232\x16\x16\x15\x15\x14\x06\x06\x01\x5cTv=\
\x5c+M33M++M3%O\x17Y%\x01\
\x86\xfe\xb2\x18\x1c\x1a\x122@%St<=v\x12\
Ep?.I)*H..J,\x19\x17\x01\x84\
R!\xfe\xe5\x09\x14\x1c\x0fEm;\x0e;mE\x00\
\x04\x00 \x00\x00\x024\x02\xda\x00\x0b\x00\x0f\x00\x13\x00\
\x17\x00\x003\x114633\x15#\x22\x06\x15\x11\x03\
5!\x15\x13\x113\x11\x0353\x15j^[0@\
%(\xa6\x017}`\xa7\xa7\x02-YTP)$\
\xfd\xc3\x01\xc8HH\xfe8\x02\xda\xfd&\x02\x8eLL\
\x00\x00\x03\x00 \xff\xfa\x02x\x02\xea\x00\x0f\x00\x13\x00\
 \x00\x003\x114632\x16\x15#4&#\x22\
\x06\x15\x11\x035!\x15\x13\x22&&5\x113\x11\x14\
\x1633\x15jJAA@L\x1a\x19\x19\x18\xa6\x01\
@\xe6,@\x22`\x15\x138\x02i9HH9\x17\
  \x17\xfd\x97\x01\xc4HH\xfe6\x197.\x02b\
\xfd\x9a\x13\x15R\x00\x02\x000\x00\x00\x02h\x02\xec\x00\
\x07\x00\x0b\x00\x0075\x01\x17\x01\x17!\x15\x07\x113\
\x110\x01/C\xfe\xe5\x09\x01\xd8\xbbZ\xadv\x01\xc9\
5\xfeT\x12L\xad\x02\x05\xfd\xfb\x00\xff\xff\x00\x1d\x00\
\x00\x01y\x01\x9a\x02\x07\x01\x10\x00\x00\xff\x01\x00\x02\x00\
\x1d\x00\xff\x01y\x02\x99\x00\x07\x00\x0b\x00\x00\x1357\
\x17\x07\x173\x15\x07\x113\x11\x1d\xa5A\x90\x07\xff~\
L\x01OR\xf8(\xd6\x0aBP\x01 \xfe\xe0\x00\x00\
\x02\x00>\x00\x00\x02x\x02\xec\x00\x07\x00\x0b\x00\x007\
5\x01\x17\x01\x17!\x15\x07\x113\x11>\x01,C\xfe\
\xe8\x09\x01\xda\xbaZ\xadv\x01\xc95\xfeT\x12L\xad\
\x02\x05\xfd\xfb\x00\xff\xff\x00\x1d\x01\xa4\x01y\x03>\x02\
\x07\x01\x10\x00\x00\x00\xa5\x00\x01\xff\x8d\xff\xea\x01T\x02\
\xa8\x00\x03\x00\x00\x07\x013\x01s\x01uR\xfe\x8b\x16\
\x02\xbe\xfdB\x00\x00\x02\x004\xff0\x02M\x02(\x00\
'\x008\x00\x00\x05\x22&'5\x16\x163266\
557\x0e\x02#\x22.\x02554>\x0232\
\x16\x16\x17\x0753\x11\x14\x06\x06\x0326655\
4&&#\x22\x06\x06\x15\x14\x16\x16\x01&%K\x22\
$O#IW' \x03>c<8]C%&\
D_9Cf;\x03\x1cL;\x81N0O/1\
N.4P,-O\xd0\x06\x05Q\x05\x07'SA\
fLQk5+Lc7\x128aH(9m\
O\x01\xe4\xfe)`w8\x01$*O7.6J\
&0W;;X/\xff\xff\x004\xff0\x02M\x03\
*\x02&\x01\x14\x00\x00\x00\x07\x00\xb0\x00\xba\x00\x00\xff\
\xff\x004\xff0\x02M\x03*\x02&\x01\x14\x00\x00\x00\
\x07\x00\xc3\x00\xaf\x00\x00\xff\xff\x004\xff0\x02M\x03\
<\x02&\x01\x14\x00\x00\x00\x07\x00\xc9\x01\x13\x00\x00\xff\
\xff\x004\xff0\x02M\x02\xfa\x02&\x01\x14\x00\x00\x00\
\x07\x00\xdb\x01\x15\x00\x00\x00\x02\x00$\xff\xf4\x02F\x02\
\xe8\x004\x008\x00\x00\x05\x22&'5\x16\x1632\
654&&##5326654&&\
#\x22\x06\x06\x15\x11#\x1146332\x16\x16\x15\
\x14\x06\x06#72\x16\x16\x15\x14\x06\x06\x0153\x15\
\x01[\x181\x14\x146\x13GD'I3'\x17&\
/\x16\x17/%'3\x19`le\x04@Z/0\
X>\x06Vv<8i\xfe\x7fZ\x0c\x05\x04R\x04\
\x05L7,F)L\x225\x1c\x1d4\x22(C*\
\xfd\xff\x01\xf3r\x835W44O+ 6`?\
=_5\x01\xccLL\xff\xff\x00\x00\x02d\x00\xc0\x03\
*\x00\x06\x01\x1b\x00\x00\x00\x01\x00\x00\x02d\x00\xc0\x03\
*\x00\x03\x00\x00\x13'3\x17nniW\x02d\xc6\
\xc6\x00\x01\x00\x00\x03\x14\x00\xee\x03\xb8\x00\x03\x00\x00\x13\
'3\x17\x94\x94r|\x03\x14\xa4\xa4\x00\x03\x00L\x00\
x\x02\x02\x02\x1a\x00\x03\x00\x07\x00\x0b\x00\x0075%\
\x155%5\x05\x0753\x15L\x01\xb6\xfeJ\x01\xb6\
F\x1exP\x90M1\x90N\x93fRR\x00\x04\x00\
L\x00$\x02\x02\x02$\x00\x03\x00\x07\x00\x0b\x00\x0f\x00\
\x0075!\x15%5%\x155%5\x05\x0753\
\x15L\x01\xb6\xfeJ\x01\xb6\xfeJ\x01\xb6F\x1e$L\
L\x96MuH0uKzcRR\x00\xff\xff\x00\
(\x00'\x01\xe6\x01\xe3\x00&\x01#\x00\x00\x00\x07\x01\
#\x00\xdc\x00\x00\xff\xff\x00(\x00\x8d\x01\xea\x02O\x00\
&\x01$\x00\x00\x00\x07\x01$\x00\xdc\x00\x00\xff\xff\x00\
8\x00'\x01\xf6\x01\xe3\x00\x0f\x01\x1f\x02\x1e\x02\x0a\xc0\
\x00\xff\xff\x004\x00\x8d\x01\xf6\x02O\x00\x0f\x01 \x02\
\x1e\x02\xdc\xc0\x00\x00\x01\x00(\x00'\x01\x0a\x01\xe3\x00\
\x07\x00\x007'573\x07\x15\x17\xaa\x82\x88Z\x88\
\x88'\xc6*\xcc\xd5\x12\xd5\x00\x00\x01\x00(\x00\x8d\x01\
\x0e\x02O\x00\x07\x00\x007'573\x07\x15\x17\xac\
\x84\x8a\x5c\x8c\x8c\x8d\xc8,\xce\xd7\x14\xd7\x00\xff\xff\x00\
8\x00'\x01\x1a\x01\xe3\x00\x0f\x01#\x01B\x02\x0a\xc0\
\x00\xff\xff\x004\x00\x8d\x01\x1a\x02O\x00\x0f\x01$\x01\
B\x02\xdc\xc0\x00\x00\x01\x00\x5c\x00\x00\x02,\x02\xda\x00\
\x16\x00\x003\x113\x11#466332\x16\x15\
\x11#\x114&#\x22\x06\x15\x11\x5c`\x18)VC\
\x04`b`I:@M\x02\xda\xfeLOs>\x7f\
v\xfe\xcf\x01EAHUE\xfe\xcc\xff\xff\x00\x17\x00\
\x00\x02,\x02\xda\x02&\x01'\x00\x00\x00\x07\x01\xb8\x00\
/\x01w\x00\x02\x00\x00\x02d\x01D\x03*\x00\x03\x00\
\x07\x00\x00\x1373\x07#73\x07\xa2G[X\xec\
G[X\x02d\xc6\xc6\xc6\xc6\x00\x02\x00\x00\x03\x14\x01\
c\x03\xb8\x00\x03\x00\x07\x00\x00\x1373\x07#73\
\x07\xaaUdq\xf2Udq\x03\x14\xa4\xa4\xa4\xa4\x00\
\x01\x00B\x00\xed\x01\xb6\x01?\x00\x03\x00\x0075!\
\x15B\x01t\xedRR\x00\x01\x00B\x01H\x01\xb6\x01\
\x9c\x00\x03\x00\x00\x135!\x15B\x01t\x01HTT\
\x00\x00\x03\x00$\x00\x00\x00\xd6\x02\xe4\x00\x03\x00\x07\x00\
\x13\x00\x003\x113\x11\x0353\x15'\x22&54\
632\x16\x15\x14\x06v`\xb2\xb2E \x1f\x1f \
 \x1f\x1f\x02\x16\xfd\xea\x01\xcaLL\xa2\x22\x1a\x1a\x22\
\x22\x1a\x1a\x22\x00\xff\xff\x00$\x00\x00\x01\x12\x03*\x02\
&\x013\x00\x00\x00\x06\x00\x97U\x00\xff\xff\xff\xed\x00\
\x00\x01\x1f\x03*\x02&\x013\x00\x00\x00\x06\x00\xb0\xed\
\x00\xff\xff\xff\xe2\x00\x00\x01(\x03*\x02&\x013\x00\
\x00\x00\x06\x00\xc3\xe2\x00\xff\xff\xff\xe4\x00\x00\x01(\x02\
\xfa\x02&\x013\x00\x00\x00\x06\x00\xd4\xe4\x00\xff\xff\x00\
$\x00\x00\x00\xd6\x02\xfa\x02&\x013\x00\x00\x00\x06\x00\
\xdbH\x00\x00\x02\x00$\x00\x00\x00\xd6\x02\x16\x00\x03\x00\
\x07\x00\x003\x113\x11\x0353\x15v`\xb2\xb2\x02\
\x16\xfd\xea\x01\xcaLL\xff\xff\xff\xfb\x00\x00\x00\xd6\x03\
*\x02&\x013\x00\x00\x00\x06\x01\x1b\xfb\x00\xff\xff\xff\
\xfb\x00\x00\x01\x11\x02\xdf\x02&\x013\x00\x00\x00\x06\x01\
L\xfb\x00\xff\xff\x00$\xff\x0e\x00\xe0\x02\xe4\x02&\x01\
-\x00\x00\x00\x06\x01e\xf4\x00\xff\xff\xff\xe8\x00\x00\x01\
$\x02\xf9\x02&\x013\x00\x00\x00\x06\x01\xcb\xe8\x00\x00\
\x03\xff\xfe\xff4\x00\xe1\x02\xec\x00\x0c\x00\x10\x00\x1c\x00\
\x00\x0753265\x113\x11\x14\x06\x06#\x135\
3\x15'\x22&54632\x16\x15\x14\x06\x028\
&)\x5c%QC\x09\xb0E \x1f\x1f  \x1f\x1f\
\xccV*%\x02=\xfd\xd1CN\x22\x02\x96LL\xaa\
\x22\x1a\x1a\x22\x22\x1a\x1a\x22\x00\xff\xff\xff\xe8\xff4\x01\
.\x03*\x02&\x01:\x00\x00\x00\x06\x00\xc3\xe8\x00\x00\
\x02\xff\xfe\xff4\x00\xe1\x02\x16\x00\x0c\x00\x10\x00\x00\x07\
53265\x113\x11\x14\x06\x06#\x1353\x15\
\x028&)\x5c%QC\x09\xb0\xccV*%\x02=\
\xfd\xd1CN\x22\x02\x96LL\x00\x02\x00\x5c\x00\x00\x02\
;\x02\xda\x00\x07\x00\x0b\x00\x00!'#\x133\x037\
\x01!\x113\x11\x01\xcc\xc9X\xf5e\xde\x07\x01\x0d\xfe\
!`\xf9\x01\x1d\xfe\xff3\xfe\xb8\x02\xda\xfd&\x00\xff\
\xff\x00\x5c\xfe\xec\x02;\x02\xda\x02&\x01;\x00\x00\x00\
\x07\x00\xc7\x01\x08\x00\x00\x00\x02\x00\x18\x00\x00\x00\xc2\x02\
\xda\x00\x03\x00\x07\x00\x003\x113\x11\x0353\x15b\
`\xaa\xaa\x02\xda\xfd&\x02\x8eLL\x00\x01\x00L\xff\
\xfa\x01\x0c\x02\xda\x00\x0c\x00\x00\x17\x22&&5\x113\
\x11\x14\x1633\x15\xda,@\x22`\x15\x138\x06\x19\
7.\x02b\xfd\x9a\x13\x15R\xff\xff\x00\x18\x00\x00\x01\
,\x03\xb8\x02&\x01=\x00\x00\x00\x06\x00\x98=\x00\xff\
\xff\x00B\xff\xfa\x011\x03\xb8\x02&\x01>\x00\x00\x00\
\x06\x00\x98B\x00\xff\xff\x00\x18\x00\x00\x01`\x03,\x02\
&\x01=\x00\x00\x00\x07\x00\xb7\x00\xc2\x00\x00\xff\xff\x00\
L\xff\xfa\x01J\x03,\x02&\x01>\x00\x00\x00\x07\x00\
\xb7\x00\xac\x00\x00\xff\xff\x00\x18\xfe\xec\x00\xd9\x02\xda\x02\
&\x01=\x00\x00\x00\x06\x00\xc7W\x00\xff\xff\x00L\xfe\
\xec\x01\x0c\x02\xda\x02&\x01>\x00\x00\x00\x06\x00\xc7p\
\x00\xff\xff\x00L\x00x\x02\x02\x02\x1a\x00\x0f\x01\x1d\x02\
N\x02\x92\xc0\x00\x00\x04\x00L\x00$\x02\x02\x02$\x00\
\x03\x00\x07\x00\x0b\x00\x0f\x00\x0075!\x155%5\
\x05%5%\x15\x0553\x15L\x01\xb6\xfeJ\x01\xb6\
\xfeJ\x01\xb6\xfer\x1e$LL\x96zFu]H\
zM\x92RR\x00\x01\x00B\x00]\x02!\x01`\x00\
\x06\x00\x00\x135!\x11\x075\x17B\x01\xdfN+\x01\
\x14L\xfe\xfe\x01\xe2+\x00\x04\x00\x13\x00\x00\x01\x11\x02\
\xda\x00\x03\x00\x07\x00\x0b\x00\x0f\x00\x00757\x157\
57\x15\x03\x113\x11\x0353\x15\x13c8c\xaf\
`\xaa\xaa\xe0H9H\x1cH9H\xfe\x92\x02\xda\xfd\
&\x02\x8eLL\x00\x03\x00\x11\xff\xfa\x01\x0c\x02\xda\x00\
\x03\x00\x07\x00\x14\x00\x00757\x15757\x15\x03\
\x22&&5\x113\x11\x14\x1633\x15\x11Y8b\
*,@\x22`\x15\x138\xe6H3H\x1cH8H\
\xfe\x8d\x197.\x02b\xfd\x9a\x13\x15R\x00\x00\x01\x00\
\x5c\x00\x00\x03t\x02&\x00*\x00\x003\x113\x15#\
466332\x16\x16\x15#466332\
\x16\x16\x15\x11#\x114&#\x22\x06\x15\x11#\x114\
&#\x22\x06\x15\x11\x5cL\x0c)R?\x04?S(\
\x1c*S?\x04?T)`@9;H`@9\
;H\x02\x16\xe5Nm::mNNm::m\
N\xfe\xcf\x01FAGKC\xfe\xc0\x01FAGK\
C\xfe\xc0\xff\xff\x00\x00\x02\x9a\x01\x16\x02\xdf\x00\x06\x01\
L\x00\x00\x00\x01\x00\x00\x02\x9a\x01\x16\x02\xdf\x00\x03\x00\
\x00\x115!\x15\x01\x16\x02\x9aEE\x00\x01\x00\x00\x03\
B\x01L\x03\x87\x00\x03\x00\x00\x115!\x15\x01L\x03\
BEE\x00\x01\x00P\xff8\x02v\x02\x17\x00(\x00\
\x00\x17\x113\x11\x14\x1632665\x113\x11\x14\
\x1633\x15#\x22&&573\x14\x06\x06##\
\x22&&'3\x14\x16\x16\x15\x15P`D:(=\
#`\x15\x1382)<!\x0c\x0c*S@\x04 \
A.\x04\x1c\x09\x09\xc8\x02\xdf\xfe\xb7?G#A,\
\x01?\xfec\x13\x15R\x1b</_Om9\x187\
/\x1f>?\x1f{\x00\x00\x01\x00B\x012\x02\x0c\x01\
~\x00\x03\x00\x00\x135!\x15B\x01\xca\x012LL\
\x00\x00\x01\x00c\x012\x02A\x01~\x00\x03\x00\x00\x13\
5!\x15c\x01\xde\x012LL\x00\x00\x01\x00<\x01\
\xcc\x00\xca\x02\xda\x00\x03\x00\x00\x13\x133\x03<<R\
<\x01\xcc\x01\x0e\xfe\xf2\x00\x02\x00D\x00v\x02\x0a\x02\
;\x00\x03\x00\x07\x00\x00%7\x01\x07\x13\x01'\x01\x01\
\xd19\xfes95\x01\x915\xfeov9\x01\x8c9\
\xfet\x01\x905\xfep\x00\x02\x00i\x00p\x02;\x02\
A\x00\x03\x00\x07\x00\x007\x01'\x01\x057\x01\x07\x9e\
\x01\x9d5\xfec\x01\x999\xfeg9p\x01\x9c5\xfe\
d59\x01\x989\x00\x00\x01\x00\x5c\x00\x00\x02,\x02\
&\x00\x16\x00\x003\x113\x15#466332\
\x16\x15\x11#\x114&#\x22\x06\x15\x11\x5cL\x0c+\
XC\x04ea`F=?N\x02\x16\xe5Om9\
~w\xfe\xcf\x01E>KNA\xfe\xc1\x00\xff\xff\x00\
\x5c\x00\x00\x02,\x03*\x02&\x01T\x00\x00\x00\x07\x00\
\x97\x01\x17\x00\x00\xff\xff\x00\x5c\x00\x00\x02,\x03*\x02\
&\x01T\x00\x00\x00\x07\x00\xb6\x00\xa5\x00\x00\xff\xff\x00\
\x5c\xfe\xec\x02,\x02&\x02&\x01T\x00\x00\x00\x07\x00\
\xc7\x01\x09\x00\x00\xff\xff\x004\xff\xfa\x02K\x02\xee\x00\
\x0f\x01\xac\x02\x93\x02\xda\xc0\x00\xff\xff\x00 \xff\xfd\x01\
r\x01\x9d\x02\x07\x01[\x00\x00\xff\x01\x00\x02\x00 \x00\
\xfc\x01r\x02\x9c\x00\x1d\x00*\x00\x00\x132\x16\x16\x15\
\x15\x14\x06#\x22&'5\x16\x16326655\
\x17\x06\x06#\x22&546\x17\x22\x06\x15\x14\x163\
2654&&\xc68M'hk\x14)\x13\x17\
,\x1059\x16\x13\x01H?CN\x5cM+..\
+'2\x15'\x02\x9c-U<\x12hh\x03\x02E\
\x02\x03#A+@\x119DK<ARD- \
 +)\x22\x15#\x15\xff\xff\x00<\xff\xfb\x02O\x02\
\xee\x00\x0f\x01\xaf\x02\xa4\x02\xda\xc0\x00\xff\xff\x00\x5c\x00\
\x00\x02,\x02\xf9\x02&\x01T\x00\x00\x00\x07\x01\xcb\x00\
\xaa\x00\x00\x00\x04\x00$\x00\x00\x02\x90\x02\xda\x00\x03\x00\
\x07\x00\x0b\x00\x0f\x00\x003\x133\x033\x133\x03%\
5!\x15%5!\x15\x82qVq\x94qVq\xfe\
b\x02H\xfd\xdc\x02H\x02\xda\xfd&\x02\xda\xfd&\xd1\
FF\xf2FF\x00\x02\x004\xff\xee\x02p\x02(\x00\
\x15\x00%\x00\x00\x05\x22.\x02554>\x0232\
\x1e\x02\x15\x15\x14\x0e\x02'26654&&#\
\x22\x06\x06\x15\x14\x16\x16\x01RFjI%&Jj\
DDjJ&%IjF<U-.U;:\
V.-U\x120Ob3\x123cO//O\
c3\x123bO0V5Z89Z44Z\
98Z5\x00\xff\xff\x004\xff\xee\x02p\x03*\x02\
&\x01_\x00\x00\x00\x07\x00\x97\x01!\x00\x00\xff\xff\x00\
4\xff\xee\x02p\x03*\x02&\x01_\x00\x00\x00\x07\x00\
\xb0\x00\xb9\x00\x00\xff\xff\x004\xff\xee\x02p\x03*\x02\
&\x01_\x00\x00\x00\x07\x00\xc3\x00\xae\x00\x00\xff\xff\x00\
4\xff\xee\x02p\x02\xfa\x02&\x01_\x00\x00\x00\x07\x00\
\xd4\x00\xb0\x00\x00\x00\x02\x004\xff\xee\x04\x10\x02(\x00\
<\x00L\x00\x00\x05\x22.\x02554>\x0232\
\x1e\x02\x15#4>\x0232\x16\x16\x15\x15!5!\
\x074&&#\x22\x06\x06\x15\x14\x16\x163267\
3\x06\x06#\x22.\x0253\x14\x0e\x02'266\
54&&#\x22\x06\x06\x15\x14\x16\x16\x01QFk\
H$&IjDGeA\x1f@\x1a:]CV\
q8\xfeP\x01j\x16%H68L%%N<\
?O\x08Z\x11\x80_Ha9\x18@\x1d@fI\
<T-.U::U.-U\x12/Oc3\
\x124cO./Pb23bO/JvD\
+H'9R-3Y;9Z43%S[\
1Pb00aQ1V5Z89Z43\
Z:9Z4\x00\x01\x00>\xff\x0e\x00\xec\x00(\x00\
\x14\x00\x00\x17\x22&54677\x17\x07\x06\x06\x15\
\x14\x16327\x15\x06\x06\xb24@80\x1d\x1f\x1c\
$ \x1b\x19\x1d\x19\x0b\x1e\xf274.E%\x17(\
\x17\x1d0\x19\x18\x19\x09D\x04\x05\x00\x00\x01\x008\xff\
\x02\x00\xee\x00-\x00\x15\x00\x00\x17\x22&5467\
7\x17\x07\x06\x06\x15\x14\x163267\x15\x06\x06\xb5\
7F:0  ! #\x1e\x1f\x0b\x1d\x0b\x0b\x1e\
\xfeD3/Q\x1f\x15-\x17\x166\x1a\x17$\x05\x04\
F\x04\x05\xff\xff\x004\xff\xee\x02p\x03*\x02&\x01\
_\x00\x00\x00\x07\x01\x1b\x00\xc7\x00\x00\xff\xff\x004\xff\
\xee\x02p\x03*\x02&\x01_\x00\x00\x00\x07\x01)\x00\
\xd9\x00\x00\xff\xff\x004\xff\xee\x02p\x02\xdf\x02&\x01\
_\x00\x00\x00\x07\x01L\x00\xc7\x00\x00\x00\x01\x00*\x00\
\x00\x01,\x02\xda\x00\x06\x00\x003\x11\x17#5!\x11\
\xcc,\xce\x01\x02\x02\xaa\x22R\xfd&\xff\xff\x00\x1e\x00\
\x00\x00\xc5\x01\x92\x02\x07\x01l\x00\x00\xff\x01\x00\x01\x00\
\x1e\x00\xff\x00\xc5\x02\x91\x00\x06\x00\x007\x11\x17#5\
3\x11s\x11f\xa7\xff\x01V\x0dI\xfen\x00\x02\x00\
\x8a\x00\x00\x02:\x02\xda\x00\x06\x00\x0a\x00\x00!\x11\x17\
#5!\x11!5!\x15\x018,\xd2\x01\x06\xfe\xf2\
\x01\xb0\x02\xaa\x22R\xfd&RR\x00\xff\xff\x00\x1e\xff\
\xea\x034\x02\xa8\x00&\x01l\x00\x00\x00'\x01\x13\x01\
\x06\x00\x00\x00\x07\x01\xcf\x01\xde\x00\x00\xff\xff\x00\x1e\xff\
\xea\x03 \x02\xa8\x00&\x01l\x00\x00\x00'\x01\x13\x01\
\x06\x00\x00\x00\x07\x01\x0f\x01\xa7\x00\x00\xff\xff\x00\x1e\x01\
\xa4\x00\xc5\x036\x02\x07\x01l\x00\x00\x00\xa5\x00\x02\x00\
#\x01Y\x01^\x02\xd8\x00\x14\x00,\x00\x00\x015#\
54&#\x22\x06\x06\x075>\x0232\x16\x16\x15\
\x15\x07\x22&546633\x15#\x22\x06\x15\x14\
\x1632667\x17\x06\x06\x01\x18\x0e\x1f#\x0f-\
.\x13\x10'(\x10>G\x1f\xbb7I'F.U\
V #$\x1f\x13\x22\x17\x01\x16\x04A\x01cm{\
 #\x02\x02\x02K\x02\x02\x01$@+\xe6\x0a>8\
'4\x194!\x1b\x1b \x0f$ \x18;?\x00\x00\
\x02\x00&\x01V\x01\xa0\x02\xe0\x00\x11\x00!\x00\x00\x13\
\x22&&5546632\x16\x16\x15\x15\x14\x06\
\x06'26654&&#\x22\x06\x06\x15\x14\x16\
\x16\xe3<T-.U::U.,U<!-\
\x17\x18-  -\x18\x17-\x01V6W1\x0d3\
W55W3\x0d1W6K!7!#7 \
 7#\x226!\x00\x00\x03\x004\xff\xcc\x02p\x02\
J\x00\x03\x00\x19\x00)\x00\x00\x17\x013\x017\x22.\
\x02554>\x0232\x1e\x02\x15\x15\x14\x0e\x02'\
26654&&#\x22\x06\x06\x15\x14\x16\x16J\
\x01\xbcR\xfeD\xb6FjI%&JjDDj\
J&%IjF<U-.U;:V.-\
U4\x02~\xfd\x82\x220Ob3\x123cO/\
/Oc3\x123bO0V5Z89Z4\
4Z98Z5\x00\xff\xff\x004\xff\xee\x02p\x02\
\xf9\x02&\x01_\x00\x00\x00\x07\x01\xcb\x00\xb4\x00\x00\x00\
\x02\x00\x5c\xff8\x02}\x02(\x00\x19\x00*\x00\x00\x17\
\x113\x15'>\x0232\x1e\x02\x15\x15\x14\x0e\x02#\
\x22&&'\x17\x11\x1326654&&#\x22\
\x06\x06\x15\x15\x14\x16\x16\x5cL\x12\x05?f<:_\
D$&E_99hD\x05,\xaf6P,,\
P60R12R\xc8\x02\xde\xe7\x02Vm4,\
Ld8\x128dL,2p[P\xfe\x9d\x01\x0a\
3[;<Z3+Q9.7N*\x00\x03\x00\
\x0a\x00\x00\x02\x10\x02\xde\x00\x09\x00\x0d\x00\x11\x00\x00\x13\
\x22&554633\x11\x03\x113\x113\x113\
\x11\xc8^``^^)cOa\x01\x91XI\x0b\
JW\xfe\xb3\xfeo\x02\xde\xfd\x22\x02\xde\xfd\x22\x00\x00\
\x01\x00H\xffJ\x01h\x03\x08\x00\x11\x00\x00\x17.\x02\
546673\x0e\x02\x15\x14\x16\x16\x17\xfa5Q\
,-Q4n>W-,W?\xb6=\x8f\xadj\
j\xac\x8c9C\x90\xa5cc\xa7\x93F\x00\x00\x01\x00\
J\xff\x8a\x01h\x03&\x00\x11\x00\x00\x17.\x0254\
6673\x0e\x02\x15\x14\x16\x16\x17\xfa5O,-\
O4n=V-,V>v;\x87\xa6hh\xa5\
\x869B\x8b\x9ea`\xa0\x8cD\x00\xff\xff\x00\x10\xff\
J\x010\x03\x08\x00G\x01w\x01x\x00\x00\xc0\x00@\
\x00\xff\xff\x00\x10\xff\x8a\x01.\x03&\x00G\x01x\x01\
x\x00\x00\xc0\x00@\x00\x00\x05\x00$\xff\xf6\x03.\x02\
\xe4\x00\x03\x00\x15\x00!\x003\x00?\x00\x003\x013\
\x01\x03\x22&&5546632\x16\x16\x15\x15\
\x14\x06\x06'2654&#\x22\x06\x15\x14\x16\x01\
\x22&&5546632\x16\x16\x15\x15\x14\x06\
\x06'2654&#\x22\x06\x15\x14\x16\xfb\x01\x14\
L\xfe\xec\x829G!\x22H78G\x22!F:\
.-.--.-\x01\xf69G!\x22H78\
G\x22!F:.-.--.-\x02\xda\xfd&\
\x01R4V2\x1a6U11U6\x1a2V4\
BCCGAAFCD\xfeb4V2\x1a6\
U11U6\x1a2V4BCCGAAF\
CD\x00\x00\x01\x00I\x00\x00\x00\xbd\x00z\x00\x03\x00\
\x00353\x15Itzz\xff\xff\x00I\x00\xd4\x00\
\xbd\x01N\x02\x07\x01|\x00\x00\x00\xd4\xff\xff\x00I\x01\
9\x00\xbd\x01\xb3\x02\x07\x01|\x00\x00\x019\x00\x07\x00\
$\xff\xf6\x04\xaf\x02\xe4\x00\x03\x00\x15\x00!\x003\x00\
?\x00Q\x00]\x00\x003\x013\x01\x03\x22&&5\
546632\x16\x16\x15\x15\x14\x06\x06'26\
54&#\x22\x06\x15\x14\x16\x01\x22&&554\
6632\x16\x16\x15\x15\x14\x06\x06'2654\
&#\x22\x06\x15\x14\x16\x05\x22&&55466\
32\x16\x16\x15\x15\x14\x06\x06'2654&#\
\x22\x06\x15\x14\x16\xfb\x01\x14L\xfe\xec\x829G!\x22\
H78G\x22!F:.-.--.-\x01\
\xf69G!\x22H78G\x22!F:.-.\
--.-\x01\xaf9G!\x22H78G\x22!\
F:.-.--.-\x02\xda\xfd&\x01R4\
V2\x1a6U11U6\x1a2V4BCC\
GAAFCD\xfeb4V2\x1a6U11\
U6\x1a2V4BCCGAAFCDB\
4V2\x1a6U11U6\x1a2V4BC\
CGAAFCD\x00\x02\x00B\x00j\x02\x0c\x02\
F\x00\x03\x00\x07\x00\x007\x113\x11%5!\x15\xfe\
R\xfe\xf2\x01\xcaj\x01\xdc\xfe$\xc8LL\x00\x02\x00\
c\x00V\x02A\x02Z\x00\x03\x00\x07\x00\x00%\x113\
\x11%5!\x15\x01)R\xfe\xe8\x01\xdeV\x02\x04\xfd\
\xfc\xdcLL\x00\x00\x03\x00L\x00A\x02\x16\x02\x81\x00\
\x03\x00\x07\x00\x0b\x00\x0075!\x15%\x117\x11%\
5!\x15L\x01\xca\xfe\xf4N\xfe\xf4\x01\xcaALL\
\x87\x01\xb8\x01\xfeH\xb6LL\x00\x02\x004\xff8\x02\
U\x02(\x00\x19\x00*\x00\x00\x05\x117\x0e\x02#\x22\
.\x02554>\x0232\x16\x16\x17#53\x11\
\x01266554&&#\x22\x06\x06\x15\x14\x16\
\x16\x01\xf5&\x03@e<9_E&&F`;\
Dg<\x03\x1cL\xfe\xf31P01Q/6Q\
-.R\xc8\x01gLWp6,Ne9\x129\
bK*:nO\xe5\xfd\x22\x01\x0e,S8.7\
M)2[<<[2\x00\x00\x02\x00(\x00\x00\x01\
\xf8\x02\xee\x00\x1d\x00!\x00\x007532654\
&&#\x22\x06\x06\x15#46632\x16\x16\x15\
\x15\x14\x06\x06#7\x07\x0753\x15\xcbEGE\x22\
='-A$\x5c5jOFe76kN$\
\x02jt\xda\xbaL7);\x1f%?);f@\
9_9\x0c8^7.\x98\xdazz\x00\xff\xff\x00\
0\xff(\x02\x00\x02\x16\x00\x0f\x01\x84\x02(\x02\x16\xc0\
\x00\xff\xff\x000\xff\xec\x02\x00\x02\xda\x00\x0f\x01\x84\x02\
(\x02\xda\xc0\x00\xff\xff\x00Z\x01\xcc\x01T\x02\xda\x00\
&\x01\x8e\x00\x00\x00\x07\x01\x8e\x00\xa8\x00\x00\xff\xff\x00\
0\xffK\x01\x8c\x00\x83\x02\x07\x01\x8a\x00\x00\xfd\xa1\xff\
\xff\x00*\x01\xaa\x01\x86\x02\xe2\x00\x0f\x01\x8a\x01\xb6\x04\
\x8c\xc0\x00\xff\xff\x000\x01\xaa\x01\x8c\x02\xe2\x00&\x01\
\x8c\x00\x00\x00\x07\x01\x8c\x00\xc2\x00\x00\xff\xff\x00*\x01\
\xaa\x00\xc4\x02\xe2\x00\x0f\x01\x8c\x00\xf4\x04\x8c\xc0\x00\x00\
\x01\x000\x01\xaa\x00\xca\x02\xe2\x00\x1a\x00\x00\x1353\
26655\x17\x06\x06#\x22&54632\
\x16\x16\x15\x15\x14\x06\x06#0\x09 &\x11\x18\x07\x17\
\x0b\x1c%#\x1e\x13\x22\x16$B-\x01\xaa4\x16/\
$K-\x04\x04#\x1f\x1d&\x12.+\x15IP\x1f\
\x00\xff\xff\x000\xffK\x00\xca\x00\x83\x02\x07\x01\x8c\x00\
\x00\xfd\xa1\x00\x01\x00Z\x01\xcc\x00\xac\x02\xda\x00\x03\x00\
\x00\x13\x113\x11ZR\x01\xcc\x01\x0e\xfe\xf2\x00\x01\x00\
\x5c\x00\x00\x01\x84\x02\x1c\x00\x0e\x00\x003\x113\x15#\
4633\x15#\x22\x06\x15\x11\x5cL\x04gg\x12\
\x22PV\x02\x16\xdcumVUP\xfe\xdf\x00\x01\x00\
\x5c\x00\x00\x01\x9c\x02\x1c\x00\x0f\x00\x003\x113\x15#\
46633\x15#\x22\x06\x15\x11\x5cJ\x02#E\
2^x44\x02\x16\xa8;M&V44\xfe\xa2\
\x00\xff\xff\x00\x5c\x00\x00\x01\x84\x03*\x02&\x01\x8f\x00\
\x00\x00\x07\x00\x97\x00\xb4\x00\x00\xff\xff\x00\x5c\x00\x00\x01\
\x9c\x03*\x02&\x01\x90\x00\x00\x00\x07\x00\x97\x00\xca\x00\
\x00\xff\xff\x00B\x00\x00\x01\x84\x03*\x02&\x01\x8f\x00\
\x00\x00\x06\x00\xb6B\x00\xff\xff\x00X\x00\x00\x01\x9c\x03\
*\x02&\x01\x90\x00\x00\x00\x06\x00\xb6X\x00\xff\xff\x00\
Q\xfe\xec\x01\x84\x02\x1c\x02&\x01\x8f\x00\x00\x00\x06\x00\
\xc7Q\x00\xff\xff\x00Q\xfe\xec\x01\x9c\x02\x1c\x02&\x01\
\x90\x00\x00\x00\x06\x00\xc7Q\x00\x00\x05\x006\x00\xb6\x02\
p\x02\xee\x00\x15\x00%\x00)\x00-\x00?\x00\x00%\
\x22.\x02554>\x0232\x1e\x02\x15\x15\x14\x0e\
\x02'26654&&#\x22\x06\x06\x15\x14\x16\
\x16'\x113\x113'3\x17'532654\
&##532\x16\x15\x14\x06#\x01SFkH\
$%IjEEjI%$HkFEg9\
9gEEg99g'8\x80`?c\xdfT\
\x1e\x1f\x1f\x1eTL9EE9\xb61Qb1\x10\
3aP//Pa3\x101bQ14?i\
@Bi==iB@i?T\x013\xfe\xcdu\
ue2\x1a\x1b\x1c\x1926107\x00\x00\x03\x00\
B\xff\xfa\x01\xd8\x02\xe2\x00\x14\x00\x18\x00;\x00\x00\x17\
\x22&&54663\x15\x22\x06\x15\x14\x1633\
\x07\x113\x11\x035!\x15'54&'&&'\
&&76632\x16\x17\x15&&#\x22\x06\x07\
\x06\x16\x17\x1e\x02\x17\x16\x16\x15\x15\xfd2U47^\
;:D<)5$R\xdc\x01X\xce\x0e\x10\x15.\
\x11(\x0a\x10\x10C4 O%&F2\x16\x14\x05\
\x04\x04\x0a\x09\x1d#\x12\x1d\x16\x06 C2.> \
G\x1d&%&+\x01Z\xfe\x85\x01gBB.$\
\x10\x1b\x0a\x0e\x1a\x0b\x1cJ%#\x19\x05\x05N\x05\x07\
\x0a\x0d\x0c\x16\x08\x06\x10\x14\x0b\x122)$\x00\x03\x00\
\x85\xff\xfa\x023\x02\xe2\x00\x14\x00\x18\x00;\x00\x00\x05\
\x22&&54663\x15\x22\x06\x15\x14\x1633\
\x07\x113\x11\x035!\x15'54&'&&'\
&&76632\x16\x17\x15&&#\x22\x06\x07\
\x06\x16\x17\x1e\x02\x17\x16\x16\x15\x15\x01M7[69\
dACIA16$R\xea\x01p\xd8\x0f\x12\x11\
3\x11)\x0b\x11\x11C7 Q'(H2\x18\x16\
\x05\x05\x05\x0b\x0a\x1e$\x13\x1d\x16\x06 C2.>\
 G\x1d&%&+\x01Z\xfe\x85\x01gBB.\
$\x10\x1b\x0b\x0b\x1c\x0b\x1dI%#\x19\x05\x05N\x05\
\x07\x0a\x0d\x0d\x15\x08\x07\x10\x13\x0c\x114'$\x00\xff\
\xff\x00\x00\x02Z\x00\xe0\x03:\x00\x06\x01\x9b\x00\x00\x00\
\x02\x00\x00\x02Z\x00\xe0\x03:\x00\x0b\x00\x17\x00\x00\x13\
\x22&54632\x16\x15\x14\x06'2654\
&#\x22\x06\x15\x14\x16p2>>22>>2\
\x1a  \x1a\x1a  \x02Z@00@@00\
@4\x22\x1a\x1a\x22\x22\x1a\x1a\x22\x00\x00\x02\x00\x00\x03\
\x00\x00\xee\x03\xd8\x00\x0b\x00\x17\x00\x00\x13\x22&54\
632\x16\x15\x14\x06'2654&#\x22\x06\
\x15\x14\x16w7@@77@@7\x1e!!\x1e\
\x1e!!\x03\x00@,,@@,,@4 \x18\
\x18  \x18\x18 \x00\x00\x01\x00-\xff\xf0\x01\xe9\x02\
&\x00)\x00\x00\x05\x22&'3\x16\x163265\
4&''&&546632\x16\x17#&\
&#\x22\x06\x15\x14\x16\x17\x17\x16\x16\x15\x14\x06\x06\x01\
\x0bis\x02Z\x02;G@D28:L`4\
\x5c<Zp\x02Z\x01988:)/:Vh\
9d\x10ZN\x1f73%!%\x06\x06\x08KD\
3I'PO -.#\x1e$\x05\x06\x09MF\
2M+\xff\xff\x00-\xff\xf0\x01\xe9\x03*\x02&\x01\
\x9d\x00\x00\x00\x07\x00\x97\x00\xd9\x00\x00\xff\xff\x00-\xff\
\xf0\x01\xe9\x03*\x02&\x01\x9d\x00\x00\x00\x06\x00\xb6g\
\x00\xff\xff\x00-\xff\x0e\x01\xe9\x02&\x02&\x01\x9d\x00\
\x00\x00\x07\x00\xbe\x00\x91\x00\x00\xff\xff\x00-\xff\xf0\x01\
\xe9\x03*\x02&\x01\x9d\x00\x00\x00\x06\x00\xc3f\x00\xff\
\xff\x00-\xfe\xec\x01\xe9\x02&\x02&\x01\x9d\x00\x00\x00\
\x07\x00\xc7\x00\xd2\x00\x00\xff\xff\x00<\x01\xcc\x01r\x02\
\xda\x00&\x01Q\x00\x00\x00\x07\x01Q\x00\xa8\x00\x00\x00\
\x02\x008\xff\xab\x02\x10\x03\x15\x00'\x00O\x00\x00\x05\
\x22&'3\x16\x1632654&&'.\x03\
54667\x17\x22\x06\x06\x15\x14\x16\x16\x17\x1e\x03\
\x15\x14\x06\x03'6654&&'.\x0354\
6632\x16\x17#&&#\x22\x06\x15\x14\x16\x16\
\x17\x1e\x03\x15\x14\x06\x06\x01\x1eis\x02Z\x02;G\
5=(@%$G<$'B*Y!D-\
,F'#C8!j\x1a1B?)D'#\
G:#1V7Yk\x03Z\x014551)\
D&#G:#*LUYQ\x226,(\x1b\
\x22\x19\x0c\x0b\x1a&9),B,\x0a,\x1d2\x1f\
 (\x1a\x0c\x0a\x19\x223%Pd\x01\x074\x0f?\
' &\x1a\x0c\x0b\x1a&9+/G)QI \
(-  &\x18\x0b\x0a\x18%:,-E/\xff\
\xff\x00\x1e\xffc\x00\xca\x01\xec\x00&\x00\xc6\x04\x00\x00\
\x07\x01|\x00\x06\x01r\x00\x02\x000\x00\x00\x02\x1a\x02\
\xda\x00\x07\x00\x0b\x00\x003\x01'!5!\x15\x01\x03\
53\x15\x90\x015\x06\xfeq\x01\xea\xfe\xda\xc4P\x02\
\x7f\x09Rt\xfd\x9a\x02\x14\xc6\xc6\x00\xff\xff\x00\x1e\x00\
\x00\x01U\x01\x92\x02\x07\x01\xa8\x00\x00\xff\x01\x00\x02\x00\
\x1e\x00\xff\x01U\x02\x91\x00\x07\x00\x0b\x00\x007\x13'\
#5!\x15\x03\x0353\x15`\x91\x07\xcc\x017\x9e\
\x99C\xff\x01E\x09D'\xfe\x95\x01\x08\x8a\x8a\x00\x00\
\x01\x00\x14\x00\x00\x02\x07\x02\xda\x00\x0e\x00\x00354\
67'!5!\x15\x0e\x02\x15\x15\xc1{o\x04\xfe\
m\x01\xf3Rh0\x85\xa3\xfeP\x12R\x7f<\x8e\xa8\
d\x85\x00\x00\x02\x00Z\x00\x00\x02R\x02\xda\x00\x07\x00\
\x0b\x00\x003\x01'!5!\x15\x01\x0353\x15\xc6\
\x015\x05\xfed\x01\xf8\xfe\xd8\xd0P\x02\x7f\x09Rs\
\xfd\x99\x02\x0e\xcc\xcc\x00\x00\x01\x00O\x00\x00\x02J\x02\
\xda\x00\x0e\x00\x0035467'!5!\x15\x0e\
\x02\x15\x15\xfe\x80p\x04\xfee\x01\xfbSk2\x85\xa5\
\xfdO\x12R\x7f;\x8d\xa8f\x85\x00\x00\x02\x00H\xff\
\xec\x02_\x02\xe0\x00!\x001\x00\x00\x05\x22.\x025\
54632\x16\x17\x15&&#\x22\x06\x06\x15\x15\
\x07>\x0232\x16\x16\x15\x14\x06\x06'2665\
4&&#\x22\x06\x06\x15\x14\x16\x16\x01]Pk?\
\x1b\xac\xa3'6 !8([j.\x18\x01;g\
CNl7:sU7J%$G43Q.\
$L\x148a~E0\xad\xbb\x04\x04R\x04\x04D\
\x7fZ-YOh4?nFGp@T*I\
00J)&I5,J,\x00\xff\xff\x00+\xff\
\xf5\x01}\x01\x94\x02\x07\x01\xae\x00\x00\xff\x01\x00\x02\x00\
+\x00\xf4\x01}\x02\x93\x00\x1e\x00+\x00\x007\x22&\
&554632\x16\x17\x15.\x02#\x22\x06\x06\
\x15\x15'6632\x16\x15\x14\x06'2654\
&#\x22\x06\x15\x14\x16\x16\xd67M'hj\x10,\
\x14\x0c\x1e\x1d\x0c4:\x16\x12\x01H?CN\x5cN\
*0/*(2\x15(\xf4-U;\x12ig\x02\
\x02F\x02\x02\x01#@+A\x119EK<@S\
D,! +)#\x14#\x15\x00\x00\x02\x00U\xff\
\xec\x02h\x02\xdf\x00!\x001\x00\x00\x05\x22.\x025\
54632\x16\x17\x15&&#\x22\x06\x06\x15\x15\
#>\x0232\x16\x16\x15\x14\x06\x06'2665\
4&&#\x22\x06\x06\x15\x14\x16\x16\x01iOk?\
\x1b\xae\x9f&7\x1f 9'Zj-\x18\x017d\
CRl6:qT3I'\x22G81N-\
\x22K\x148c\x80G1\xa7\xb9\x04\x04R\x04\x04C\
\x7fZ\x86Ji8?nFGp@T,J-\
2I('I3.J+\x00\x01\x00\x19\xff\xc4\x01\
?\x03\x0c\x00\x03\x00\x00\x17\x133\x03\x19\xccZ\xcc<\
\x03H\xfc\xb8\x00\x00\x01\x00<\x00\xed\x01t\x01?\x00\
\x03\x00\x0075!\x15<\x018\xedRR\x00\x04\x00\
@\x00\x00\x02\xf7\x02\xda\x00\x06\x00\x0a\x00\x0e\x00\x12\x00\
\x003#\x013\x01#\x03%5!\x15%53\x15\
%5!\x15\xa1a\x014P\x013a\xfa\xfe\xa5\x02\
\xb6\xfe}P\xfe}\x02\xb6\x01\xd8\xfe(\x01\x80XE\
E0\x9a\x9a\x8dEE\x00\x04\x00\x05\x00\x00\x02\x9e\x02\
\xda\x00\x06\x00\x0a\x00\x0e\x00\x12\x00\x003#\x013\x01\
#\x03%5!\x15%53\x15%5!\x15fa\
\x01\x1d`\x01\x1ca\xeb\xfe\xb4\x02\x98\xfe\x89V\xfe\x89\
\x02\x98\x01\xd8\xfe(\x01\x8eJEE0\x9a\x9a\x8dE\
E\x00\x04\x00,\x00\x00\x02L\x02\xe2\x00\x12\x00\x16\x00\
\x1a\x00\x1e\x00\x003\x114632\x16\x16\x17\x15.\
\x02#\x22\x06\x06\x15\x11#5!\x15\x015!\x15\x13\
53\x15|\x82\x7f\x18=9\x13\x13;=\x185L\
(\xa6\x01\xf4\xfe\x12\x01\x9e,P\x01\xedt\x81\x03\x04\
\x03R\x03\x04\x03\x22K=\xfe\x1aLL\x01<BB\
\xfe\xc4\xaa\xaa\x00\x00\x04\x00S\x00\x00\x02a\x02\xe2\x00\
\x12\x00\x16\x00\x1a\x00\x1e\x00\x003\x114632\x16\
\x16\x17\x15.\x02#\x22\x06\x06\x15\x11#5!\x15\x01\
5!\x15\x1353\x15\xa3\x80s\x14<;\x12\x12=\
<\x14-F(\xa6\x01\xe2\xfe$\x01\x96\x22P\x01\xed\
t\x81\x03\x04\x03R\x03\x04\x03\x22K=\xfe\x1aLL\
\x01<BB\xfe\xc4\xaa\xaa\x00\x00\x01\xff\xdf\x01@\x01\
M\x01\x90\x00\x03\x00\x00\x035!\x15!\x01n\x01@\
PP\x00\x00\x01\xff\xe8\x00\xeb\x01D\x01+\x00\x03\x00\
\x00'5!\x15\x18\x01\x5c\xeb@@\x00\x02\x00\x0e\xff\
\xfa\x01~\x02\xb8\x00\x0c\x00\x10\x00\x00\x05\x22&&5\
\x113\x11\x14\x1633\x15\x015!\x15\x01,<W\
/\x5c/+^\xfe\x90\x01p\x06\x22SG\x02\x02\xfd\
\xf2+/V\x01\xd4HH\x00\x00\x03\x00\x10\xff\xf2\x01\
\xb0\x02\xb8\x00\x0f\x00\x13\x00\x17\x00\x00\x05\x22&5\x11\
3\x11\x14\x1632653\x14\x06\x015!\x15%\
53\x15\x01\x0eHZ\x5c,  .NX\xfe\xb8\
\x01\x86\xfe\xd6\x5c\x0eWP\x01U\xfe\xa7,)),\
JY\x01\xdcHH(\xc2\xc2\xff\xff\x00\x0e\xff\xfa\x01\
~\x02\xb8\x02&\x01\xb9\x00\x00\x00\x06\x01\xb80\x17\xff\
\xff\x00\x10\xff\xf2\x01\xb0\x02\xb8\x02&\x01\xba\x00\x00\x00\
\x06\x01\xb82\x17\xff\xff\x00\x0e\xff\xfa\x01~\x03V\x02\
&\x01\xb9\x00\x00\x00\x07\x00\xb7\x00\xc6\x00*\xff\xff\x00\
\x10\xff\xf2\x01\xb0\x03V\x02&\x01\xba\x00\x00\x00\x07\x00\
\xb7\x00\xd4\x00*\xff\xff\x00\x0e\xff\x0e\x01~\x02\xb8\x02\
&\x01\xb9\x00\x00\x00\x06\x00\xbes\x00\xff\xff\x00\x10\xff\
\x0e\x01\xb0\x02\xb8\x02&\x01\xba\x00\x00\x00\x07\x00\xbe\x00\
\x8a\x00\x00\xff\xff\x00\x0e\xfe\xec\x01~\x02\xb8\x02&\x01\
\xb9\x00\x00\x00\x07\x00\xc7\x00\xb4\x00\x00\xff\xff\x00\x10\xfe\
\xec\x01\xb0\x02\xb8\x02&\x01\xba\x00\x00\x00\x07\x00\xc7\x00\
\xcb\x00\x00\x00\x02\x00\x5c\xff8\x02}\x02\xda\x00\x19\x00\
*\x00\x00\x17\x113\x11\x07>\x0232\x1e\x02\x15\x15\
\x14\x0e\x02#\x22&&'\x17\x11\x1326654\
&&#\x22\x06\x06\x15\x15\x14\x16\x16\x5c`\x22\x05?\
f>9\x5cC#&E^8<hC\x05,\xaf\
6P,-P50R12R\xc8\x03\xa2\xfe\x89\
0Um5)Ke<\x14;dI)2p[\
P\xfe\x9b\x01\x0c5\x5c:<Y2+Q9.7\
N*\x00\x00\x01\x00,\xff\xee\x02*\x02\xda\x00&\x00\
\x00\x05\x22&&53\x14\x16326654&\
#\x22\x06\x07'%'!5!\x15\x07\x07663\
2\x16\x16\x15\x15\x14\x06\x06\x01+Rr;^WJ\
1H(WI\x1f-\x110\x01\x17\x0a\xfe\x9d\x01\xbd\
\xe7F\x11)\x1cPp;;q\x12@j>DP\
$C-DT\x0f\x0bV\xcc\x12R\x85\xa8\x03\x06\x08\
<d;\x0e:g@\xff\xff\x00\x1e\xff\xf6\x01W\x01\
\x92\x02\x07\x01\xc6\x00\x00\xff\x01\x00\x01\x00\x1e\x00\xf5\x01\
W\x02\x91\x00\x22\x00\x007\x22&53\x14\x1632\
654&#\x22\x06\x07'7'#5!\x15\x07\
'6632\x16\x15\x15\x14\x06\xbaGUO)$\
$)($\x11\x1c\x0a'\x87\x05\xaf\x01\x1a\xaa\x1f\x0e\
\x1e\x0fFUU\xf5I:\x1c$'\x1c\x1d%\x0a\x08\
>Y\x07HDq\x11\x05\x05B:\x068H\x00\x00\
\x01\x00J\xff\xee\x02N\x02\xda\x00&\x00\x00\x05\x22&\
&53\x14\x16326654&#\x22\x06\x07\
'%'!5!\x15\x07\x076632\x16\x16\x15\
\x15\x14\x06\x06\x01LRt<^YK2I)Z\
I\x1b/\x124\x01\x1a\x0a\xfe\x9a\x01\xc1\xecH\x0e4\
\x15Rt=<s\x12@j>DP$C-D\
T\x0d\x0cP\xd1\x12R\x85\xad\x01\x07\x0a<d;\x0e\
:g@\xff\xff\x00\x1e\xff\xea\x03\x87\x02\xa8\x00&\x01\
\xc6\x00\x00\x00'\x01\x13\x01m\x00\x00\x00\x07\x01\x0f\x02\
\x0e\x00\x00\xff\xff\x00\x1e\x01\x9a\x01W\x036\x02\x07\x01\
\xc6\x00\x00\x00\xa5\xff\xff\x00\x00\x02\x81\x01<\x02\xf9\x00\
\x06\x01\xcb\x00\x00\x00\x01\x00\x00\x02\x81\x01<\x02\xf9\x00\
\x17\x00\x00\x13\x22.\x02#\x22\x06\x07'6632\
\x1e\x023267\x17\x06\x06\xe2\x19$\x1e\x1e\x13\x15\
#\x0e\x10\x0f-\x1d\x19$\x1e\x1e\x13\x15$\x0e\x10\x0f\
.\x02\x81\x0f\x14\x0f\x15\x12@\x13\x1a\x0f\x14\x0f\x15\x12\
@\x13\x1a\x00\x01\x00\x00\x03,\x01f\x03\xa0\x00\x17\x00\
\x00\x13\x22.\x02#\x22\x06\x07'6632\x1e\x02\
3267\x17\x06\x06\xff\x1b' !\x17\x18-\x0e\
\x12\x0e6#\x1b' \x22\x16\x18-\x0e\x12\x0f5\x03\
,\x0e\x12\x0e\x15\x13>\x14\x1c\x0e\x12\x0e\x15\x13>\x14\
\x1c\x00\x03\x00\x18\x01R\x03\x1e\x02\xda\x00\x0f\x00\x13\x00\
\x17\x00\x00\x01\x113\x133\x133\x11#\x11\x17\x03#\
\x037\x11!\x113\x11\x035!\x15\x01\x84Rw\x08\
wR>\x0duRu\x0d\xfe\xd3@\xb9\x012\x01R\
\x01\x88\xfe\xef\x01\x11\xfex\x01P\x01\xfe\xf7\x01\x09\x01\
\xfe\xb0\x01\x5c\xfe\xa4\x01R66\x00\x00\x01\x00D\x00\
\x00\x024\x02\xee\x00$\x00\x003546677\
6654&#\x22\x06\x15#46632\x16\
\x16\x15\x15\x14\x06\x07\x07\x06\x06\x15\x15'!\x15L\x19\
>5\x892:NGFP^5lSSk5\
[M\x89. \x1a\x01\xa2x,>3\x18?\x17I\
:FNNF?j??f<\x0eOl#?\
\x15*#\x5c.R\x00\xff\xff\x00)\x00\x00\x01V\x01\
\x9d\x02\x07\x01\xd0\x00\x00\xff\x01\x00\x01\x00)\x00\xff\x01\
V\x02\x9c\x00!\x00\x00754677665\
4&#\x22\x06\x15#4632\x16\x15\x15\x14\x06\
\x07\x07\x06\x06\x15\x15'3\x15.'1H\x1a\x1d&\
! &OPEEP08H\x13\x12\x14\xec\xff\
M$1\x14\x1e\x0b \x1a\x1c$$\x1e<JG8\
\x06-=\x17\x1e\x07\x11\x0e\x14\x08G\x00\x01\x00^\x00\
\x00\x02T\x02\xee\x00$\x00\x003546677\
6654&#\x22\x06\x15#46632\x16\
\x16\x15\x15\x14\x06\x07\x07\x06\x06\x15\x15'!\x15f\x1b\
?6\x876:QHGQ^5mTTm6\
ZR\x870\x22\x1a\x01\xa8x,>2\x19?\x1aI\
9DNNF?j??f:\x0eOk&?\
\x16)#\x5c.R\x00\xff\xff\x00)\x01\xa4\x01V\x03\
A\x02\x07\x01\xd0\x00\x00\x00\xa5\x00\x01\x00P\xff\xf0\x02\
\x16\x02\x17\x00\x16\x00\x00\x05\x22&5\x113\x11\x14\x16\
3265\x113\x11#53\x14\x06\x06#\x01\x15\
_f`D:<L`L\x0c*S@\x10|u\
\x016\xfe\xb7?GMC\x01?\xfd\xe9\xe5Om9\
\x00\x00\x01\x00P\xff\xee\x02\x1c\x02\x16\x00\x13\x00\x00\x05\
\x22&&5\x113\x11\x14\x163265\x113\x11\
\x14\x06\x06\x016?i>`J<<J`>h\
\x127lO\x016\xfe\xb8@HH@\x01H\xfe\xca\
Ol7\xff\xff\x00P\xff\xf0\x02\x16\x03*\x02&\x01\
\xd3\x00\x00\x00\x07\x00\x97\x01\x02\x00\x00\xff\xff\x00P\xff\
\xee\x02\x1c\x03*\x02&\x01\xd4\x00\x00\x00\x07\x00\x97\x01\
\x05\x00\x00\xff\xff\x00P\xff\xf0\x02\x16\x03*\x02&\x01\
\xd3\x00\x00\x00\x07\x00\xb0\x00\x9a\x00\x00\xff\xff\x00P\xff\
\xee\x02\x1c\x03*\x02&\x01\xd4\x00\x00\x00\x07\x00\xb0\x00\
\x9d\x00\x00\xff\xff\x00P\xff\xf0\x02\x16\x03*\x02&\x01\
\xd3\x00\x00\x00\x07\x00\xc3\x00\x8f\x00\x00\xff\xff\x00P\xff\
\xee\x02\x1c\x03*\x02&\x01\xd4\x00\x00\x00\x07\x00\xc3\x00\
\x92\x00\x00\xff\xff\x00P\xff\xf0\x02\x16\x02\xfa\x02&\x01\
\xd3\x00\x00\x00\x07\x00\xd4\x00\x91\x00\x00\xff\xff\x00P\xff\
\xee\x02\x1c\x02\xfa\x02&\x01\xd4\x00\x00\x00\x07\x00\xd4\x00\
\x94\x00\x00\xff\xff\x00P\xff\xf0\x02\x16\x03*\x02&\x01\
\xd3\x00\x00\x00\x07\x01\x1b\x00\xa8\x00\x00\xff\xff\x00P\xff\
\xee\x02\x1c\x03*\x02&\x01\xd4\x00\x00\x00\x07\x01\x1b\x00\
\xab\x00\x00\xff\xff\x00P\xff\xf0\x02\x16\x03*\x02&\x01\
\xd3\x00\x00\x00\x07\x01)\x00\xba\x00\x00\xff\xff\x00P\xff\
\xee\x02\x1c\x03*\x02&\x01\xd4\x00\x00\x00\x07\x01)\x00\
\xbd\x00\x00\xff\xff\x00P\xff\xf0\x02\x16\x02\xdf\x02&\x01\
\xd3\x00\x00\x00\x07\x01L\x00\xa8\x00\x00\xff\xff\x00P\xff\
\xee\x02\x1c\x02\xdf\x02&\x01\xd4\x00\x00\x00\x07\x01L\x00\
\xab\x00\x00\x00\x01\x00\x00\xff|\x02@\xff\xc4\x00\x03\x00\
\x00\x155!\x15\x02@\x84HH\x00\xff\xff\x00P\xff\
\x0e\x02 \x02\x17\x02&\x01\xd3\x00\x00\x00\x07\x01e\x01\
4\x00\x00\xff\xff\x00P\xff\x0e\x02\x1c\x02\x16\x02&\x01\
\xd4\x00\x00\x00\x07\x01e\x00\xb8\x00\x00\xff\xff\x00P\xff\
\xf0\x02\x16\x03:\x02&\x01\xd3\x00\x00\x00\x07\x01\x9b\x00\
\xc3\x00\x00\xff\xff\x00P\xff\xee\x02\x1c\x03:\x02&\x01\
\xd4\x00\x00\x00\x07\x01\x9b\x00\xc6\x00\x00\xff\xff\x00P\xff\
\xf0\x02\x16\x02\xf9\x02&\x01\xd3\x00\x00\x00\x07\x01\xcb\x00\
\x95\x00\x00\xff\xff\x00P\xff\xee\x02\x1c\x02\xf9\x02&\x01\
\xd4\x00\x00\x00\x07\x01\xcb\x00\x98\x00\x00\x00\x03\x00\x18\x00\
\x00\x02\x0d\x02\x16\x00\x03\x00\x07\x00\x0b\x00\x003\x033\
\x13#53\x15#\x133\x03\xce\xb6d\xb2HtF\
\x9b^\x9e\x02\x16\xfd\xeaLL\x02\x16\xfd\xea\x00\x05\x00\
\x1a\x00\x00\x03*\x02\x16\x00\x07\x00\x0b\x00\x0f\x00\x13\x00\
\x17\x00\x003\x133\x13#\x033\x03#53\x15#\
\x033\x13!53\x15#\x133\x03\xf8l\x82~R\
~ m\x80o\x85\x97\x5c\x93\x01\x1doB\x80W\x83\
\x02\x04\xfd\xfc\x02\x02\xfd\xfeLL\x02\x16\xfd\xeaLL\
\x02\x16\xfd\xea\x00\xff\xff\x00\x1a\x00\x00\x03*\x03*\x02\
&\x01\xeb\x00\x00\x00\x07\x00\x97\x01v\x00\x00\xff\xff\x00\
\x1a\x00\x00\x03*\x03*\x02&\x01\xeb\x00\x00\x00\x07\x00\
\xc3\x01\x03\x00\x00\xff\xff\x00\x1a\x00\x00\x03*\x02\xfa\x02\
&\x01\xeb\x00\x00\x00\x07\x00\xd4\x01\x05\x00\x00\xff\xff\x00\
\x1a\x00\x00\x03*\x03*\x02&\x01\xeb\x00\x00\x00\x07\x01\
\x1b\x01\x1c\x00\x00\x00\x01\x00\x1c\x00\x00\x02\x1d\x02\x16\x00\
\x0f\x00\x003\x13\x07\x033\x17373\x037\x13#\
'#\x07\x1c\xbf\x03\xb3j\x81\x0ezc\xa9\x03\xc8j\
\x96\x0e\x90\x01\x19\x14\x01\x11\xc9\xc9\xfe\xf6\x12\xfe\xe2\xd9\
\xd9\x00\x03\x00\x12\xff0\x02\x05\x02\x16\x00\x0d\x00\x11\x00\
\x15\x00\x00\x17532667\x133\x03\x0e\x02#\
753\x15#\x033\x138M\x22/\x1f\x0a\xa8^\
\xb2\x10:S7\x5ct~\xbfb\xb7\xd0V\x11(!\
\x026\xfd\xb15C\x1f\xdcPP\x02\x0a\xfd\xf6\x00\xff\
\xff\x00\x12\xff0\x02\x05\x03*\x02&\x01\xf1\x00\x00\x00\
\x07\x00\x97\x00\xdf\x00\x00\xff\xff\x00\x12\xff0\x02\x05\x03\
*\x02&\x01\xf1\x00\x00\x00\x06\x00\xc3l\x00\xff\xff\x00\
\x12\xff0\x02\x05\x02\xfa\x02&\x01\xf1\x00\x00\x00\x06\x00\
\xd4n\x00\x00\x04\x00\x14\x00\x00\x02\x5c\x02\xda\x00\x09\x00\
\x0d\x00\x11\x00\x15\x00\x00\x13\x033\x13'3\x07\x133\
\x03\x03\x113\x11%5!\x15%5!\x15\xf0\xdcf\
\xb9(n*\xad`\xce|Z\xfe\xce\x02\x0a\xfd\xf6\x02\
\x0a\x014\x01\xa6\xfe\x94\x08\x08\x01l\xfeZ\xfe\xcc\x01\
H\xfe\xb8\x9cBB\x98BB\x00\x04\x007\x00\x00\x02\
m\x02\xda\x00\x09\x00\x0d\x00\x11\x00\x15\x00\x00\x01\x033\
\x13'3\x07\x133\x03\x03\x113\x11%5!\x15%\
5!\x15\x01\x0a\xd3f\xb0(n*\xa4`\xc5|Z\
\xfe\xd2\x02\x02\xfd\xfe\x02\x02\x014\x01\xa6\xfe\x94\x08\x08\
\x01l\xfeZ\xfe\xcc\x01H\xfe\xb8\x9cBB\x98BB\
\x00\xff\xff\x00\x12\xff0\x02\x05\x03*\x02&\x01\xf1\x00\
\x00\x00\x07\x01\x1b\x00\x85\x00\x00\x00\x01\x006\x00\x00\x01\
\xc2\x02\x16\x00\x0f\x00\x0035\x01\x15'\x17!5!\
\x15\x015\x17'!\x15:\x01#\x10\x0d\xfe\xdc\x01|\
\xfe\xdd\x12\x0e\x01/k\x01]\x10\x18\x06Lk\xfe\xa3\
\x0e\x19\x09L\x00\xff\xff\x006\x00\x00\x01\xc2\x03*\x02\
&\x01\xf8\x00\x00\x00\x07\x00\x97\x00\xbf\x00\x00\xff\xff\x00\
6\x00\x00\x01\xc2\x03*\x02&\x01\xf8\x00\x00\x00\x06\x00\
\xb6M\x00\xff\xff\x006\x00\x00\x01\xc2\x02\xfa\x02&\x01\
\xf8\x00\x00\x00\x07\x00\xdb\x00\xb2\x00\x00\x00\x02\x00H\xff\
\xee\x02\x9f\x02\xee\x00\x13\x00\x1f\x00\x00\x05\x22.\x025\
546632\x16\x16\x15\x15\x14\x0e\x02'26\
54&#\x22\x06\x15\x14\x16\x01tRsG ?\
\x85hh\x84? GrRhacfgcb\
\x129b\x81H6e\xa2__\xa2e6H\x81b\
9X\x8d\x99\xa0\x8a\x8a\x9e\x9a\x8e\x00\xff\xff\x00-\xff\
\xf6\x01\x98\x01\x9d\x02\x07\x01\xfe\x00\x00\xff\x01\x00\x02\x00\
-\x00\xf5\x01\x98\x02\x9c\x00\x11\x00\x1d\x00\x007\x22&\
&5546632\x16\x16\x15\x15\x14\x06\x06'\
2654&#\x22\x06\x15\x14\x16\xe3>Q')\
Q<<Q('P>2240132\xf5\
3Z8\x1b;Y33Y;\x1b8Z3LC\
CGBBFCD\x00\x02\x00K\xff\xec\x02Y\x02\
\xee\x00\x11\x00!\x00\x00\x05\x22&&55466\
32\x16\x16\x15\x15\x14\x06\x06'26654&\
&#\x22\x06\x06\x15\x14\x16\x16\x01R]t6:u\
XYt:6t]:I\x22#I99I#\
\x22I\x14\x5c\xa3j.o\xa3YY\xa3o.j\xa3\
\x5cV?\x84fk\x85==\x84jg\x85?\x00\x00\
\x01\x00\x00\x00\x0a\x00(\x00P\x00\x02DFLT\x00\
\x0elatn\x00\x0e\x00\x04\x00\x00\x00\x00\xff\xff\x00\
\x03\x00\x00\x00\x01\x00\x02\x00\x03kern\x00\x22m\
ark\x00\x1cmkmk\x00\x14\x00\x00\x00\x02\x00\
\x02\x00\x03\x00\x00\x00\x01\x00\x01\x00\x00\x00\x01\x00\x00\x00\
\x04\x1e\x5c\x02n\x01\xfc\x00\x0a\x00\x06\x00\x10\x00\x01\x00\
\x0a\x00\x01\x00\x01\x01\xb6\x01\xb6\x00\x01\x01X\x00\x0c\x00\
\x17\x01<\x01,\x01\x1c\x01\x0c\x00\xfc\x00\xf2\x00\xe8\x00\
\xde\x00\xd4\x00\xca\x00\xc0\x00\xb6\x00\xac\x00\x9c\x00\x8c\x00\
|\x00l\x00b\x00X\x00N\x00D\x00:\x000\x00\
\x03\x00\xaa\x03\xb2\x1b\xf4\x19\xf6\x00\x03\x00\x9e\x03'\x1b\
\xfa\x11$\x00\x03\x00w\x03\xbe\x1c\x16\x19\xd2\x00\x03\x00\
p\x03*\x1c\x1c\x128\x00\x03\x00\xa6\x03\xb2\x1c\xbc\x19\
\xce\x00\x03\x00\x8b\x03'\x1cB\x11,\x00\x03\x00\xd9\x03\
\xb8\x00\x0aA\xca\x00\x02\x00\x06\x80\x00\x00\x03\x00\xac\x03\
*\x00\x0a\x12\x0a\x00\x02\x00i\x80\x00\x00\x03\x00?\x03\
\xb8\x00\x0aA\xaa\x00\x02\x00\x08\x80\x00\x00\x03\x009\x03\
*\x00\x0a\x11\xea\x00\x02\x00\x0e\x80\x00\x00\x03\x00A\x03\
\xb8\x1cHAT\x00\x03\x00>\x03*\x1cNAJ\x00\
\x03\x00\xab\x03\xb8\x1cTA@\x00\x03\x00\xa2\x03*\x1c\
ZA6\x00\x03\x00@\x03'@\xe4\x10\x8a\x00\x03\x00\
\xb9\x03\xb8\x1c\x86AX\x00\x03\x00\xa4\x03*\x0a\xd6\x11\
\x9e\x00\x03\x00\xbc\x03\xb8\x1c\xb2AD\x00\x03\x00\x9e\x03\
*\x00\x0a\x11\x8a\x00\x02\x00 \x80\x00\x00\x03\x00\xa6\x03\
\xb8\x00\x0aA*\x00\x02\x00:\x80\x00\x00\x03\x00\x9a\x03\
'\x00\x0a\x10\xbc\x00\x02\x00;\x80\x00\x00\x03\x00\xaf\x03\
\xb8\x00\x0aA\x0a\x00\x02\x00\x03\x80\x00\x00\x03\x00\x86\x03\
*\x00\x0a\x11J\x00\x02\x00\x19\x80\x00\x00\x17\x00\x00\x1c\
\x98\x00\x00\x1c\x88\x00\x00\x1c~\x00\x00\x1cn\x00\x00\x1c\
^\x00\x00\x1cN\x00\x00\x1c\x1e\x00\x00\x1c\x0e\x00\x00\x1b\
\xde\x00\x00\x1b\xce\x00\x00\x1b\xbe\x00\x00\x1b\xae\x00\x00\x1b\
\x9e\x00\x00\x1b\x8e\x00\x00\x1b~\x00\x00\x1bn\x00\x00\x1b\
^\x00\x00\x1bN\x00\x00\x1bD\x00\x00\x1b\x14\x00\x00\x1b\
\x04\x00\x00\x1a\xde\x00\x00\x1a\xce\x00\x01\x00\x17\x00\x97\x00\
\x98\x00\xb0\x00\xb1\x00\xb6\x00\xb8\x00\xc3\x00\xc4\x00\xc9\x00\
\xd4\x00\xd5\x00\xdb\x00\xdc\x01\x1b\x01\x1c\x01)\x01*\x01\
L\x01M\x01\x9b\x01\x9c\x01\xcb\x01\xcc\x00\x06\x00\x10\x00\
\x01\x00\x0a\x00\x00\x00\x01\x00\x5c\x00\x5c\x00\x01\x00J\x00\
\x0c\x00\x04\x004\x00*\x00\x1a\x00\x0a\x00\x03\x00E\xfe\
\xd4\x00\x0a\x00\x00\x00\x02\x00U\x80\x00\x00\x03\x00A\xfe\
\xd4\x00\x0a\x00\x00\x00\x02\x00Z\x80\x00\x00\x03\x00M\xfe\
\xd4\x10\xea\x00\x00\x00\x03\x00|\xfe\xd4uj\x00\x00\x00\
\x04\x00\x00\x1bZ\x00\x00\x1bJ\x00\x00\x1b\x1a\x00\x00\x1b\
\x0a\x00\x01\x00\x04\x00\xbe\x00\xbf\x00\xc7\x00\xc8\x00\x04\x00\
\x00\x00\x01\x00\x08\x00\x01\x1b\xa4\x18:\x00\x04\x19F\x00\
\x0c\x01\x0d\x18\x1e\x00\x00\x18\x0e\x00\x00\x17\xfe\x00\x00\x18\
\x0e\x00\x00\x17\xee\x00\x00\x18\x0e\x00\x00\x17\xe4\x00\x00\x18\
\x0e\x00\x00\x17\xda\x00\x00\x18\x0e\x00\x00\x17\xca\x00\x00\x18\
\x0e\x00\x00\x17\xba\x00\x00\x18\x0e\x00\x00\x18\x1e\x00\x00\x18\
\x0e\x00\x00\x17\xaa\x00\x00\x18\x0e\x00\x00\x17\x9a\x00\x00\x18\
\x0e\x00\x00\x17\xba\x00\x00\x18\x0e\x00\x00\x17\x8a\x17z\x00\
\x00\x00\x00\x17j\x17z\x00\x00\x00\x00\x17`\x17z\x00\
\x00\x00\x00\x17\x8a\x17V\x00\x00\x00\x00\x17`\x17z\x00\
\x00\x00\x00\x17L\x17z\x00\x00\x00\x00\x17<\x172\x00\
\x00\x17\x22\x17\x18\x172\x00\x00\x17\x22\x17<\x172\x00\
\x00\x17\x22\x17\x08\x16\xf8\x16\xe8\x00\x00\x16\xd8\x16\xf8\x16\
\xe8\x00\x00\x16\xc8\x16\xf8\x16\xe8\x00\x00\x16\xbe\x16\xf8\x16\
\xe8\x00\x00\x16\xbe\x16\xf8\x16\xe8\x00\x00\x16\xb4\x16\xf8\x16\
\xe8\x00\x00\x16\xb4\x16\xf8\x16\xe8\x00\x00\x16\xa4\x16\xf8\x16\
\xe8\x00\x00\x16\x9a\x16\xf8\x16\xe8\x00\x00\x17\x08\x16\xf8\x16\
\xe8\x00\x00\x17<\x172\x00\x00\x17\x22\x16\x9a\x16\xf8\x16\
\xe8\x00\x00\x16\x8a\x16z\x00\x00\x00\x00\x16j\x16z\x00\
\x00\x00\x00\x16`\x16z\x00\x00\x00\x00\x16\x8a\x16P\x00\
\x00\x00\x00\x16F\x16z\x00\x00\x00\x00\x16<\x162\x00\
\x00\x16(\x16<\x162\x00\x00\x16(\x16\x1e\x16\x14\x16\
\x04\x00\x00\x15\xf4\x15\xea\x15\xda\x00\x00\x15\xca\x16\x14\x16\
\x04\x00\x00\x15\xba\x15\xea\x15\xda\x00\x00\x15\xaa\x16\x14\x16\
\x04\x00\x00\x15\xa0\x15\xea\x15\xda\x00\x00\x15\x96\x16\x14\x16\
\x04\x00\x00\x15\x8c\x15\xea\x15\xda\x00\x00\x15\x82\x16\x14\x16\
\x04\x00\x00\x15x\x15\xea\x15\xda\x00\x00\x15\x82\x16\x14\x16\
\x04\x00\x00\x15x\x15\xea\x15\xda\x00\x00\x15h\x16\x14\x16\
\x04\x00\x00\x15X\x15\xea\x15\xda\x00\x00\x15N\x16\x14\x16\
\x04\x00\x00\x15D\x15\xea\x15\xda\x00\x00\x16\x1e\x16\x14\x16\
\x04\x00\x00\x15\xf4\x15\xea\x15\xda\x00\x00\x15N\x16\x14\x16\
\x04\x00\x00\x15D\x15\xea\x15\xda\x00\x00\x154\x15$\x00\
\x00\x00\x00\x15\x14\x15\x04\x00\x00\x00\x00\x14\xfa\x15$\x00\
\x00\x00\x00\x14\xf0\x15\x04\x00\x00\x00\x00\x14\xe0\x14\xd0\x00\
\x00\x00\x00\x14\xe0\x14\xc6\x00\x00\x00\x00\x14\xbc\x14\xac\x00\
\x00\x14\x9c\x14\x92\x14\xac\x00\x00\x14\x9c\x14\xbc\x14\xac\x00\
\x00\x14\x9c\x14\xbc\x14\x82\x00\x00\x14\x9c\x14\xbc\x14\xac\x00\
\x00\x14\x9c\x14x\x14n\x00\x00\x00\x00\x14^\x14n\x00\
\x00\x00\x00\x14T\x14n\x00\x00\x00\x00\x14x\x14J\x00\
\x00\x00\x00\x14@\x14n\x00\x00\x00\x00\x140\x14&\x14\
\x1c\x14\x0c\x13\xfc\x14&\x14\x1c\x14\x0c\x13\xf2\x14&\x14\
\x1c\x14\x0c\x13\xe8\x14&\x14\x1c\x14\x0c\x13\xde\x14&\x14\
\x1c\x14\x0c\x13\xce\x14&\x14\x1c\x14\x0c\x13\xbe\x14&\x14\
\x1c\x14\x0c\x13\xb4\x14&\x14\x1c\x14\x0c\x140\x14&\x14\
\x1c\x14\x0c\x13\xb4\x14&\x14\x1c\x14\x0c\x140\x14&\x14\
\x1c\x14\x0c\x140\x14&\x14\x1c\x14\x0c\x13\xa4\x13\x94\x00\
\x00\x00\x00\x13\x84\x13t\x00\x00\x00\x00\x13d\x13\x94\x00\
\x00\x00\x00\x13T\x13t\x00\x00\x00\x00\x13J\x13\x94\x00\
\x00\x00\x00\x13@\x13t\x00\x00\x00\x00\x13\xa4\x130\x00\
\x00\x00\x00\x13\x84\x13 \x00\x00\x00\x00\x13\x10\x13\x00\x00\
\x00\x00\x00\x12\xf0\x13\x00\x00\x00\x00\x00\x12\xe6\x13\x00\x00\
\x00\x00\x00\x13\x10\x12\xd6\x00\x00\x00\x00\x12\xe6\x13\x00\x00\
\x00\x00\x00\x13\x10\x12\xcc\x00\x00\x00\x00\x12\xbc\x12\xb2\x00\
\x00\x12\xa8\x12\xbc\x12\xb2\x00\x00\x12\xa8\x12\x9e\x12\xb2\x00\
\x00\x12\xa8\x12\xbc\x12\x8e\x00\x00\x12\xa8\x12\xbc\x12~\x00\
\x00\x12\xa8\x12n\x12d\x12N\x00\x00\x12D\x12d\x12\
N\x00\x00\x12:\x12d\x12N\x00\x00\x120\x12d\x12\
N\x00\x00\x12&\x12d\x12N\x00\x00\x12\x16\x12d\x12\
N\x00\x00\x12\x0c\x12d\x12N\x00\x00\x12\x02\x12d\x12\
N\x00\x00\x12n\x12d\x12N\x00\x00\x11\xf8\x12d\x12\
N\x00\x00\x12\x02\x12d\x12N\x00\x00\x11\xe8\x11\xd8\x00\
\x00\x00\x00\x11\xc8\x11\xd8\x00\x00\x00\x00\x11\xbe\x11\xd8\x00\
\x00\x00\x00\x11\xb4\x11\xd8\x00\x00\x00\x00\x11\xa4\x11\xd8\x00\
\x00\x00\x00\x11\x94\x11\x84\x00\x00\x00\x00\x11t\x11\x84\x00\
\x00\x00\x00\x11j\x11\x84\x00\x00\x00\x00\x11`\x11\x84\x00\
\x00\x00\x00\x11P\x11\x84\x00\x00\x00\x00\x11@\x110\x00\
\x00\x11 \x11\x10\x110\x00\x00\x11 \x11\x06\x110\x00\
\x00\x11 \x10\xfc\x110\x00\x00\x11 \x10\xe6\x00\x00\x10\
\xd6\x00\x00\x10\xc0\x00\x00\x10\xd6\x00\x00\x10\xaa\x00\x00\x10\
\xd6\x00\x00\x10\x9a\x00\x00\x10\xd6\x00\x00\x10\x8a\x00\x00\x10\
\xd6\x00\x00\x10z\x00\x00\x10\xd6\x00\x00\x10j\x00\x00\x10\
\xd6\x00\x00\x10\xe6\x00\x00\x10\xd6\x00\x00\x10`\x00\x00\x10\
\xd6\x00\x00\x10P\x00\x00\x10\xd6\x00\x00\x10@\x100\x00\
\x00\x00\x00\x10\x1a\x100\x00\x00\x00\x00\x10\x10\x100\x00\
\x00\x00\x00\x10@\x10\x00\x00\x00\x00\x00\x0f\xf6\x100\x00\
\x00\x00\x00\x0f\xec\x100\x00\x00\x00\x00\x0f\xe2\x0f\xd2\x00\
\x00\x0f\xbc\x0f\xe2\x0f\xd2\x00\x00\x0f\xbc\x0f\xe2\x0f\xd2\x00\
\x00\x0f\xbc\x0f\xb2\x0f\xa8\x0f\x92\x00\x00\x0f\x82\x0f\xa8\x0f\
\x92\x00\x00\x0fl\x0f\xa8\x0f\x92\x00\x00\x0f\x5c\x0f\xa8\x0f\
\x92\x00\x00\x0fL\x0f\xa8\x0f\x92\x00\x00\x0fB\x0f\xa8\x0f\
\x92\x00\x00\x0fB\x0f\xa8\x0f\x92\x00\x00\x0f2\x0f\xa8\x0f\
\x92\x00\x00\x0f\x22\x0f\xa8\x0f\x92\x00\x00\x0f\x12\x0f\x02\x00\
\x00\x00\x00\x0f\xb2\x0f\xa8\x0f\x92\x00\x00\x0e\xf2\x0f\xa8\x0f\
\x92\x00\x00\x0e\xe2\x0e\xd2\x00\x00\x00\x00\x0e\xc2\x0e\xd2\x00\
\x00\x00\x00\x0e\xb2\x0e\xd2\x00\x00\x00\x00\x0e\xa2\x0e\xd2\x00\
\x00\x00\x00\x0e\x98\x0e\xd2\x00\x00\x00\x00\x0e\x88\x0f\x02\x00\
\x00\x0er\x0e\x88\x0f\x02\x00\x00\x0er\x00\x00\x0eh\x00\
\x00\x00\x00\x0eX\x0eh\x0eH\x00\x00\x0e8\x0eh\x0e\
H\x00\x00\x0e(\x0eh\x0eH\x00\x00\x0e\x18\x0eh\x0e\
H\x00\x00\x0e\x18\x0eh\x0eH\x00\x00\x0e\x0e\x0eh\x0e\
H\x00\x00\x0d\xfe\x0eh\x0eH\x00\x00\x0d\xf4\x0eh\x0e\
H\x00\x00\x00\x00\x0eh\x00\x00\x00\x00\x0d\xea\x0eh\x0e\
H\x00\x00\x0d\xda\x0d\xd4\x00\x00\x00\x00\x0d\xc4\x0d\xd4\x00\
\x00\x00\x00\x0e\x88\x0d\xb4\x00\x00\x00\x00\x0e\x88\x0d\xa4\x00\
\x00\x00\x00\x0d\x94\x0d\x84\x00\x00\x0dz\x0dj\x0dZ\x00\
\x00\x0dJ\x0d:\x0d\x84\x00\x00\x0dz\x0d*\x0dZ\x00\
\x00\x0dJ\x0d\x94\x0d\x84\x00\x00\x0dz\x0dj\x0dZ\x00\
\x00\x0dJ\x0d\x94\x0d\x1a\x00\x00\x0dz\x0dj\x0d\x10\x00\
\x00\x0dJ\x0d\x94\x0d\x84\x00\x00\x0dz\x0dj\x0dZ\x00\
\x00\x0dJ\x0f\x12\x0f\x02\x00\x00\x00\x00\x0d\x00\x0f\x02\x00\
\x00\x00\x00\x0c\xf0\x0f\x02\x00\x00\x00\x00\x0f\x12\x0c\xe6\x00\
\x00\x00\x00\x0c\xdc\x0f\x02\x00\x00\x00\x00\x0c\xd2\x0c\xc8\x0c\
\xbe\x0c\xae\x0c\x9e\x0c\xc8\x0c\xbe\x0c\xae\x0c\x8e\x0c\xc8\x0c\
\xbe\x0c\xae\x0c~\x0c\xc8\x0c\xbe\x0c\xae\x0ct\x0c\xc8\x0c\
\xbe\x0c\xae\x0cd\x0c\xc8\x0c\xbe\x0c\xae\x0cT\x0c\xc8\x0c\
\xbe\x0c\xae\x0cJ\x0c\xc8\x0c\xbe\x0c\xae\x0c\xd2\x0c\xc8\x0c\
\xbe\x0c\xae\x0c@\x0c\xc8\x0c\xbe\x0c\xae\x0c0\x0c&\x00\
\x00\x00\x00\x0c\x16\x0c\x06\x00\x00\x00\x00\x0b\xf6\x0c&\x00\
\x00\x00\x00\x0b\xe6\x0c\x06\x00\x00\x00\x00\x0b\xd6\x0c&\x00\
\x00\x00\x00\x0b\xc6\x0c\x06\x00\x00\x00\x00\x0c0\x0b\xb6\x00\
\x00\x00\x00\x0c\x16\x0b\xa6\x00\x00\x00\x00\x0b\x96\x0b\x8c\x00\
\x00\x00\x00\x0b|\x0b\x8c\x00\x00\x00\x00\x0bl\x0b\x8c\x00\
\x00\x00\x00\x0b\x96\x0bb\x00\x00\x00\x00\x0bX\x0b\x8c\x00\
\x00\x00\x00\x0b\x96\x0bH\x00\x00\x00\x00\x0b8\x0b(\x00\
\x00\x0b\x18\x0b\x02\x0a\xf8\x00\x00\x0a\xee\x0b8\x0b(\x00\
\x00\x0b\x18\x0b\x02\x0a\xf8\x00\x00\x0a\xee\x0b8\x0b(\x00\
\x00\x0b\x18\x0b\x02\x0a\xf8\x00\x00\x0a\xee\x0b8\x0a\xde\x00\
\x00\x0b\x18\x0b\x02\x0a\xce\x00\x00\x0a\xee\x0b8\x0a\xbe\x00\
\x00\x0b\x18\x0b\x02\x0a\xb4\x00\x00\x0a\xee\x0a\xa4\x00\x00\x0a\
\x94\x00\x00\x0a~\x0at\x0a^\x00\x00\x0aN\x00\x00\x0a\
\x94\x00\x00\x0a8\x0at\x0a^\x00\x00\x0a.\x00\x00\x0a\
\x94\x00\x00\x0a\x18\x0at\x0a^\x00\x00\x0a\x0e\x00\x00\x0a\
\x94\x00\x00\x0a\x04\x0at\x0a^\x00\x00\x09\xfa\x00\x00\x0a\
\x94\x00\x00\x09\xea\x0at\x0a^\x00\x00\x09\xda\x00\x00\x0a\
\x94\x00\x00\x09\xca\x0at\x0a^\x00\x00\x09\xba\x00\x00\x0a\
\x94\x00\x00\x09\xaa\x0at\x0a^\x00\x00\x09\xa0\x00\x00\x0a\
\x94\x00\x00\x09\x90\x0at\x0a^\x00\x00\x0a\xa4\x00\x00\x0a\
\x94\x00\x00\x0a~\x0at\x0a^\x00\x00\x09\x86\x00\x00\x0a\
\x94\x00\x00\x09|\x0at\x0a^\x00\x00\x09r\x00\x00\x0a\
\x94\x00\x00\x09b\x0at\x0a^\x00\x00\x09R\x09B\x00\
\x00\x00\x00\x092\x09B\x00\x00\x00\x00\x09\x22\x09B\x00\
\x00\x00\x00\x09\x18\x09B\x00\x00\x00\x00\x09\x08\x09B\x00\
\x00\x00\x00\x08\xf8\x00\x00\x00\x00\x00\x00\x08\xe8\x00\x00\x00\
\x00\x00\x00\x08\xde\x00\x00\x00\x00\x00\x00\x08\xd4\x00\x00\x00\
\x00\x00\x00\x08\xc4\x00\x00\x00\x00\x00\x00\x08\xb4\x08\xa4\x00\
\x00\x08\x94\x08\x84\x08\xa4\x00\x00\x08\x94\x08t\x08\xa4\x00\
\x00\x08\x94\x08j\x08\xa4\x00\x00\x08\x94\x00\x03\x00\xf0\x03\
*\x00T74\x00\x03\x00\xeb\x03*\x00\x0a\x07\xb0\x00\
\x02\x019\x80\x00\x00\x03\x01E\x03*\x00\x0a\x07\xa0\x00\
\x02\x00\xce\x80\x00\x00\x03\x00\xf4\x01\x0b\x00\x0a\x00\x00\x00\
\x02\x01\x06\x80\x00\x00\x03\x00\xf7\x00\x00\x00\x0a\x00\x00\x00\
\x02\x01-\x80\x00\x00\x03\x00\xf0\x02\x16\x00\x0a\x12\xd8\x00\
\x02\x01\x19\x80\x00\x00\x03\x00\xbe\x03*\x00\x0a\x07`\x00\
\x00\x00\x00\x80\x00\x00\x03\x01\x10\x03*\x00.6\xca\x00\
\x03\x01\x10\x03*\x04V\x07F\x00\x03\x01e\x03*\x00\
\x0a\x07<\x00\x02\x00\x16\x80\x00\x00\x03\x01\x10\x02\x16\x00\
\x0a\x12\x94\x00\x02\x006\x80\x00\x00\x03\x01U\x03*\x00\
\x0a\x07\x1c\x00\x02\x00\x0d\x80\x00\x00\x03\x01\xa7\x03*\x00\
D6\x86\x00\x03\x01\xa7\x03*\x00\x0a\x07\x02\x00\x02\x00\
\x1c\x80\x00\x00\x03\x01\xfc\x03*\x00\x0a\x06\xf2\x00\x02\x00\
\x0c\x80\x00\x00\x03\x01\xa8\x00\x00\x00\x0a\x00\x00\x00\x02\x00\
5\x80\x00\x00\x03\x01\xa7\x02\x16\x00\x0a\x12:\x00\x02\x00\
\x1b\x80\x00\x00\x03\x016\x03'\x01,\x00\x0a\x00\x02\x01\
r\x80\x00\x00\x03\x013\x03'\x01<\x05\x8a\x00\x03\x01\
6\x03*\x01\x12\x00\xc6\x00\x03\x013\x03*\x01(\x06\
\x9e\x00\x03\x016\x03'\x00\xfe\x00\x0a\x00\x02\x01c\x80\
\x00\x00\x03\x013\x03'\x01\x0e\x05\x8c\x00\x03\x01i\x03\
*\x00\x0a\x00\x98\x00\x02\x01:\x80\x00\x00\x03\x01f\x03\
*\x00\x0a\x06j\x00\x02\x00\xfe\x80\x00\x00\x03\x00\xe4\x03\
*\x00\x0a\x00x\x00\x02\x00\x7f\x80\x00\x00\x03\x00\xe1\x03\
*\x00\x0a\x06J\x00\x02\x00P\x80\x00\x00\x03\x016\x03\
*\x00\xa4\x00\x0a\x00\x02\x00\x97\x80\x00\x00\x03\x013\x03\
*\x00\xb45\xa4\x00\x03\x016\x03*O\x9a\x00>\x00\
\x03\x013\x03*\x06\xbc\x06\x16\x00\x03\x017\x03'\x00\
\x10\x00\x0a\x00\x02\x00\x91\x80\x00\x00\x02\x00\xb6\x80\x00\x00\
\x03\x014\x03'4\xf8\x05H\x00\x03\x01\x8b\x03*\x00\
\x10\x00\x0a\x00\x02\x00x\x80\x00\x00\x02\x00t\x80\x00\x00\
\x03\x01\x88\x03*\x00\x0a\x05\xd6\x00\x02\x00G\x80\x00\x00\
\x03\x01\x9a\x00\x0a\x00\x10\x00\x0a\x00\x00\x00\x11\x80\x00\x00\
\x02\x01\x07\x80\x00\x00\x03\x016\x00\x00\x00\x1a\x00\x00\x00\
\x03\x016\x02\x16\x00\x10\x00\x0a\x00\x00\x00\x03\x80\x00\x00\
\x02\x00\xc0\x80\x00\x00\x03\x02\x16\x00\x0a\x00\x0a\x00\x00\x00\
\x02\x00\x0f\x80\x00\x00\x03\x013\x02\x16\x00\x0a\x10\xe8\x00\
\x02\x00\x83\x80\x00\x00\x03\x01\x0c\xfe\xd4j\x5c\x00\x00\x00\
\x03\x00\xf5\xfe\xd4\x00\x0a\x00\x00\x00\x02\x00\xba\x80\x00\x00\
\x03\x01\x06\xfe\xd4\x00\x0a\x00\x00\x00\x02\x01V\x80\x00\x00\
\x03\x00\xef\xfe\xd4\x00\x0a\x00\x00\x00\x02\x01(\x80\x00\x00\
\x03\x00\xc8\x01\x2248j\xe2\x00\x03\x01\x06\x00\x00j\
\xd2\x00\x00\x00\x03\x00\xe8\x02\x16\x00\x10\x00\x0a\x00\x03\x00\
\x00\x80\x00\x00\x02\x01z\x80\x00\x00\x03\x00\xc6\x01\x22\x00\
\x0a\x00\x00\x00\x02\x00C\x80\x00\x00\x03\x00\xef\x00\x00\x00\
\x0a\x00\x00\x00\x02\x00\xcd\x80\x00\x00\x03\x00\x98\x02\xb8\x00\
\x0a\x00\x00\x00\x02\x00c\x80\x00\x00\x03\x01\x13\xfe\xd4\x00\
\x0a\x00\x00\x00\x02\x00^\x80\x00\x00\x03\x01\x0a\x03*\x09\
\xb6\x04\xcc\x00\x03\x01\x0d\xfe\xd4\x06\xf6\x00\x00\x00\x03\x01\
\x05\x03*\x00\x0a\x04\xb8\x00\x02\x00\xcc\x80\x00\x00\x03\x01\
_\x03*\x00\x0a\x04\xa8\x00\x02\x00]\x80\x00\x00\x03\x01\
\x0d\x00\x00\x05\xf2\x00\x00\x00\x03\x01\x0a\x02\x16\x00\x0a\x0f\
\xf6\x00\x02\x00\xa3\x80\x00\x00\x03\x00\x92\xfe\xd4\x00\x0a\x00\
\x00\x00\x00\x00\x01\x80\x00\x00\x03\x00\x92\xfe\xd4\x00\x0a\x00\
\x00\x00\x02\x00_\x80\x00\x00\x03\x00\xf6\x03*\x00\x0a\x04\
^\x00\x02\x00X\x80\x00\x00\x03\x00\xe0\x03*\x00\x0a\x04\
N\x00\x02\x00\xa4\x80\x00\x00\x03\x01P\x03*\x00\x0a\x04\
>\x00\x02\x00\x1e\x80\x00\x00\x03\x01:\x03*\x00\x0a\x04\
.\x00\x02\x00F\x80\x00\x00\x03\x00\x8c\x00\x00\x00\x0a\x00\
\x00\x00\x00\x00\x02\x80\x00\x00\x03\x00\xfb\x02\x16\x00\x0a\x0f\
v\x00\x02\x00?\x80\x00\x00\x03\x00\x8c\x00\x00\x02l\x00\
\x00\x00\x03\x00\xe5\x02\x16\x00\x0a\x0f\x5c\x00\x02\x00\x82\x80\
\x00\x00\x03\x01R\x03'\x03\xea\x02\xbc\x00\x03\x01R\x03\
'\x03\xe0\x02\xe2\x00\x03\x01\x85\x03*\x00\x0a\x03\xd0\x00\
\x02\x01\x0d\x80\x00\x00\x03\x01\x00\x03*\x00\x0a\x03\xc0\x00\
\x02\x00\x5c\x80\x00\x00\x03\x01R\x03*\x03\xb63*\x00\
\x03\x01R\x03*\x00\x0a\x03\xa6\x00\x02\x00\x93\x80\x00\x00\
\x03\x01S\x03'\x00\x0a\x02\xe8\x00\x02\x00\x8a\x80\x00\x00\
\x03\x01\xa7\x03*\x00\x0a\x03\x86\x00\x02\x00Q\x80\x00\x00\
\x03\x01R\x01\x0b\x03|\x00\x0a\x00\x00\x00\x06\x80\x00\x00\
\x03\x01\xc5\x00\x0a\x06\xe0i\x12\x00\x03\x01R\x00\x00\x03\
b\x00\x00\x00\x03\x01R\x02\x16\x03X\x0e\xba\x00\x03\x01\
H\x03'\x02@\x02 \x00\x03\x01J\xfe\xd4S\xe2\x00\
\x00\x00\x03\x01C\x03*\x00\x0a\x034\x00\x02\x00\xe1\x80\
\x00\x00\x03\x01\x9d\x03*\x00\x0a\x03$\x00\x02\x00n\x80\
\x00\x00\x03\x00\xb1\xfe\xd42.\x00\x00\x00\x03\x00\x98\xfe\
\xd4\x00\x0a\x00\x00\x00\x02\x00I\x80\x00\x00\x03\x00\xf1\x03\
\xb8\x00\x0a2\xaa\x00\x02\x008\x80\x00\x00\x03\x00\xec\x03\
\xb8\x00\x0a2\x9a\x00\x02\x00\x05\x80\x00\x00\x03\x00\x97\x01\
\xe0\x00\x0a\x00\x00\x00\x02\x00B\x80\x00\x00\x03\x00\xab\x00\
\x00\x00\x0a\x00\x00\x00\x02\x00\xad\x80\x00\x00\x03\x00|\x02\
\xda\x00\x0a\x00\x00\x00\x02\x00\x8f\x80\x00\x00\x03\x00\x92\x01\
\xe0\x00\x14\x00\x00\x00\x03\x00\x92\x00\x00\x00\x0a\x00\x00\x00\
\x02\x00T\x80\x00\x00\x03\x00w\x02\xda\x00\x0a\x00\x00\x00\
\x02\x00!\x80\x00\x00\x03\x01I\xfe\xd4\x00\x0a\x00\x00\x00\
\x02\x002\x80\x00\x00\x03\x01C\x00\x00\x00\x0a\x00\x00\x00\
\x02\x00<\x80\x00\x00\x03\x00\x8c\x02\x16\x00\x0a\x0d\xc8\x00\
\x02\x00f\x80\x00\x00\x01\x00\xa0\xfe\xd4\x00\x03\x00\x8c\x03\
*\x00\x0a\x02J\x00\x02\x00g\x80\x00\x00\x03\x00\x86\x03\
'\x008\x01\x12\x00\x03\x00\x86\x03'\x00.\x018\x00\
\x03\x004\x03*\x00\x0a\x02&\x00\x02\x00)\x80\x00\x00\
\x03\x00\x86\x02\x16\x00\x14\x0d~\x00\x03\x00\x86\x03*\x00\
\x0a1\x86\x00\x02\x00N\x80\x00\x00\x03\x00\x86\x03*\x00\
\x0a\x01\xfc\x00\x02\x00O\x80\x00\x00\x03\x00\x87\x03'\x00\
\x0a\x01>\x00\x02\x00J\x80\x00\x00\x03\x00\xd6\x00\x0a\x00\
\x0a\x00\x00\x00\x02\x00\x07\x80\x00\x00\x03\x00\xdb\x03*\x00\
\x0a\x01\xcc\x00\x02\x00&\x80\x00\x00\x03\x00\xa6\x00\x00\x09\
\xc0\x00\x00\x00\x03\x00\xc5\x02\x82\x00\x10\x00\x0a\x00\x02\x00\
\xdd\x80\x00\x00\x02\x00\xb5\x80\x00\x00\x03\x00\x8c\x02\xda\x00\
\x0a\x00\x00\x00\x02\x00q\x80\x00\x00\x03\x01S\x03*\x00\
T1\x06\x00\x03\x01S\x03'\x00\x0a\x00Z\x00\x02\x00\
\xcf\x80\x00\x00\x03\x01S\x03*\x00\x0a\x01r\x00\x02\x00\
\xe6\x80\x00\x00\x03\x01T\x03'\x00\x0a\x00\xb4\x00\x02\x00\
\xdc\x80\x00\x00\x03\x011\xfe\xd4\x00\x0a\x00\x00\x00\x02\x01\
\x1a\x80\x00\x00\x03\x01S\x02\x16\x00\x0a\x0c\xaa\x00\x02\x00\
\xe5\x80\x00\x00\x03\x019\x03'@\xec\x00\x0a\x00\x02\x01\
s\x80\x00\x00\x03\x01D\x00\x00\x00\x0a\x00\x00\x00\x02\x00\
\xae\x80\x00\x00\x03\x01H\x02\x16\x00\x0a\x0cz\x00\x02\x00\
\xb8\x80\x00\x00\x03\x019\x03'@\xbc\x00\x0a\x00\x02\x01\
d\x80\x00\x00\x03\x00\xe7\x03*\x00\x0a\x00\xf2\x00\x02\x00\
\x95\x80\x00\x00\x03\x019\x03*@\x9c0\x5c\x00\x03\x01\
9\x03*\x00\x0a\x00\xd8\x00\x02\x00\xe2\x80\x00\x00\x03\x01\
4\x03*\x00\x0a\x00\xc8\x00\x02\x00\xfd\x80\x00\x00\x03\x01\
:\x03'\x00\x10\x00\x0a\x00\x02\x00\x94\x80\x00\x00\x02\x00\
\xd7\x80\x00\x00\x03\x01\x8e\x03*\x00\x0a\x00\xa2\x00\x02\x00\
\x8b\x80\x00\x00\x03\x01\xe8\x00*\x00\x10\x00\x0a\x00\x02\x00\
\x87\x80\x00\x00\x02\x00\x13\x80\x00\x00\x03\x01?\x00\x00@\
6\x00\x00\x00\x03\x019\x02\x16@,\x0b\xda\x00\x03\x01\
\xed\x02\x83\x00\x10\x00\x0a\x00\x02\x00\xd0\x80\x00\x00\x02\x00\
\xaa\x80\x00\x00\x03\x01Y\x00\x00\x00\x0a\x00\x00\x00\x02\x01\
o\x80\x00\x00\x03\x02%\x02\xda\x03\xe6\x00\x00\x00\x03\x01\
?\x03*\x00^/\xb2\x00\x03\x01?\x03*eP\x00\
.\x00\x03\x01=\xfe\xd4\x00\x0a\x00\x00\x00\x02\x01+\x80\
\x00\x00\x03\x01:\x03*0<\x00\x14\x00\x03\x01\x94\x03\
*\x00\x10\x00\x0a\x00\x02\x00{\x80\x00\x00\x02\x00\x92\x80\
\x00\x00\x03\x01=\x00\x00\x00\x0a\x00\x00\x00\x02\x00\xd4\x80\
\x00\x00\x03\x01?\x02\x16\x00\x0a\x0bL\x00\x02\x00\xe9\x80\
\x00\x00\x03\x01\x17\x03'\x00\xa6\x00\x0a\x00\x02\x01v\x80\
\x00\x00\x03\x01\x17\x03*\x00\x96\x00j\x00\x03\x01\x17\x03\
'\x00\x8c\x00\x0a\x00\x02\x01e\x80\x00\x00\x03\x00\xc5\x03\
*\x00\x0a\x00P\x00\x02\x00\x80\x80\x00\x00\x03\x01\x17\x03\
*\x00l\x00\x0a\x00\x02\x00\xa8\x80\x00\x00\x03\x01\x17\x03\
*\x00\x0a\x000\x00\x02\x00\xc8\x80\x00\x00\x03\x01\x18\x03\
'\x00\x10\x00\x0a\x00\x02\x00\x9e\x80\x00\x00\x02\x00\xbc\x80\
\x00\x00\x03\x01l\x03*\x00\x10\x00\x0a\x00\x02\x00\x84\x80\
\x00\x00\x02\x00w\x80\x00\x00\x03\x01\xeb\x00\x0a\x00\x0a\x00\
\x00\x00\x02\x00\x12\x80\x00\x00\x03\x01\x17\x02\x16\x00\x10\x00\
\x0a\x00\x02\x00\x85\x80\x00\x00\x02\x00\xc7\x80\x00\x00\x03\x01\
E\x03\xb8\x00N.\xa2\x00\x03\x01E\x03\xb8\x00D.\
\xce\x00\x03\x01\xba\x03\xb8\x00\x0a.\xc4\x00\x02\x00\xd9\x80\
\x00\x00\x03\x01H\x01m\x00\x0a\x00\x00\x00\x02\x01B\x80\
\x00\x00\x03\x01P\x00\x00\x00\x0a\x00\x00\x00\x02\x01h\x80\
\x00\x00\x03\x01E\x02\xda\x00\x0a\x00\x00\x00\x02\x01>\x80\
\x00\x00\x03\x00\xc2\x03\xb8\x00\x0a.\x84\x00\x02\x01q\x80\
\x00\x00\x03\x01C\x03\xb8\x00>.>\x00\x03\x01C\x03\
\xb8\x004.j\x00\x03\x01\xb8\x03\xb8\x00\x0a.`\x00\
\x02\x00o\x80\x00\x00\x03\x01L\x00\x00\x00\x0a\x00\x00\x00\
\x02\x00\xb7\x80\x00\x00\x03\x01C\x02\xda\x00\x0a\x00\x00\x00\
\x02\x00\xe3\x80\x00\x00\x03\x01\x8a\x03\xb8\x00\x0a.0\x00\
\x02\x01?\x80\x00\x00\x03\x02\x0b\x03\xb8\x00>-\xea\x00\
\x03\x02\x0b\x03\xb8\x004.\x16\x00\x03\x02\x80\x03\xb8\x00\
\x0a.\x0c\x00\x02\x00\x22\x80\x00\x00\x03\x02\x12\x00\x00\x00\
\x0a\x00\x00\x00\x02\x00b\x80\x00\x00\x03\x02\x0b\x02\xda\x00\
\x0a\x00\x00\x00\x02\x00`\x80\x00\x00\x03\x01\x8b\x03\xbe\x00\
\x80\x05\xbc\x00\x03\x01\x8b\x03\xb2\x00v\x05\xc2\x00\x03\x01\
\xdc\x03\xb8d\x1c-\xc8\x00\x03\x01\x0a\x03\xb8\x00\x0a-\
\xbe\x00\x02\x01y\x80\x00\x00\x03\x01\x8b\x03\xb8\x00R-\
x\x00\x03\x01\x8b\x03\xb8\x00H-\xa4\x00\x03\x01\x8b\x03\
\xb8c^-\x9a\x00\x03\x02\x00\x03\xb8N~-\x90\x00\
\x03\x02\x08\x00\x0a\x00\x10\x00\x0a\x00\x02\x00\xcb\x80\x00\x00\
\x02\x00@\x80\x00\x00\x03\x01\x8b\x00\x00\x00\x14\x00\x00\x00\
\x03\x01\x8b\x02\xda\x00\x0a\x00\x00\x00\x02\x013\x80\x00\x00\
\x03\x01+\xfe\xd4\x00\x0a\x00\x00\x00\x02\x00\x90\x80\x00\x00\
\x03\x01-\xfe\xd4\x00\x0a\x00\x00\x00\x02\x00\xaf\x80\x00\x00\
\x03\x01)\x03\xb8\x00(-6\x00\x03\x01)\x01m\x00\
\x1e\x00\x00\x00\x03\x01)\x00\x00\x00\x14\x00\x00\x00\x03\x01\
)\x02\xda\x00\x0a\x00\x00\x00\x02\x00\xa9\x80\x00\x00\x03\x01\
X\xfe\xd4\x5c\xf8\x00\x00\x00\x03\x01Z\xfe\xd4\x00\x0a\x00\
\x00\x00\x02\x01_\x80\x00\x00\x03\x01X\x03\xb8\x004,\
\xee\x00\x03\x01\xcd\x03\xb8\x00\x0a,\xe4\x00\x02\x00\xe4\x80\
\x00\x00\x03\x01V\x00\x00\x00\x0a\x00\x00\x00\x02\x01[\x80\
\x00\x00\x03\x01X\x02\xda\x00\x0a\x00\x00\x00\x02\x01J\x80\
\x00\x00\x03\x01z\xfe\xd4\x00\x0a\x00\x00\x00\x02\x00\xc4\x80\
\x00\x00\x03\x01x\xfe\xd4\x00\x0a\x00\x00\x00\x02\x00m\x80\
\x00\x00\x03\x01S\x03\xb8\x00N,\x94\x00\x03\x01R\x03\
\xb8\x00d,\x8a\x00\x03\x01\xc8\x03\xb8\x00\x0a,\x80\x00\
\x02\x00[\x80\x00\x00\x03\x01\xc7\x03\xb8\x00\x0a,p\x00\
\x02\x00\x17\x80\x00\x00\x03\x01x\x00\x00\x00\x0a\x00\x00\x00\
\x02\x00\xdf\x80\x00\x00\x03\x01S\x02\xda\x00\x0a\x00\x00\x00\
\x02\x00\xc9\x80\x00\x00\x03\x01v\x00\x00\x00\x0a\x00\x00\x00\
\x02\x00\x81\x80\x00\x00\x03\x01R\x02\xda\x00\x0a\x00\x00\x00\
\x02\x00S\x80\x00\x00\x03\x01\xb1\x03\xb2\x00\x86\x04\x10\x00\
\x03\x02\x02\x03\xb8\x00\x0a,\x16\x00\x02\x00\xf6\x80\x00\x00\
\x03\x010\x03\xb8\x00\x0a,\x06\x00\x02\x01x\x80\x00\x00\
\x03\x01\xb1\x03\xb8\x00\x5c+\xc0\x00\x03\x01\xb1\x03\xb8\x00\
R+\xec\x00\x03\x01\xb1\x03\xb8\x5c(+\xe2\x00\x03\x02\
&\x03\xb8\x00\x0a+\xd8\x00\x02\x00\xa2\x80\x00\x00\x03\x01\
\xb1\x01m\x00.\x00\x0a\x00\x01\x00\x00\x80\x00\x00\x03\x02\
3\x00\x0a\x00\x1e\x00\x00\x00\x03\x01\xb1\x00\x00\x00\x14\x00\
\x00\x00\x03\x01\xb1\x02\xda\x00\x0a\x00\x00\x00\x02\x01\x16\x80\
\x00\x00\x03\x01\xbb\x03\xb2H\xa6\x03\x84\x00\x03\x01\x9e\xfe\
\xd4\x06X\x00\x00\x00\x03\x01\xbb\x03\xb8H\x92+\x80\x00\
\x03\x020\x03\xb8\x00\x0a+v\x00\x02\x00*\x80\x00\x00\
\x03\x01\x9c\x00\x00\x00l\x00\x00\x00\x03\x01\xbb\x02\xdaH\
n\x00\x00\x00\x03\x01:\xfe\xd4\x00\x0a\x05f\x00\x02\x01\
=\x80\x00\x00\x03\x01\x10\x03\xb8\x01B+B\x00\x03\x00\
\x9b\x01m\x00\x0a\x00\x00\x00\x02\x00\xb0\x80\x00\x00\x03\x01\
8\x00\x00\x00\x0a\x05<\x00\x02\x01R\x80\x00\x00\x03\x00\
\x9b\x02\xda*\xa6\x00\x00\x00\x03\x01}\xfe\xd4\x05\xdc\x00\
\x00\x00\x03\x01{\x00\x00\x00\x0a\x00\x00\x00\x02\x00A\x80\
\x00\x00\x03\x01_\x02\xda\x00\x0a\x00\x00\x00\x02\x00.\x80\
\x00\x00\x03\x01\xb7\x03\xb8\x00.*\xe4\x00\x03\x01T\x03\
\xb8\x00D*\xda\x00\x03\x01\x12\x00\x00\x00\x0a\x00\x00\x00\
\x02\x00\xa5\x80\x00\x00\x03\x01\xb7\x02\xda\x00\x0a\x00\x00\x00\
\x02\x00\xf3\x80\x00\x00\x03\x01C\x00\x00\x00\x0a\x00\x00\x00\
\x02\x00\x0a\x80\x00\x00\x03\x01T\x02\xda\x00\x0a\x00\x00\x00\
\x02\x00\xb9\x80\x00\x00\x03\x00\xe0\x03\xb2\x00\xba\x02\x80\x00\
\x03\x00\x9d\x03\xb2*\x14\x02v\x00\x03\x00_\x03\xb8\x00\
\x0a*|\x00\x02\x01t\x80\x00\x00\x03\x00\x1c\x03\xb8\x00\
\x0a*l\x00\x02\x01j\x80\x00\x00\x03\x00\xe0\x03\xb8\x00\
\x86*&\x00\x03\x00\x9d\x03\xb8)\xe0*\x1c\x00\x03\x00\
\xe0\x03\xb8\x00r*H\x00\x03\x00\x9d\x03\xb8)\xcc*\
>\x00\x03\x00\xe0\x03\xb8I\xc8*4\x00\x03\x00\x9d\x03\
\xb8\x00\x0a**\x00\x02\x00\xa7\x80\x00\x00\x03\x01U\x03\
\xb8\x00\x0a*\x1a\x00\x02\x00v\x80\x00\x00\x03\x01\x12\x03\
\xb8\x00\x0a*\x0a\x00\x02\x00H\x80\x00\x00\x03\x01\x1a\x00\
\x0a\x00\x0a\x00\x00\x00\x02\x00,\x80\x00\x00\x03\x00\xe0\x00\
\x00\x00\x14\x00\x00\x00\x03\x00\xe0\x02\xda\x00\x0a\x00\x00\x00\
\x02\x00\xef\x80\x00\x00\x03\x00\xcc\x00\x0a\x00\x0a\x00\x00\x00\
\x02\x00\x10\x80\x00\x00\x03\x00\x9d\x00\x00)N\x00\x00\x00\
\x03\x00\x9d\x02\xda)D\x00\x00\x00\x03\x01\x92\x02^)\
\x10\x00\x00\x00\x03\x01\x92\x00\x00)\x06\x00\x00\x00\x03\x01\
\x92\x02\xda(\xfc\x00\x00\x00\x03\x01\x9e\x03\xb8\x00N)\
X\x00\x03\x01\xb4\xfe\xd4\x00\x0a\x00\x00\x00\x02\x00\xb4\x80\
\x00\x00\x03\x01\x9e\x03\xb8\x004)t\x00\x03\x01\x9e\x03\
\xb8\x00\x0a)j\x00\x02\x01\x1d\x80\x00\x00\x03\x01\xb2\x00\
\x00\x00\x0a\x00\x00\x00\x02\x00\xd1\x80\x00\x00\x03\x01\x9e\x02\
\xda\x00\x0a\x00\x00\x00\x02\x01\x1c\x80\x00\x00\x03\x01C\x03\
\xb2\x00x\x01*\x00\x03\x00\xc2\x03\xb8\x00\x0a)0\x00\
\x02\x01w\x80\x00\x00\x03\x01C\x03\xb8\x00^(\xea\x00\
\x03\x01C\x03\xb8\x00T)\x16\x00\x03\x01C\x03\xb8\x00\
\x0a)\x0c\x00\x02\x00\xf8\x80\x00\x00\x03\x01\xb8\x03\xb8\x00\
\x0a(\xfc\x00\x02\x00\x88\x80\x00\x00\x03\x02\x1a\x00\x0a\x00\
\x0a\x00\x00\x00\x02\x00\xd2\x80\x00\x00\x03\x01B\x00\x00\x00\
\x0a\x00\x00\x00\x02\x01K\x80\x00\x00\x03\x01C\x02\xda\x00\
\x0a\x00\x00\x00\x02\x00\xf7\x80\x00\x00\x03\x01x\x03\xb8\x00\
.(\xbc\x00\x03\x00\xcd\x01m\x00\x0a\x00\x00\x00\x02\x00\
\xfc\x80\x00\x00\x03\x01\x87\x00\x00^\x1a\x00\x00\x00\x03\x01\
x\x02\xda\x00\x0a\x00\x00\x00\x02\x01\x5c\x80\x00\x00\x03\x01\
\xa1\x03\xb8\x00H(R\x00\x03\x01\xa6\xfe\xd4^B\x00\
\x00\x00\x03\x01\xa1\x03\xb8\x004(t\x00\x03\x02\x16\x03\
\xb8\x00\x0a(j\x00\x02\x00\xa1\x80\x00\x00\x03\x01\xa2\x00\
\x00\x00\x0a\x00\x00\x00\x02\x01,\x80\x00\x00\x03\x01\xa1\x02\
\xda\x00\x0a\x00\x00\x00\x02\x01\x13\x80\x00\x00\x03\x01\xeb\x04\
\x9c\x00n\x00\x0a\x00\x02\x00-\x80\x00\x00\x03\x01v\x03\
\xbe\x00~\x00\x0a\x00\x02\x00l\x80\x00\x00\x03\x01v\x03\
\xb2\x00n\x00\x0a\x00\x02\x00r\x80\x00\x00\x03\x00\xf5\x03\
\xb8\x00\x0a(\x0a\x00\x02\x01]\x80\x00\x00\x03\x01v\x03\
\xb8\x00N'\xc4\x00\x03\x01v\x03\xb8\x00D'\xf0\x00\
\x03\x01v\x03\xb8\x00\x0a'\xe6\x00\x02\x00\x8e\x80\x00\x00\
\x03\x01\xeb\x03\xb8\x00\x0a'\xd6\x00\x02\x007\x80\x00\x00\
\x03\x02\xd0\x00\x0a\x00\x0a\x00\x00\x00\x02\x00+\x80\x00\x00\
\x03\x01v\x02\xda\x00\x0a\x00\x00\x00\x02\x00\x8d\x80\x00\x00\
\x02\x00,\x00\x02\x00\x02\x00\x00\x00\x04\x00\x0d\x00\x01\x00\
\x0f\x00 \x00\x0b\x00\x22\x00$\x00\x1d\x00&\x00*\x00\
 \x00,\x00L\x00%\x00N\x00N\x00F\x00P\x00\
T\x00G\x00V\x00^\x00L\x00a\x00u\x00U\x00\
w\x00\x81\x00j\x00\x83\x00\x87\x00u\x00\x89\x00\x95\x00\
z\x00\x99\x00\x99\x00\x87\x00\x9b\x00\x9c\x00\x88\x00\x9e\x00\
\x9f\x00\x8a\x00\xa4\x00\xa4\x00\x8c\x00\xb4\x00\xb5\x00\x8d\x00\
\xb9\x00\xbc\x00\x8f\x00\xcd\x00\xcd\x00\x93\x00\xd0\x00\xd1\x00\
\x94\x00\xdd\x00\xe4\x00\x96\x00\xea\x00\xea\x00\x9e\x00\xef\x00\
\xf0\x00\x9f\x00\xf4\x00\xf4\x00\xa1\x01\x14\x01\x18\x00\xa2\x01\
'\x01(\x00\xa7\x01-\x017\x00\xa9\x019\x01D\x00\
\xb4\x01H\x01I\x00\xc0\x01T\x01U\x00\xc2\x01W\x01\
X\x00\xc4\x01]\x01]\x00\xc6\x01_\x01c\x00\xc7\x01\
g\x01i\x00\xcc\x01s\x01t\x00\xcf\x01\x8f\x01\x96\x00\
\xd1\x01\x9d\x01\xa2\x00\xd9\x01\xb9\x01\xc2\x00\xdf\x01\xd3\x01\
\xe2\x00\xe9\x01\xe4\x01\xe9\x00\xf9\x01\xeb\x01\xef\x00\xff\x01\
\xf1\x01\xf4\x01\x04\x01\xf7\x01\xfb\x01\x08\x00\x1f\x00\x00\x02\
H\x00\x00\x028\x00\x00\x02.\x00\x00\x02\x1e\x00\x00\x02\
\x0e\x00\x00\x01\xfe\x00\x01\x01\xee\x00\x01\x01\xde\x00\x00\x01\
\xce\x00\x00\x01\xbe\x00\x01\x01\xae\x00\x01\x01\x9e\x00\x00\x01\
\x8e\x00\x00\x01~\x00\x00\x01n\x00\x00\x01^\x00\x00\x01\
N\x00\x00\x01>\x00\x00\x01.\x00\x00\x01\x1e\x00\x00\x01\
\x0e\x00\x00\x00\xfe\x00\x00\x00\xf4\x00\x02\x00\xe4\x00\x02\x00\
\xd4\x00\x00\x00\xc4\x00\x00\x00\xb4\x00\x03\x00\xa4\x00\x03\x00\
\x9e\x00\x00\x00\x8e\x00\x00\x00~\x00\x03\x00\xaa\x02\xda\x00\
\x0a\x00\x00\x00\x02\x00s\x80\x00\x00\x03\x00\x9e\x02\x16\x00\
\x0a\x01\xc4\x00\x02\x00~\x80\x00\x00\x01\x00\x96\x01\x0b\x00\
\x03\x00\x96\x01h\x00\x00\x00\x0a\x00\x00\x00\x0c\x80\x00\x00\
\x03\x00w\x02\xda\x00\x0a\x00\x00\x00\x02\x00|\x80\x00\x00\
\x03\x00p\x02\x16\x00\x0a\x01\x8e\x00\x02\x00\xb3\x80\x00\x00\
\x03\x00\xe2\x00\x0a\x00\x0a\x00\x00\x00\x02\x001\x80\x00\x00\
\x03\x00\xe2\x00\x0a\x00\x0a\x00\x00\x00\x02\x000\x80\x00\x00\
\x03\x00\xa6\x02\xda\x00\x84\x00\x00\x00\x03\x00\x8b\x02\x16\x00\
\x0a\x01T\x00\x02\x004\x80\x00\x00\x03\x00\x88\x02\xda\x00\
\x0a\x00\x00\x00\x02\x00\x11\x80\x00\x00\x03\x00y\x02\x16\x00\
\x0a\x014\x00\x02\x00$\x80\x00\x00\x03\x00\xc0\x02\xda\x00\
\x0a\x00\x00\x00\x02\x00\x00\x80\x00\x00\x03\x00\x8b\x02\x16\x00\
\x0a\x01\x14\x00\x02\x00\x1d\x80\x00\x00\x03\x00A\x02\xda\x00\
\x0a\x00\x00\x00\x02\x00(\x80\x00\x00\x03\x00>\x02\x16\x00\
\x0a\x00\xf4\x00\x02\x003\x80\x00\x00\x03\x00\xab\x02\xda\x00\
\x0a\x00\x00\x00\x02\x00\x1f\x80\x00\x00\x03\x00\xa2\x02\x16\x00\
\x0a\x00\xd4\x00\x02\x00#\x80\x00\x00\x03\x00@\x02\x16\x00\
\x0a\x00\xc4\x00\x02\x00W\x80\x00\x00\x03\x00C\x00\x00\x00\
\x0a\x00\x00\x00\x02\x00d\x80\x00\x00\x03\x00;\x00\x00\x00\
\x0a\x00\x00\x00\x02\x00h\x80\x00\x00\x03\x00\xb9\x02\xda\x00\
\x0a\x00\x00\x00\x02\x00\x02\x80\x00\x00\x03\x00\xa4\x02\x16\x00\
\x0a\x00\x84\x00\x02\x00\x1a\x80\x00\x00\x03\x00I\x00\x00\x00\
\x0a\x00\x00\x00\x02\x00\xbd\x80\x00\x00\x03\x00|\x00\x00\x00\
\x0a\x00\x00\x00\x00\x00\x08\x80\x00\x00\x03\x00\xbc\x02\xda\x00\
\x0a\x00\x00\x00\x02\x00\x01\x80\x00\x00\x03\x00\xa3\x02\x16\x00\
\x0a\x00D\x00\x02\x00\x14\x80\x00\x00\x03\x00\xa6\x02\xda\x00\
\x0a\x00\x00\x00\x02\x009\x80\x00\x00\x03\x00\x99\x02\x16\x00\
*\x00$\x00\x03\x00:\x02\xda\x00\x0a\x00\x00\x00\x02\x00\
\x18\x80\x00\x00\x03\x001\x02\x16\x00\x10\x00\x0a\x00\x02\x00\
}\x80\x00\x00\x02\x00>\x80\x00\x00\x01\x00\x1f\x00\x97\x00\
\x98\x00\xb0\x00\xb1\x00\xb6\x00\xb8\x00\xbe\x00\xbf\x00\xc3\x00\
\xc4\x00\xc7\x00\xc8\x00\xc9\x00\xd4\x00\xd5\x00\xdb\x00\xdc\x01\
\x1b\x01\x1c\x01)\x01*\x01L\x01M\x01e\x01f\x01\
\x9b\x01\x9c\x01\xb7\x01\xb8\x01\xcb\x01\xcc\x00\x02\x00\x08\x00\
\x02+\x10\x00\x0a\x00\x02!\xd0\x00D\x00\x00'<$\
\x92\x006\x00(\x00\x00\x00\x00\x00\x00\x00\x00\x00\x00\x00\
\x00\x00\x00\x00\x00\x00\x00\x00\x00\xff\xe9$\x8c\x00\x00\x00\
\x00\x00\x00\x00\x00\x00\x00\x00\x00\xff\xf8Y\x5c\x00\x00\x00\
\x00\x00\x00\x00\x00\x00\x00\x00\x00\x00\x00$\x86\xff\xe6T\
6\x00\x00\x00\x00\xff\xeaYb\xff\xf4Yh\xff\xe8$\
\x80\xff\xdcYb\xff\xeeZ\x0c\xff\xfc$z\xff\xf4Z\
>\x00\x00\x00\x00\x00\x00\x00\x00\xff\xfc$t\x00\x00\x00\
\x00\x00\x00\x00\x00\x00\x00\x00\x00\x00\x00\x00\x00\xff\xe6T\
<\x00\x00\x00\x00\xff\xfaY\xec\xff\xeeSJ\x00\x00\x00\
\x00\xff\xea$n\x00\x00\x00\x00\x00\x00\x00\x00\x00\x00\x00\
\x00\x00\x00\x00\x00\x00\x00\x00\x00\x00\x00\x00\x00\x00\x00\x00\
\x00\x00\x00\x00\x00\x00\x00\x00\x00\x00\x00\x00\x00\x00\x00\x00\
\x00\x00\x00\x00\x00\x00\x00\x00\x00\x00\x00\x00\x00\x00\x00\x00\
\x00\x00\x00\x00\x00\x00\x00\x00\x00\x00\x00\x00\x00\x00\x00\x00\
\x00\x00\x00\x00\x00\x00\x00\x00\x00\x00\x00\x00\x00\x00\x00\x00\
\x00\x00\x00\x00\x00\x00\x00\x00\x00\x00\x00\x00\x00\x00\x00\x00\
\x00\x00\x00\x00\x00\x00\x00\x00\x00\x00\x00\x00\x00\x00\x00\x00\
\x00\x00\x00\x00\x00\x00\x00\x00\x00\x00\x00\x00\x00\xff\xf4\x00\
\x00\x00\x00\x00\x00\xff\xfc\x00\x00\x00\x00\x00\x00\x00\x00\x00\
\x00\x00\x00\x00\x00\x00\x00\x00\x00\x00\x00\x00\x00\x00\x00\x00\
\x00\x00\x00\x00\x00\x00\x00\x00\x00\xff\xf4Z\x0c\x00\x00\x00\
\x00\xff\xfaZ\x0c\x00\x00\x00\x00\x00\x00\x00\x00\x00\x00\x00\
\x00\x00\x00\x00\x00\xff\xfcZ\x0c\x00\x00\x00\x00\x00\x00\x00\
\x00\x00\x00\x00\x00\xff\xfdZ\x0c\xff\xf8M\xf4\x00\x06Y\
b\xff\xf6Y\x5c\x00\x00\x00\x00\x00\x00\x00\x00\x00\x00\x00\
\x00\x00\x00\x00\x00\x00\x00\x00\x00\xff\xf0Y\x5c\x00\x00\x00\
\x00\x00\x00\x00\x00\x00\x00\x00\x00\x00\x00\x00\x00\x00\x00\x00\
\x00\xff\xfaY\x8e\x00\x00\x00\x00\x00\x00\x00\x00\xff\xf8Y\
\xec\xff\xf8Z>\xff\xfaZ\x0c\x00\x00\x00\x00\x00\x00\x00\
\x00\x00\x00\x00\x00\x00\x00\x00\x00\x00\x00\x00\x00\x00\x00\x00\
\x00\x00\x00\x00\x00\x00\x00\x00\x00\x00\x00\x00\x00\x00\x00\x00\
\x00\x00\x00\x00\x00\x00\x00\x00\x00\x00\x00\x00\x00\x00\x00\x00\
\x00\x00\x00\x00\x00\xff\xfcZ\x0c\x00\x00\x00\x00\x00\x00\x00\
\x00\x00\x00\x00\x00\x00\x00\x00\x00\x00\x00\x00\x00\xff\xecE\
V\x00\x00\x00\x00\x00\x00\x00\x00\x00\x00\x00\x00\x00\x00\x00\
\x00\xff\xf8Yh\x00\x00\x00\x00\x00\x00\x00\x00\xff\xf7Y\
\x8e\x00\x00\x00\x00\x00\x00\x00\x00\xff\xfdYh\x00\x00\x00\
\x00\x00\x00\x00\x00\x00\x00\x00\x00\x00\x00\x00\x00\xff\xe7Y\
\x8e\xff\xf4\x00\x00\xff\xfaZD\x00\x00\x00\x00\x00\x00\x00\
\x00\x00\x00\x00\x00\x00\x00\x00\x00\x00\x00\x00\x00\x00\x00\x00\
\x00\xff\xfe$h\x00\x00\x00\x00\x00\x00\x00\x00\x00\x00\x00\
\x00\x00\x00\x00\x00\x00\x00\x00\x00\x00\x00\x00\x00\x00\x00\x00\
\x00\x00\x00\x00\x00\xff\xf6Y>\x00\x00\x00\x00\x00\x00\x00\
\x00\x00\x00\x00\x00\x00\x00\x00\x00\x00\x00\x00\x00\xff\xe6E\
V\x00\x00\x00\x00\x00\x00\x00\x00\x00\x00\x00\x00\x00\x00\x00\
\x00\xff\xf2Y2\x00\x00\x00\x00\x00\x00\x00\x00\xff\xf1Z\
D\x00\x00\x00\x00\x00\x00\x00\x00\xff\xfcY>\x00\x00\x00\
\x00\x00\x00\x00\x00\x00\x00\x00\x00\x00\x00\x00\x00\xff\xd3Z\
8\xff\xeeY\x8e\xff\xe4Z8\x00\x00\x00\x00\x00\x00\x00\
\x00\x00\x00\x00\x00\x00\x00\x00\x00\x00\x00\x00\x00\x00\x00\x00\
\x00\xff\xf4S|\x00\x00\x00\x00\xff\xfaY\xe0\x00\x00\x00\
\x00\xff\xe9$\x8c\xff\xfaY\xe0\x00\x0aYb\xff\xe8Y\
>\x00\x00\x00\x00\xff\xf4Y\xe6\x00\x00\x00\x00\xff\xfaY\
\x94\xff\xfb$b\xff\xfcZ\x0c\xff\xfaYb\xff\xf8Y\
h\xff\xfe\x00\x00\xff\xc8$\x5c\xff\xe2$V\xff\xc2$\
P\x00\x00\x00\x00\x00\x00\x00\x00\xff\xf6Yh\xff\xf8T\
<\xff\xfaS|\xff\xfdZ>\xff\xf7$J\x00\x00\x00\
\x00\x00\x00Y\xb4\xff\xfe\x00\x00\x00\x00\x00\x00\xff\xbfZ\
>\xff\xceAd\xff\xc2Y\x94\x00\x00\x00\x00\x00\x00\x00\
\x00\xff\xfe$D\x00\x00\x00\x00\x00\x00\x00\x00\x00\x00\x00\
\x00\x00\x00\x00\x00\x00\x00\x00\x00\x00\x00\x00\x00\x00\x00\x00\
\x00\x00\x00\x00\x00\x00\x00\x00\x00\xff\xe8Y>\x00\x00\x00\
\x00\x00\x00\x00\x00\x00\x00\x00\x00\x00\x00\x00\x00\x00\x00\x00\
\x00\x00\x00\x00\x00\x00\x00\x00\x00\x00\x00\x00\x00\xff\xf6\x00\
\x00\x00\x00\x00\x00\xff\xfe\x00\x00\x00\x00\x00\x00\x00\x00\x00\
\x00\xff\xe6M\xf4\xff\xf4SD\x00\x00\x00\x00\x00\x00\x00\
\x00\x00\x00\x00\x00\x00\x00\x00\x00\x00\x00\x00\x00\x00\x00\x00\
\x00\x00\x00\x00\x00\xff\xf8\x00\x00\x00\x00\x00\x00\xff\xfa\x00\
\x00\x00\x00\x00\x00\x00\x00\x00\x00\xff\xf8S|\x00\x00\x00\
\x00\xff\xfaY>\x00\x00\x00\x00\x00\x00\x00\x00\x00\x00\x00\
\x00\x00\x00\x00\x00\x00\x00\x00\x00\x00\x00\x00\x00\x00\x00\x00\
\x00\x00\x00\x00\x00\x00\x00\x00\x00\x00\x00\x00\x00\x00\x00\x00\
\x00\x00\x00\x00\x00\x00\x00\x00\x00\x00\x00\x00\x00\x00\x00\x00\
\x00\x00\x00\x00\x00\x00\x00\x00\x00\x00\x00\x00\x00\xff\xf4K\
V\x00\x00\x00\x00\x00\x00\x00\x00\x00\x00\x00\x00\x00\x00\x00\
\x00\x00\x00\x00\x00\x00\x00\x00\x00\x00\x00\x00\x00\x00\x00\x00\
\x00\x00\x00\x00\x00\x00\x00\x00\x00\x00\x00\x00\x00\x00\x00\x00\
\x00\x00\x00\x00\x00\x00\x00\x00\x00\x00\x00\x00\x00\x00\x00\x00\
\x00\x00\x00\x00\x00\x00\x00\x00\x00\x00\x00\x00\x00\x00\x00\x00\
\x00\x00\x00\x00\x00\x00\x00\x00\x00\x00\x00\x00\x00\x00\x00\x00\
\x00\x00\x00\x00\x00\x00\x00\x00\x00\x00\x00\x00\x00\x00\x00\x00\
\x00\x00\x00\x00\x00\x00\x00\x00\x00\x00\x00\x00\x00\x00\x00\x00\
\x00\x00\x00\x00\x00\x00\x00\x00\x00\x00\x00\x00\x00\x00\x06Y\
b\x00\x00\x00\x00\x00\x00\x00\x00\x00\x00\x00\x00\xff\xf6Y\
h\x00\x00\x00\x00\x00\x00\x00\x00\x00\x00\x00\x00\x00\x00\x00\
\x00\xff\xeeYb\x00\x00\x00\x00\xff\xfeYb\xff\xf9Z\
8\x00\x00\x00\x00\x00\x00\x00\x00\xff\xfeA\x10\x00\x00\x00\
\x00\x00\x00\x00\x00\x00\x00\x00\x00\x00\x00\x00\x00\xff\xeaZ\
8\x00\x00\x00\x00\xff\xf8\x00\x00\x00\x00\x00\x00\x00\x00\x00\
\x00\x00\x00\x00\x00\x00\x00\x00\x00\x00\x00\x00\x00\x00\x00\x00\
\x00\xff\xfaM\xfa\x00\x00\x00\x00\xff\xf6Y>\x00\x00\x00\
\x00\x00\x00\x00\x00\x00\x00\x00\x00\x00\x00\x00\x00\x00\x00\x00\
\x00\xff\xfcY\x94\x00\x00\x00\x00\x00\x00\x00\x00\x00\x0a\x00\
\x00\x00\x00\x00\x00\x00\x00\x00\x00\x00\x00\x00\x00\xff\xfcY\
\x94\xff\xfcYh\x00\x00\x00\x00\x00\x00\x00\x00\x00\x00\x00\
\x00\xff\xdaYb\x00\x00\x00\x00\xff\xf4Yb\x00\x00\x00\
\x00\x00\x00\x00\x00\x00\x00\x00\x00\xff\xfaSD\x00\x06Z\
\x0c\x00\x00\x00\x00\x00\x00\x00\x00\x00\x00\x00\x00\xff\xf6Z\
8\x00\x04Y\xec\x00\x04Z8\x00\x00\x00\x00\x00\x00\x00\
\x00\x00\x00\x00\x00\x00\x00\x00\x00\x00\x00\x00\x00\x00\x00\x00\
\x00\x00\x00\x00\x00\x00\x00\x00\x00\xff\xf6SD\x00\x00\x00\
\x00\xff\xf8Y\x5c\xff\xfcYD\x00\x00\x00\x00\x00\x00\x00\
\x00\x00\x00\x00\x00\xff\xfcYD\x00\x00\x00\x00\x00\x00\x00\
\x00\x00\x00\x00\x00\x00\x00\x00\x00\xff\xfe\x00\x00\x00\x00\x00\
\x00\xff\xfcSD\x00\x00\x00\x00\x00\x00\x00\x00\x00\x00\x00\
\x00\x00\x00\x00\x00\xff\xfcYb\xff\xf4$>\x00\x00\x00\
\x00\x00\x00\x00\x00\x00\x00\x00\x00\x00\x00\x00\x00\x00\x00\x00\
\x00\xff\xfeYD\xff\xf6M\xee\x00\x00\x00\x00\xff\xfaY\
\xec\x00\x00\x00\x00\xff\xfa\x00\x00\x00\x00\x00\x00\x00\x00\x00\
\x00\x00\x00\x00\x00\x00\x00\x00\x00\x00\x00\x00\x00\x00\x00\x00\
\x00\x00\x00\x00\x00\x00\x00\x00\x00\x00\x00\x00\x00\x00\x00\x00\
\x00\x00\x00\x00\x00\x00\x00\x00\x00\x00\x00\x00\x00\x00\x00\x00\
\x00\x00\x00\x00\x00\xff\xfe.\xec\x00\x00\x00\x00\x00\x00\x00\
\x00\x00\x00\x00\x00\x00\x00\x00\x00\x00\x00\x00\x00\x00\x00\x00\
\x00\x00\x00\x00\x00\x00\x00\x00\x00\x00\x00\x00\x00\x00\x00\x00\
\x00\x00\x00\x00\x00\x00\x00\x00\x00\x00\x00\x00\x00\x00\x00\x00\
\x00\x00\x00\x00\x00\x00\x00\x00\x00\x00\x00\x00\x00\x00\x00\x00\
\x00\x00\x00\x00\x00\x00\x00\x00\x00\x00\x00\x00\x00\xff\xdeY\
J\x00\x00\x00\x00\xff\xecSD\x00\x00\x00\x00\x00\x00\x00\
\x00\x00\x00\x00\x00\x00\x00\x00\x00\x00\x00\x00\x00\x00\x00\x00\
\x00\x00\x00\x00\x00\x00\x00\x00\x00\x00\x00\x00\x00\x00\x00\x00\
\x00\x00\x00\x00\x00\x00\x00\x00\x00\x00\x00\x00\x00\x00\x00\x00\
\x00\x00\x00\x00\x00\xff\xfc\x00\x00\x00\x00\x00\x00\x00\x00\x00\
\x00\x00\x00\x00\x00\x00\x00\x00\x00\x00\x00\x00\x00\xff\xecC\
~\x00\x00\x00\x00\x00\x00\x00\x00\x00\x00\x00\x00\x00\x00\x00\
\x00\x00\x00\x00\x00\x00\x00\x00\x00\x00\x00\x00\x00\x00\x00\x00\
\x00\x00\x00\x00\x00\x00\x00\x00\x00\x00\x00\x00\x00\x00\x00\x00\
\x00\x00\x00\x00\x00\x00\x00\x00\x00\x00\x00\x00\x00\xff\xde\x00\
\x00\xff\xf7\x00\x00\xff\xf0\x00\x00\x00\x00\x00\x00\x00\x00\x00\
\x00\x00\x00\x00\x00\x00\x00\x00\x00\x00\x00\x00\x00\x00\x00\x00\
\x00\xff\xfeSD\x00\x00\x00\x00\x00\x00\x00\x00\x00\x00\x00\
\x00\x00\x00\x00\x00\x00\x00\x00\x00\xff\xfaYb\x00\x00\x00\
\x00\x00\x00\x00\x00\x00\x00\x00\x00\xff\xfe\x00\x00\x00\x00\x00\
\x00\x00\x00\x00\x00\x00\x00\x00\x00\x00\x00\x00\x00\xff\xf2S\
|\x00\x00\x00\x00\xff\xeeYD\xff\xf0C~\xff\xe6S\
|\xff\xf2$8\xff\xee$2\xff\xfd$,\x00\x00\x00\
\x00\x00\x00\x00\x00\x00\x00\x00\x00\xff\xfc\x00\x00\x00\x00\x00\
\x00\x00\x00\x00\x00\x00\x00\x00\x00\x00\x00\x00\x00\xff\xe2T\
<\x00\x00\x00\x00\xff\xf2\x00\x00\x00\x00\x00\x00\x00\x00\x00\
\x00\xff\xf0Y>\x00\x00\x00\x00\x00\x00\x00\x00\x00\x00\x00\
\x00\xff\xf8SD\x00\x00\x00\x00\x00\x00\x00\x00\x00\x00\x00\
\x00\x00\x00\x00\x00\x00\x00\x00\x00\x00\x00\x00\x00\x00\x00\x00\
\x00\x00\x00\x00\x00\x00\x00\x00\x00\x00\x00\x00\x00\x00\x00\x00\
\x00\x00\x00\x00\x00\x00\x00\x00\x00\x00\x00\x00\x00\x00\x00\x00\
\x00\x00\x00\x00\x00\x00\x00\x00\x00\x00\x00\x00\x00\x00\x00\x00\
\x00\x00\x00\x00\x00\x00\x00\x00\x00\x00\x00\x00\x00\x00\x00\x00\
\x00\x00\x00\x00\x00\x00\x00\x00\x00\x00\x00\x00\x00\x00\x00\x00\
\x00\x00\x00\x00\x00\x00\x00\x00\x00\x00\x00\x00\x00\xff\xee\x00\
\x00\x00\x00\x00\x00\x00\x00\x00\x00\x00\x00\x00\x00\x00\x00\x00\
\x00\x00\x00\x00\x00\x00\x00\x00\x00\x00\x00\x00\x00\x00\x00\x00\
\x00\x00\x00\x00\x00\x00\x00\x00\x00\x00\x00\x00\x00\x00\x00\x00\
\x00\x00\x00\x00\x00\x00\x00\x00\x00\x00\x00\x00\x00\x00\x00\x00\
\x00\x00\x00\x00\x00\x00\x00\x00\x00\x00\x00\x00\x00\x00\x00\x00\
\x00\x00\x00\x00\x00\x00\x00\x00\x00\x00\x00\x00\x00\x00\x00\x00\
\x00\x00\x00\x00\x00\x00\x00\x00\x00\x00\x00\x00\x00\x00\x00\x00\
\x00\x00\x00\x00\x00\x00\x00\x00\x00\x00\x00\x00\x00\x00\x00\x00\
\x00\x00\x00\x00\x00\x00\x00\x00\x00\x00\x00\x00\x00\x00\x00\x00\
\x00\x00\x00\x00\x00\x00\x00\x00\x00\x00\x00\x00\x00\xff\xe8Z\
>\x00\x00\x00\x00\xff\xf8\x00\x00\x00\x00\x00\x00\x00\x00\x00\
\x00\x00\x00\x00\x00\x00\x00\x00\x00\x00\x00\x00\x00\x00\x00\x00\
\x00\x00\x00\x00\x00\x00\x00\x00\x00\x00\x00\x00\x00\x00\x00\x00\
\x00\x00\x00\x00\x00\x00\x00\x00\x00\xff\xfaZ\x0c\x00\x00\x00\
\x00\x00\x00\x00\x00\x00\x10YJ\xff\xfe\x00\x00\x00\x12E\
<\x00\x00\x00\x00\x00\x00\x00\x00\x00\x00\x00\x00\xff\xf4S\
\xee\x00\x00\x00\x00\xff\xfcY>\xff\xfeSJ\xff\xfcY\
D\xff\xfa$&\xff\xfaZ\x0c\x00\x08Yh\x00\x00\x00\
\x00\x00\x00\x00\x00\x00\x00\x00\x00\x00\x00\x00\x00\x00\x00\x00\
\x00\x00\x00\x00\x00\x00\x00\x00\x00\x00\x00\x00\x00\xff\xf4Y\
\xec\x00\x00\x00\x00\x00\x0cYh\xff\xfdZ>\x00\x00\x00\
\x00\xff\xfc$ \x00\x00\x00\x00\x00\x00\x00\x00\x00\x00\x00\
\x00\x00\x00\x00\x00\x00\x00\x00\x00\xff\xe6EV\x00\x00\x00\
\x00\xff\xe6T6\xff\xf6Yh\xff\xf8Yh\xff\xf6\x00\
\x00\x00\x00\x00\x00\xff\xfcY\x94\x00\x00\x00\x00\x00\x00\x00\
\x00\xff\xeeYJ\xff\xecYh\xff\xf2S|\x00\x00\x00\
\x00\x00\x00\x00\x00\x00\x08S|\x00\x00\x00\x00\x00\x00Y\
b\x00\x00\x00\x00\x00\x00\x00\x00\x00\x00\x00\x00\x00\x00\x00\
\x00\x00\x1aSD\x00\x00\x00\x00\x00\x00\x00\x00\x000.\
\xec\xff\xfaY>\xff\xde$\x1a\x00\x00\x00\x00\x00\x00\x00\
\x00\x00\x00\x00\x00\x00\x00\x00\x00\xff\xf8S|\xff\xe6T\
6\x00\x00\x00\x00\x00\x00\x00\x00\x00\x00\x00\x00\x00\x00\x00\
\x00\xff\xf2Z\x0c\x00\x00\x00\x00\x00\x00\x00\x00\x00\x00\x00\
\x00\x00\x00\x00\x00\x00\x00\x00\x00\x00\x00\x00\x00\x00\x00\x00\
\x00\x00\x00\x00\x00\x00\x00\x00\x00\x00\x00\x00\x00\x00\x00\x00\
\x00\x00\x00\x00\x00\x00\x00\x00\x00\x00\x00\x00\x00\xff\xeaE\
V\x00\x00\x00\x00\x00\x00\x00\x00\x00\x00\x00\x00\x00\x00\x00\
\x00\xff\xfcYh\x00\x00\x00\x00\xff\xfeT6\xff\xfcZ\
D\x00\x00\x00\x00\x00\x00\x00\x00\x00\x00\x00\x00\x00\x00\x00\
\x00\x00\x00\x00\x00\x00\x00\x00\x00\x00\x00\x00\x00\xff\xe6Z\
D\xff\xf8\x00\x00\xff\xfcZD\x00\x00\x00\x00\x00\x00\x00\
\x00\x00\x00\x00\x00\x00\x00\x00\x00\x00\x00\x00\x00\x00\x00\x00\
\x00\xff\xfe\x00\x00\x00\x00\x00\x00\x00\x00\x00\x00\x00\x00\x00\
\x00\x00\x00\x00\x00\x00\x00\x00\x00\x00\x00\x00\x00\x00\x00\x00\
\x00\x00\x00\x00\x00\xff\xfcYh\x00\x00\x00\x00\x00\x00\x00\
\x00\x00\x00\x00\x00\x00\x00\x00\x00\x00\x00\x00\x00\xff\xf0Z\
\x0c\x00\x00\x00\x00\x00\x00\x00\x00\x00\x00\x00\x00\x00\x00\x00\
\x00\xff\xf6SD\x00\x00\x00\x00\x00\x00\x00\x00\x00\x00\x00\
\x00\x00\x00\x00\x00\x00\x00\x00\x00\x00\x00\x00\x00\x00\x00\x00\
\x00\x00\x00\x00\x00\x00\x00\x00\x00\x00\x00\x00\x00\xff\xe0\x00\
\x00\xff\xfa\x00\x00\xff\xf4\x00\x00\x00\x00\x00\x00\x00\x00\x00\
\x00\x00\x00\x00\x00\x00\x00\x00\x00\x00\x00\x00\x00\x00\x00\x00\
\x00\xff\xfb$h\x00\x00\x00\x00\x00\x00\x00\x00\x00\x00\x00\
\x00\xff\xfcYb\x00\x00\x00\x00\xff\xf7$\x14\x00\x00\x00\
\x00\x00\x00\x00\x00\x00\x00\x00\x00\xff\xfc\x00\x00\x00\x00\x00\
\x00\x00\x00\x00\x00\x00\x00\x00\x00\x00\x00\x00\x00\xff\xecY\
\x8e\x00\x00\x00\x00\xff\xeaY\xe0\xff\xf6YD\xff\xeaY\
\x94\xff\xf8$\x0e\xff\xf0C~\x00\x06M\xee\x00\x00\x00\
\x00\x00\x00\x00\x00\x00\x00\x00\x00\x00\x00\x00\x00\x00\x00\x00\
\x00\x00\x00\x00\x00\x00\x00\x00\x00\x00\x00\x00\x00\xff\xf2Z\
>\x00\x00\x00\x00\xff\xfcY\xe6\xff\xfcYh\x00\x00\x00\
\x00\xff\xf0E<\x00\x00\x00\x00\x00\x00\x00\x00\x00\x00\x00\
\x00\x00\x00\x00\x00\x00\x00\x00\x00\xff\xfcY>\x00\x00\x00\
\x00\xff\xf4Y>\xff\xf6Y\xe0\x00\x0c$\x08\xff\xee.\
\xec\x00\x00\x00\x00\xff\xee$n\x00\x00\x00\x00\xff\xf8Y\
\xae\x00\x00\x00\x00\x00\x00\x00\x00\xff\xf8C~\x00\x0cY\
\x8e\x00\x00\x00\x00\xff\xbe$\x02\xff\xce#\xfc\xff\xac#\
\xf6\x00\x00\x00\x00\x00\x00\x00\x00\xff\xf8Yh\x00\x00\x00\
\x00\x00\x00\x00\x00\x00\x00\x00\x00\x00\x00\x00\x00\x00\x00\x00\
\x00\xff\xfeY\x8e\xff\xf6T6\x00\x00\x00\x00\xff\xa6Y\
\x8e\x00\x00\x00\x00\xff\xa0S|\x00\x00\x00\x00\x00\x00\x00\
\x00\x00\x00\x00\x00\x00\x00\x00\x00\x00\x00\x00\x00\x00\x00\x00\
\x00\x00\x00\x00\x00\x00\x00\x00\x00\xff\xc0N2\xff\xe2Y\
>\xff\xeaYb\xff\xd2M\xfa\xff\xc8$\x5c\xff\xfe\x00\
\x00\xff\xdeY\xe0\xff\xd2T<\x00\x00\x00\x00\xff\xfc\x00\
\x00\xff\xfaY>\xff\xf0A\x10\xff\xeaN^\x00\x08S\
|\xff\xceYh\x00\x08Z>\x00\x0fY>\x00\x08Y\
h\xff\xb4Yn\xff\xf8Yb\xff\xc6Y\xe0\xff\xdc#\
\xf0\x00\x06Yb\x00\x00\x00\x00\xff\xcc\x00\x00\xff\xfd\x00\
\x00\xff\xd8S>\xff\xb4$\x1a\xff\xecZD\xff\xf7Y\
\xec\x00\x00\x00\x00\xff\xf8Z\x0c\xff\xceEV\x00\x00\x00\
\x00\x00\x04Z\x0c\x00\x06\x00\x00\xff\xe2\x00\x00\x00\x00\x00\
\x00\xff\xe0SD\x00\x00\x00\x00\xff\xe8M\xe2\xff\xf4S\
 \xff\xf4Yh\xff\xf8S|\xff\xe2$V\x00\x00\x00\
\x00\xff\xf4S|\x00\x00\x00\x00\x00\x00\x00\x00\x00\x00\x00\
\x00\x00\x00\x00\x00\x00\x00\x00\x00\xff\xf4AD\x00\x00\x00\
\x00\xff\xf2S|\x00\x0fY>\x00\x06ZD\x00\x08Y\
h\xff\xd4M\xf4\xff\xf8Yb\xff\xe8M\xee\xff\xecZ\
8\x00\x08Yh\x00\x00\x00\x00\xff\xfaYh\x00\x00\x00\
\x00\xff\xfaY\xe0\xff\xe2SP\xff\xfcY\xec\xff\xf8Z\
8\x00\x00\x00\x00\x00\x08Y\xec\xff\xe4\x00\x00\xff\xf4Y\
h\x00\x02T6\x00\x06\x00\x00\xff\xf8ZD\x00\x00\x00\
\x00\x00\x00\x00\x00\x00\x00\x00\x00\xff\xc8C~\xff\xf0#\
\xea\xff\xe8$\x80\xff\xe0\x00\x00\xff\xc2Yn\x00\x00\x00\
\x00\xff\xdcYh\xff\xf0Yh\x00\x00\x00\x00\xff\xfeS\
|\xff\xfaC~\xff\xf6=\xc0\xff\xe4#\xe4\x00\x00Y\
b\xff\xc8Y\xe0\x00\x08Yh\x00\x08Yh\x00\x00\x00\
\x00\xff\xb0Yh\xff\xf2Y2\xff\xdaSD\xff\xdcT\
<\x00\x08Yb\x00\x00\x00\x00\xff\xd6C~\xff\xfa\x00\
\x00\xff\xe6Y\xe0\xff\xacYn\xff\xf4ZD\xff\xfaY\
\xec\xff\xfaZ>\xff\xfa\x00\x00\xff\xcaT6\xff\xe8$\
\x80\x00\x04Z\x0c\x00\x08Y\xec\xff\xe4=\xc0\x00\x00\x00\
\x00\xff\xe2\x00\x00\x00\x00\x00\x00\xff\xf2Y2\x00\x00\x00\
\x00\xff\xdcYb\xff\xeeYb\x00\x00\x00\x00\xff\xe6M\
\xf4\x00\x00\x00\x00\xff\xdaYb\x00\x00\x00\x00\x00\x00\x00\
\x00\x00\x00\x00\x00\x00\x00\x00\x00\xff\xf0AD\x00\x00\x00\
\x00\x00\x00\x00\x00\xff\xb4Yn\xff\xd4M\xf4\xff\xb0Y\
h\x00\x00\x00\x00\x00\x00\x00\x00\x00\x00\x00\x00\x00\x00\x00\
\x00\x00\x00\x00\x00\x00\x00\x00\x00\x00\x00\x00\x00\x00\x00\x00\
\x00\x00\x00\x00\x00\x00\x00\x00\x00\x00\x00\x00\x00\x00\x00\x00\
\x00\x00\x00\x00\x00\x00\x00\x00\x00\x00\x00\x00\x00\x00\x00\x00\
\x00\x00\x00\x00\x00\x00\x00\x00\x00\x00\x00\x00\x00\x00\x00\x00\
\x00\x00\x00\x00\x00\x00\x00\x00\x00\xff\xfe\x00\x00\x00\x00\x00\
\x00\x00\x00\x00\x00\x00\x00\x00\x00\x00\x00\x00\x00\x00\x00\x00\
\x00\x00\x00\x00\x00\xff\xfcZ\x0c\x00\x00\x00\x00\x00\x00\x00\
\x00\x00\x00\x00\x00\x00\x00\x00\x00\x00\x00\x00\x00\xff\xfe\x00\
\x00\x00\x00\x00\x00\x00\x00\x00\x00\x00\x00\x00\x00\x00\x00\x00\
\x00\x00\x02AD\x00\x00\x00\x00\xff\xf2Yh\x00\x00\x00\
\x00\x00\x00\x00\x00\x00\x00\x00\x00\x00\x00\x00\x00\x00\x00\x00\
\x00\x00\x00\x00\x00\x00\x00\x00\x00\x00\x02Y\xec\xff\xd2T\
<\xff\xe6Y\xec\xff\xe2ZD\x00\x00\x00\x00\x00\x00\x00\
\x00\x00\x00\x00\x00\x00\x00\x00\x00\x00\x00\x00\x00\x00\x00\x00\
\x00\x00\x00\x00\x00\x00\x00\x00\x00\xff\xfe\x00\x00\x00\x00\x00\
\x00\x00\x00\x00\x00\xff\xfe\x00\x00\x00\x00\x00\x00\x00\x00\x00\
\x00\xff\xfeYb\xff\xfcSD\x00\x00\x00\x00\x00\x00\x00\
\x00\x00\x00\x00\x00\x00\x00\x00\x00\x00\x00\x00\x00\xff\xf5M\
\xfa\x00\x00\x00\x00\x00\x00\x00\x00\x00\x00\x00\x00\x00\x00\x00\
\x00\x00\x04Yb\x00\x00\x00\x00\xff\xe8\x00\x00\x00\x00\x00\
\x00\x00\x00\x00\x00\x00\x00\x00\x00\x00\x00\x00\x00\x00\x00\x00\
\x00\x00\x00\x00\x00\x00\x00\x00\x00\x00\x00\x00\x00\xff\xd6\x00\
\x00\xff\xf4\x00\x00\xff\xf4\x00\x00\x00\x00\x00\x00\x00\x00\x00\
\x00\x00\x00\x00\x00\x00\x00\x00\x00\x00\x00\x00\x00\x00\x00\x00\
\x00\x00\x00\x00\x00\x00\x00\x00\x00\xff\xf6\x00\x00\x00\x00\x00\
\x00\xff\xf4M\xee\xff\xfcSD\x00\x00\x00\x00\xff\xfcY\
>\x00\x00\x00\x00\xff\xf8Yb\x00\x00\x00\x00\x00\x00\x00\
\x00\x00\x00\x00\x00\xff\xfeC~\xff\xf8#\xde\xff\xf8Y\
\xe0\xff\xfeYh\xff\xf0Y\x94\xff\xfaY\x8e\xff\xe6N\
2\x00\x00\x00\x00\x00\x00\x00\x00\xff\xf2Y\xe0\x00\x00\x00\
\x00\x00\x00\x00\x00\x00\x00\x00\x00\x00\x00\x00\x00\x00\x00\x00\
\x00\xff\xfcEV\xff\xf6Y\xe0\x00\x00\x00\x00\xff\xe2T\
<\xff\xf3\x00\x00\xff\xf2KP\x00\x00\x00\x00\x00\x00\x00\
\x00\x00\x00\x00\x00\x00\x00\x00\x00\x00\x00\x00\x00\x00\x00\x00\
\x00\x00\x00\x00\x00\x00\x00\x00\x00\xff\xf8Yh\x00\x00\x00\
\x00\xff\xf8Y\x94\xff\xfaYh\x00\x00\x00\x00\xff\xfeY\
D\x00\x00\x00\x00\x00\x00\x00\x00\xff\xfeY\x8e\x00\x00\x00\
\x00\x00\x00\x00\x00\x00\x00\x00\x00\xff\xfcYD\xff\xfeY\
n\xff\xfcYh\xff\xf4Yh\xff\xf6N2\xff\xee#\
\xd8\x00\x00\x00\x00\xff\xfaYD\xff\xf4Yb\xff\xfcY\
\xec\x00\x00\x00\x00\x00\x00\x00\x00\x00\x00\x00\x00\x00\x00\x00\
\x00\xff\xfeS\xee\xff\xf2Y>\x00\x00\x00\x00\xff\xedZ\
8\xff\xf8\x00\x00\xff\xf8Y\xec\x00\x00\x00\x00\x00\x00\x00\
\x00\x00\x00\x00\x00\x00\x00\x00\x00\x00\x00\x00\x00\x00\x00\x00\
\x00\x00\x00\x00\x00\x00\x00\x00\x00\xff\xf8Y\x5c\xff\xfeY\
h\xff\xeeYD\xff\xfaYh\x00\x00\x00\x00\x00\x00\x00\
\x00\x00\x00\x00\x00\x00\x00\x00\x00\x00\x00\x00\x00\x00\x00\x00\
\x00\x00\x00\x00\x00\x00\x00\x00\x00\xff\xec#\xd2\x00\x00\x00\
\x00\xff\xfaYb\xff\xfe\x00\x00\x00\x02C~\x00\x00\x00\
\x00\x00\x00\x00\x00\x00\x00\x00\x00\xff\xdcC\x84\xff\xf6Z\
8\x00\x00\x00\x00\x00\x00\x00\x00\x00\x00\x00\x00\x00\x00\x00\
\x00\xff\xfcY>\x00\x00\x00\x00\x00\x00\x00\x00\xff\xeaZ\
8\x00\x00\x00\x00\xff\xf2=\xc0\x00\x00\x00\x00\xff\xeeY\
D\x00\x00\x00\x00\x00\x00\x00\x00\xff\xfeZ>\x00\x00\x00\
\x00\x00\x00\x00\x00\x00\x00\x00\x00\x00\x00\x00\x00\x00\x00\x00\
\x00\xff\xfc$z\xff\xfeYb\xff\xf6Yh\x00\x00\x00\
\x00\x00\x00\x00\x00\xff\xf4Yb\xff\xf4$>\x00\x00\x00\
\x00\x00\x00\x00\x00\x00\x00\x00\x00\xff\xf6SD\x00\x00\x00\
\x00\x00\x00\x00\x00\xff\xc6Y\xe0\xff\xe8M\xee\xff\xdaS\
D\x00\x00\x00\x00\xff\xe8SD\x00\x00\x00\x00\x00\x00\x00\
\x00\x00\x00\x00\x00\x00\x00\x00\x00\x00\x00\x00\x00\xff\xfaY\
\xe0\x00\x0a\x00\x00\x00\x06T<\x00\x00\x00\x00\x00\x00\x00\
\x00\x00\x00\x00\x00\x00\x00\x00\x00\xff\xfcYh\x00\x00\x00\
\x00\xff\xe6KP\x00\x00\x00\x00\x00\x00\x00\x00\x00\x00\x00\
\x00\xff\xe4M\xee\x00\x00\x00\x00\xff\xf1ZD\x00\x00\x00\
\x00\xff\xf4Z>\xff\xfaY\xec\xff\xf8T<\x00\x00\x00\
\x00\x00\x00\x00\x00\x00\x00\x00\x00\x00\x00\x00\x00\x00\x00\x00\
\x00\x00\x00\x00\x00\x00\x00\x00\x00\x00\x00\x00\x00\x00\x00\x00\
\x00\x00\x00\x00\x00\xff\xdc#\xf0\xff\xecZ8\xff\xdcT\
<\x00\x00\x00\x00\xff\xfaY\xec\x00\x00\x00\x00\x00\x00\x00\
\x00\xff\xf8\x00\x00\x00\x00\x00\x00\x00\x00\x00\x00\x00\x00\x00\
\x00\x00\x00\x00\x00\xff\xeeYV\x00\x00\x00\x00\x00\x00\x00\
\x00\x00\x00\x00\x00\x00\x00\x00\x00\x00\x00\x00\x00\x00\x00\x00\
\x00\xff\xf0Z8\x00\x00\x00\x00\x00\x00\x00\x00\x00\x00\x00\
\x00\xff\xf8T<\x00\x00\x00\x00\xff\xfaM\xee\x00\x00\x00\
\x00\x00\x00\x00\x00\x00\x00\x00\x00\x00\x00\x00\x00\x00\x00\x00\
\x00\xff\xfeZ\x0c\x00\x12Z\x0c\x00\x00\x00\x00\x00\x0aM\
\xfa\x00\x02SD\x00\x08Yb\x00\x00\x00\x00\xff\xf4#\
\xcc\x00\x00\x00\x00\x00\x00\x00\x00\x00\x00\x00\x00\x00\x00\x00\
\x00\xff\xc2M\xfa\x00\x00\x00\x00\xff\xf6M\xf4\x00\x00\x00\
\x00\x00\x00\x00\x00\x00\x00\x00\x00\x00\x00\x00\x00\x00\x06S\
D\x00\x00\x00\x00\x00\x00\x00\x00\x00\x00\x00\x00\x00\x00\x00\
\x00\x00\x12Z>\x00\x16\x00\x00\x00\x00\x00\x00\x00\x00\x00\
\x00\x00\x00\x00\x00\x00\x00\x00\x00\x00\x00\x00\x00\xff\xfaZ\
>\x00\x05Yb\x00\x00\x00\x00\xff\xfc#\xc6\x00\x02C\
~\x00\x00\x00\x00\x00\x06M\xf4\x00\x00\x00\x00\x00\x00\x00\
\x00\xff\xfc\x00\x00\x00\x10\x00\x00\x00\x00\x00\x00\x00\x0eN\
^\x00\x04C\x84\x00\x02M\xf4\x00\x00\x00\x00\xff\xf8T\
6\x00\x02T<\x00\x00\x00\x00\x00\x00\x00\x00\x00\x00\x00\
\x00\xff\xbaN^\x00\x00\x00\x00\xff\xe6#\xc0\x00\x00\x00\
\x00\x00\x00\x00\x00\x00\x00\x00\x00\x00\x00\x00\x00\x00\x0e\x00\
\x00\x00\x00\x00\x00\x00\x00\x00\x00\x00\x00\x00\x00\x00\x02#\
\xba\x00\x10Z8\x00\x0cY\xec\x00\x00\x00\x00\x00\x00\x00\
\x00\x00\x00\x00\x00\x00\x00\x00\x00\x00\x00\x00\x00\xff\xf4Y\
\x8e\x00\x00\x00\x00\x00\x00\x00\x00\xff\xfcYb\x00\x00\x00\
\x00\x00\x00\x00\x00\x00\x00\x00\x00\x00\x00\x00\x00\x00\x00\x00\
\x00\xff\xfe\x00\x00\x00\x00\x00\x00\x00\x00\x00\x00\x00\x00\x00\
\x00\x00\x00\x00\x00\x00\x00\x00\x00\x00\x00\x00\x00\xff\xf8Y\
>\xff\xfc\x00\x00\x00\x00\x00\x00\x00\x00\x00\x00\x00\x00\x00\
\x00\x00\x00\x00\x00\x00\x00\x00\x00\xff\xecM\xee\x00\x00\x00\
\x00\x00\x00\x00\x00\x00\x00\x00\x00\x00\x00\x00\x00\x00\x04Z\
\x0c\x00\x00\x00\x00\x00\x00\x00\x00\x00\x00\x00\x00\xff\xeeZ\
8\x00\x00\x00\x00\x00\x00\x00\x00\x00\x00\x00\x00\x00\x00\x00\
\x00\x00\x00\x00\x00\x00\x00\x00\x00\x00\x00\x00\x00\x00\x00\x00\
\x00\x00\x00M\xee\x00\x00\x00\x00\xff\xfbYh\x00\x00\x00\
\x00\x00\x00\x00\x00\x00\x00\x00\x00\x00\x00\x00\x00\x00\x00\x00\
\x00\x00\x00\x00\x00\x00\x00\x00\x00\x00\x00\x00\x00\x00\x00\x00\
\x00\x00\x00\x00\x00\x00\x00\x00\x00\x00\x00\x00\x00\x00\x00\x00\
\x00\x00\x00\x00\x00\x00\x00\x00\x00\x00\x00\x00\x00\x00\x00\x00\
\x00\x00\x00\x00\x00\x00\x00\x00\x00\x00\x00\x00\x00\x00\x00\x00\
\x00\x00\x00\x00\x00\x00\x00\x00\x00\x00\x00\x00\x00\x00\x00\x00\
\x00\x00\x00\x00\x00\x00\x00\x00\x00\x00\x00\x00\x00\x00\x00\x00\
\x00\x00\x00\x00\x00\x00\x00\x00\x00\x00\x00\x00\x00\x00\x00\x00\
\x00\x00\x00\x00\x00\x00\x00\x00\x00\x00\x00\x00\x00\x00\x00\x00\
\x00\x00\x00\x00\x00\x00\x00\x00\x00\x00\x00\x00\x00\x00\x00\x00\
\x00\x00\x00\x00\x00\x00\x00\x00\x00\x00\x00\x00\x00\x00\x00\x00\
\x00\x00\x00\x00\x00\x00\x00\x00\x00\x00\x00\x00\x00\x00\x00\x00\
\x00\x00\x00\x00\x00\x00\x00\x00\x00\x00\x00\x00\x00\x00T#\
\xb4\x00\x00\x00\x00\x00\x00\x00\x00\x00\x00\x00\x00\x00\x00\x00\
\x00\x00\x02AD\x00\x00\x00\x00\x00\x00\x00\x00\x00\x00\x00\
\x00\x00\x00\x00\x00\x00\x00\x00\x00\x00\x00\x00\x00\x00\x00\x00\
\x00\x00\x00\x00\x00\x00\x00\x00\x00\x00\x00\x00\x00\x00\x00\x00\
\x00\x00\x00\x00\x00\x00\x00\x00\x00\x00\x00\x00\x00\x00\x00\x00\
\x00\x00\x00\x00\x00\x00\x00\x00\x00\x00\x00\x00\x00\x00\x00\x00\
\x00\x00\x00\x00\x00\x00\x00\x00\x00\x00\x00\x00\x00\x00\x00\x00\
\x00\x00\x00\x00\x00\x00\x00\x00\x00\xff\xdeAD\x00\x00\x00\
\x00\x00\x00\x00\x00\x00\x00\x00\x00\x00\x00\x00\x00\x00\x00\x00\
\x00\x00\x00\x00\x00\x00\x00\x00\x00\x00\x00\x00\x00\xff\xfc\x00\
\x00\x00\x00\x00\x00\x00\x00\x00\x00\x00\x00\x00\x00\x00\x00\x00\
\x00\xff\xd2>\x10\x00\x00\x00\x00\xff\xecM\xee\x00\x00\x00\
\x00\x00\x00\x00\x00\x00\x00\x00\x00\x00\x00\x00\x00\x00\x00\x00\
\x00\x00\x00\x00\x00\x00\x00\x00\x00\x00\x00\x00\x00\xff\xeaZ\
8\x00\x00\x00\x00\x00\x00\x00\x00\xff\xf4Y\x94\x00\x00\x00\
\x00\xff\xf4SD\x00\x00\x00\x00\x00\x00\x00\x00\x00\x00\x00\
\x00\x00\x00\x00\x00\x00\x00\x00\x00\x00\x00\x00\x00\x00\x00\x00\
\x00\x00\x00\x00\x00\x00\x00\x00\x00\xff\xe2Yh\x00\x00\x00\
\x00\x00\x00\x00\x00\x00\x00\x00\x00\x00\x00\x00\x00\x00\x00\x00\
\x00\x00\x00\x00\x00\x00\x00\x00\x00\x00\x00\x00\x00\x00\x00\x00\
\x00\x00\x00\x00\x00\x00\x00\x00\x00\x00\x00\x00\x00\x00\x00\x00\
\x00\xff\xde=\xc0\x00\x00\x00\x00\x00\x00\x00\x00\xff\xf8Z\
>\x00\x00\x00\x00\x00\x00\x00\x00\x00\x00\x00\x00\x00\x00\x00\
\x00\x00\x00\x00\x00\x00\x00\x00\x00\x00\x00\x00\x00\xff\xec\x00\
\x00\x00\x00\x00\x00\x00\x00\x00\x00\xff\xf4Y\x5c\x00\x00\x00\
\x00\xff\xf8S|\x00\x00\x00\x00\x00\x00\x00\x00\x00\x00\x00\
\x00\x00\x00\x00\x00\x00\x00\x00\x00\xff\xf4$V\x00\x00\x00\
\x00\xff\xd8#\xae\xff\xf4ZJ\xff\xfcS\xe0\xff\xf4#\
\xd8\x00\x00Y\x8e\xff\xf0ZJ\x00\x00\x00\x00\xff\xfc#\
\xa8\x00\x00\x00\x00\xff\xfcZ>\xff\xe4SJ\xff\xfeK\
\x5c\xff\xf4M\xe2\xff\xf4\x00\x00\xff\xf6Y\xb4\xff\xeeN\
2\x00\x06Yb\xff\xfcYh\xff\xdeSJ\xff\xfcY\
\x8e\x00\x00\x00\x00\xff\xfeZ>\x00\x00\x00\x00\x00\x02S\
\xd4\xff\xfa#\xa2\xff\xf4$\x5c\x00\x00\x00\x00\xff\xd4Z\
D\xff\xe4Ad\xff\xe2ZJ\x00\x00\x00\x00\x00\x00\x00\
\x00\x00\x02Y\xe0\x00\x00\x00\x00\x00\x00\x00\x00\x00\x00\x00\
\x00\x00\x00\x00\x00\x00\x00\x00\x00\x00\x00\x00\x00\x00\x00\x00\
\x00\x00\x00\x00\x00\x00\x00\x00\x00\x00\x00\x00\x00\x00\x00\x00\
\x00\x00\x00\x00\x00\x00\x00\x00\x00\x00\x00\x00\x00\x00\x00\x00\
\x00\x00\x00\x00\x00\x00\x00\x00\x00\x00\x00\x00\x00\x00\x00\x00\
\x00\x00\x00\x00\x00\xff\xecZD\xff\xfcY\xec\xff\xf4Z\
D\x00\x00\x00\x00\x00\x00\x00\x00\x00\x00\x00\x00\x00\x00\x00\
\x00\x00\x00\x00\x00\x00\x00\x00\x00\x00\x00\x00\x00\x00\x00\x00\
\x00\x00\x00\x00\x00\x00\x00\x00\x00\x00\x00\x00\x00\x00\x00\x00\
\x00\x00\x00\x00\x00\x00\x00\x00\x00\x00\x00\x00\x00\x00\x00\x00\
\x00\x00\x00\x00\x00\x00\x00\x00\x00\x00\x00\x00\x00\x00\x00\x00\
\x00\x00\x00\x00\x00\x00\x00\x00\x00\xff\xfcYb\xff\xfe#\
\x9c\x00\x00\x00\x00\x00\x00\x00\x00\x00\x00\x00\x00\x00\x00\x00\
\x00\xff\xfe#\x96\x00\x10=\xc0\x00\x00\x00\x00\x00\x08M\
\xee\xff\xd4#\x90\x00\x00\x00\x00\x00\x00\x00\x00\x00\x16S\
|\x00\x00\x00\x00\x00\x00\x00\x00\x00\x00\x00\x00\x00\x00\x00\
\x00\xff\xd4=\xc0\x00\x00\x00\x00\xff\xf8=\xc0\x00\x00\x00\
\x00\x00\x0c\x00\x00\x00\x00\x00\x00\x00\x04Z\x0c\xff\xf6C\
\x84\x00\x00\x00\x00\x00\x00\x00\x00\x00\x00\x00\x00\xff\xfaZ\
8\x00\x0cZ>\x00\x1eM\xf4\x00\x00\x00\x00\x00\x00\x00\
\x00\x00\x00\x00\x00\x00\x0cY\xec\x00\x00\x00\x00\xff\xf7Z\
>\x00\x04M\xee\x00\x00\x00\x00\xff\xfcY>\x00\x02#\
\x8a\x00\x00\x00\x00\x00\x00\x00\x00\x00\x00\x00\x00\x00\x00\x00\
\x00\xff\xfcYD\x00\x0c\x00\x00\x00\x00\x00\x00\x00\x0aC\
~\x00\x00\x00\x00\xff\xe8#\x84\x00\x00\x00\x00\x00\x12/\
:\x00\x00\x00\x00\x00\x00\x00\x00\x00\x00\x00\x00\x00\x00\x00\
\x00\xff\xc8Yh\x00\x00\x00\x00\xff\xf0M\xee\x00\x00\x00\
\x00\x00\x12/:\xff\xfcY2\x00\x00\x00\x00\xff\xf6Y\
b\x00\x00\x00\x00\x00\x00\x00\x00\x00\x00\x00\x00\x00\x02#\
~\x00\x1a\x00\x00\x00\x10M\xee\x00\x00\x00\x00\x00\x00\x00\
\x00\x00\x00\x00\x00\x00\x12Y,\x00\x00\x00\x00\xff\xf64\
0\x00\x06\x00\x00\x00\x00\x00\x00\xff\xf4S\xee\x00\x00\x00\
\x00\x00\x00\x00\x00\xff\xfaZ\x0c\x00\x00\x00\x00\x00\x00\x00\
\x00\xff\xfcE<\xff\xfaY\x8e\x00\x00\x00\x00\x00\x00\x00\
\x00\xff\xfaY>\xff\xfb\x00\x00\x00\x00\x00\x00\xff\xf8T\
b\xff\xf8EV\x00\x00\x00\x00\x00\x00\x00\x00\x00\x00\x00\
\x00\x00\x00\x00\x00\x00\x00\x00\x00\xff\xeaYb\x00\x00\x00\
\x00\xff\xfdZ>\x00\x00\x00\x00\x00\x00\x00\x00\x00\x00\x00\
\x00\x00\x00\x00\x00\x00\x00\x00\x00\x00\x00\x00\x00\xff\xe3Y\
\xec\x00\x00\x00\x00\xff\xe4Y\x8e\x00\x00\x00\x00\x00\x00\x00\
\x00\x00\x00\x00\x00\x00\x00\x00\x00\x00\x00\x00\x00\x00\x00\x00\
\x00\x00\x00\x00\x00\x00\x00\x00\x00\xff\xd3Z8\x00\x09\x00\
\x00\xff\xe6T<\xff\xecZ8\xff\xbfZ>\xff\xfa\x00\
\x00\xff\xe640\xff\xfe\x00\x00\xff\xfaY\xec\x00\x00\x00\
\x00\x00\x00\x00\x00\xff\xfa#x\xff\xd8#r\x00\x00\x00\
\x00\xff\xdc\x00\x00\xff\xf7Y\xec\xff\xf8Z8\xff\xf8Y\
\xec\x00\x00\x00\x00\xff\xdcYV\x00\x00\x00\x00\x00\x00\x00\
\x00\x00\x00\x00\x00\x00\x00\x00\x00\x00\x00\x00\x00\x00\x00\x00\
\x00\xff\xc4#\xf0\xff\x9cYJ\x00\x00\x00\x00\x00\x00\x00\
\x00\x00\x00\x00\x00\x00\x00\x00\x00\x00\x00\x00\x00\x00\x00\x00\
\x00\xff\xe4Z>\x00\x00\x00\x00\x00\x00\x00\x00\x00\x00\x00\
\x00\xff\xf6Z8\x00\x00\x00\x00\xff\xdaY\x8e\x00\x06\x00\
\x00\xff\xe6T<\xff\xf6Y\xec\xff\xbcE<\x00\x00\x00\
\x00\xff\xdcY\x8e\x00\x04\x00\x00\xff\xfaZ>\x00\x08\x00\
\x00\xff\xfaZ8\x00\x00\x00\x00\xff\xeeM\xee\x00\x00\x00\
\x00\xff\xe2Z8\x00\x0cZ>\x00\x0cZD\x00\x06Z\
>\x00\x00\x00\x00\xff\xecSD\x00\x00\x00\x00\x00\x00\x00\
\x00\x00\x06\x00\x00\x00\x00\x00\x00\x00\x00\x00\x00\x00\x06Y\
\xec\xff\xccY>\xff~40\x00\x00\x00\x00\x00\x00\x00\
\x00\x00\x00\x00\x00\x00\x00\x00\x00\x00\x00\x00\x00\x00\x00\x00\
\x00\xff\xfaZD\x00\x00\x00\x00\x00\x00\x00\x00\x00\x00\x00\
\x00\xff\xf4Y\xec\x00\x00\x00\x00\xff\xce\x00\x00\x00\x00\x00\
\x00\x00\x00\x00\x00\x00\x00\x00\x00\xff\xbaAd\x00\x00\x00\
\x00\xff\xe8\x00\x00\x00\x08Z>\x00\x00\x00\x00\x00\x06\x00\
\x00\x00\x00\x00\x00\x00\x00\x00\x00\xff\xf2\x00\x00\x00\x00\x00\
\x00\xff\xdaY\xec\x00\x00\x00\x00\xff\xfaM\xf4\x00\x03Z\
>\xff\x8c#l\x00\x00\x00\x00\xff\xb6#f\x00\x00\x00\
\x00\x00\x0c\x00\x00\x00\x00\x00\x00\x00\x00\x00\x00\x00\x00\x00\
\x00\xff\xcc\x00\x00\xff\xe0ZD\x00\x00\x00\x00\x00\x00\x00\
\x00\x00\x00\x00\x00\x00\x00\x00\x00\x00\x00\x00\x00\x00\x00\x00\
\x00\x00\x00\x00\x00\x00\x00\x00\x00\x00\x00\x00\x00\x00\x00\x00\
\x00\x00\x00\x00\x00\x00\x00\x00\x00\xff\xfc#`\x00\x00\x00\
\x00\xff\xfcY\x5c\x00\x00\x00\x00\xff\xf6Y\xe0\xff\xfeY\
h\x00\x00\x00\x00\x00\x00\x00\x00\xff\xf4SD\x00\x00\x00\
\x00\x00\x00\x00\x00\x00\x00\x00\x00\xff\xf8M\xf4\xff\xecY\
n\x00\x00\x00\x00\xff\xf2Z\x0c\xff\xf8E<\xff\xe4M\
\xe2\xff\xf2#Z\xff\xf0KP\xff\xfc\x00\x00\xff\xf7Z\
>\x00\x00\x00\x00\x00\x00\x00\x00\x00\x00\x00\x00\x00\x00\x00\
\x00\x00\x00\x00\x00\xff\xfc\x00\x00\x00\x00\x00\x00\xff\xdcZ\
8\xff\xea\x00\x00\xff\xe7ZD\xff\xf7#T\x00\x00\x00\
\x00\xff\xec3\x0e\x00\x00\x00\x00\x00\x00\x00\x00\x00\x00\x00\
\x00\x00\x00\x00\x00\x00\x00\x00\x00\xff\xf6M\xee\x00\x02M\
\xfa\x00\x00\x00\x00\x00\x00\x00\x00\xff\xccZ\x0c\x00\x00\x00\
\x00\xff\xfaZ\x0c\x00\x0cYb\xff\xf6Yb\x00\x10N\
^\x00\x0cN^\x00\x08SD\xff\xfc#N\xff\xf4Z\
D\xff\xfc\x00\x00\xff\xfeY\x5c\x00\x00\x00\x00\xff\xfcC\
x\xff\x8a#H\xff\xe8\x00\x00\xff\xf2YV\x00\x00\x00\
\x00\x00\x00\x00\x00\x00\x00\x00\x00\x00\x00\x00\x00\x00\x02Y\
\xec\xff\xf6Tb\xff\xda#B\x00\x00\x00\x00\xff\xfaZ\
8\x00\x00\x00\x00\x00\x0cZ\x0c\xff\xcaY\xe0\x00\x00\x00\
\x00\xff\xe8$\x1a\x00\x00\x00\x00\x00\x00\x00\x00\xff\xf4\x00\
\x00\x00\x00\x00\x00\x00\x00\x00\x00\x00\x00\x00\x00\x00\x00\x00\
\x00\x00\x00\x00\x00\x00\x00\x00\x00\xff\xe2#<\x00\x00\x00\
\x00\x00\x00\x00\x00\x00\x00\x00\x00\xff\xf8Y\x5c\x00\x00\x00\
\x00\x00\x00\x00\x00\x00\x00\x00\x00\x00\x00\x00\x00\xff\xeeY\
\x5c\x00\x00\x00\x00\xff\xeaYb\xff\xf4Yh\xff\xe8$\
\x80\xff\xdeYb\xff\xf0#6\xff\xfc$z\xff\xf4Z\
>\x00\x00\x00\x00\x00\x00\x00\x00\xff\xfcZ\x0c\x00\x00\x00\
\x00\x00\x00\x00\x00\x00\x00\x00\x00\x00\x00\x00\x00\xff\xe6T\
<\x00\x00\x00\x00\xff\xfaYb\xff\xef#0\x00\x00\x00\
\x00\xff\xea$n\x00\x00\x00\x00\x00\x00\x00\x00\x00\x00\x00\
\x00\x00\x00\x00\x00\x00\x00\x00\x00\xff\xeeN2\xff\xfeY\
\x8e\xff\xe8ZJ\xff\xf6S|\xff\xfe$D\xff\xfaY\
>\xff\xfaY\xe0\xff\xf0S\xe0\x00\x00\x00\x00\xff\xfeY\
n\x00\x00\x00\x00\xff\xfcSP\xff\xe6\x00\x00\x00\x00\x00\
\x00\xff\xf8Y>\x00\x04Z\x0c\x00\x02T6\x00\x04Z\
\x0c\x00\x00\x00\x00\xff\xf8Y\x5c\xff\xe6KP\xff\xf0Z\
8\x00\x00\x00\x00\x00\x00\x00\x00\x00\x00\x00\x00\x00\x00\x00\
\x00\xff\xf8$ \xff\xe8S|\x00\x00\x00\x00\xff\xe4Z\
>\xff\xe8\x00\x00\xff\xecY\xec\xff\xfcYh\x00\x00\x00\
\x00\x00\x00\x00\x00\x00\x00\x00\x00\xff\xfcYh\x00\x00\x00\
\x00\x00\x00\x00\x00\x00\x00\x00\x00\xff\xf0ZD\x00\x00\x00\
\x00\x00\x00\x00\x00\x00\x00\x00\x00\x00\x00\x00\x00\x00\x00\x00\
\x00\x00\x00\x00\x00\x00\x00\x00\x00\x00\x00\x00\x00\x00\x00\x00\
\x00\x00\x00\x00\x00\x00\x00\x00\x00\x00\x00\x00\x00\x00\x00\x00\
\x00\x00\x00\x00\x00\x00\x00\x00\x00\x00\x00\x00\x00\x00\x00\x00\
\x00\x00\x00\x00\x00\x00\x00\x00\x00\x00\x00\x00\x00\x00\x00\x00\
\x00\x00\x00\x00\x00\x00\x00\x00\x00\x00\x00\x00\x00\x00\x00\x00\
\x00\x00\x00\x00\x00\x00\x00\x00\x00\x00\x00\x00\x00\x00\x00\x00\
\x00\x00\x00\x00\x00\x00\x00\x00\x00\x00\x00\x00\x00\x00\x00\x00\
\x00\x00\x00\x00\x00\x00\x00\x00\x00\x00\x00\x00\x00\x00\x00\x00\
\x00\x00\x00\x00\x00\x00\x00\x00\x00\xff\xf4S|\x00\x00\x00\
\x00\x00\x00\x00\x00\xff\xf4C~\x00\x00\x00\x00\x00\x00\x00\
\x00\xff\xf6S \x00\x00\x00\x00\x00\x00\x00\x00\xff\xfc\x00\
\x00\x00\x00\x00\x00\x00\x00\x00\x00\x00\x00\x00\x00\xff\xf2Z\
\x0c\xff\xfa#*\x00\x00\x00\x00\x00\x00\x00\x00\x00\x00\x00\
\x00\x00\x00\x00\x00\x00\x00\x00\x00\xff\xe4M\xee\xff\xf8T\
<\x00\x00\x00\x00\x00\x00\x00\x00\xff\xf8C~\x00\x02\x00\
\x00\x00\x00\x00\x00\x00\x00\x00\x00\x00\x00\x00\x00\xff\xe6\x00\
\x00\x00\x00\x00\x00\xff\xf0Y\xec\x00\x00\x00\x00\x00\x00\x00\
\x00\x00\x00\x00\x00\x00\x00\x00\x00\x00\x00\x00\x00\x00\x00\x00\
\x00\x00\x00\x00\x00\x00\x02\x009\x00\x02\x00 \x00\x00\x00\
\x22\x00$\x00\x1f\x00&\x00+\x00\x22\x00/\x00/\x00\
(\x001\x001\x00)\x003\x003\x00*\x005\x00\
5\x00+\x007\x007\x00,\x009\x009\x00-\x00\
;\x00;\x00.\x00=\x00=\x00/\x00?\x00?\x00\
0\x00A\x00L\x001\x00T\x00_\x00=\x00a\x00\
u\x00I\x00w\x00\x81\x00^\x00\x83\x00\x95\x00i\x00\
\x99\x00\x9c\x00|\x00\x9e\x00\x9f\x00\x80\x00\xa4\x00\xa5\x00\
\x82\x00\xa8\x00\xa9\x00\x84\x00\xac\x00\xad\x00\x86\x00\xb4\x00\
\xb5\x00\x88\x00\xb9\x00\xbc\x00\x8a\x00\xc5\x00\xc6\x00\x8e\x00\
\xcd\x00\xcd\x00\x90\x00\xd0\x00\xd1\x00\x91\x00\xdd\x00\xe4\x00\
\x93\x00\xe9\x00\xeb\x00\x9b\x00\xed\x00\xed\x00\x9e\x00\xef\x00\
\xf0\x00\x9f\x00\xf4\x00\xf4\x00\xa1\x00\xfa\x01\x07\x00\xa2\x01\
\x0c\x01\x0d\x00\xb0\x01\x1f\x01 \x00\xb2\x01#\x01$\x00\
\xb4\x01'\x01(\x00\xb6\x01+\x01+\x00\xb8\x01-\x01\
D\x00\xb9\x01J\x01J\x00\xd1\x01T\x01U\x00\xd2\x01\
W\x01X\x00\xd4\x01]\x01]\x00\xd6\x01_\x01d\x00\
\xd7\x01g\x01i\x00\xdd\x01s\x01u\x00\xe0\x01w\x01\
x\x00\xe3\x01|\x01|\x00\xe5\x01\x87\x01\x96\x00\xe6\x01\
\x9d\x01\xa2\x00\xf6\x01\xa5\x01\xa5\x00\xfc\x01\xb0\x01\xb1\x00\
\xfd\x01\xb9\x01\xba\x00\xff\x01\xbc\x01\xc3\x01\x01\x01\xd3\x01\
\xe2\x01\x09\x01\xe4\x01\xf4\x01\x19\x01\xf7\x01\xfb\x01*\x00\
\x02\x01\x08\x80\x00\x00\x02\x01\x0c\x80\x00\x00\x02\x00\xe7\x80\
\x00\x00\x02\x01Z\x80\x00\x00\x02\x00z\x80\x00\x00\x02\x00\
\x9c\x80\x00\x00\x02\x00\xab\x80\x00\x00\x02\x01\x0a\x80\x00\x00\
\x02\x00\x99\x80\x00\x00\x01\x00\x0a\x80\x00\x00\x02\x00\xb2\x80\
\x00\x00\x02\x00y\x80\x00\x00\x02\x00L\x80\x00\x00\x02\x00\
\xbb\x80\x00\x00\x02\x00\xa6\x80\x00\x00\x02\x00\xf2\x80\x00\x00\
\x02\x00\x89\x80\x00\x00\x02\x00\x9f\x80\x00\x00\x00\x00\x07\x80\
\x00\x00\x00\x00\x04\x80\x00\x00\x02\x01m\x80\x00\x00\x02\x01\
/\x80\x00\x00\x02\x01O\x80\x00\x00\x02\x00\x0b\x80\x00\x00\
\x02\x00\x9d\x80\x00\x00\x02\x00\xb1\x80\x00\x00\x02\x00\xbf\x80\
\x00\x00\x02\x01\x18\x80\x00\x00\x02\x00\xdb\x80\x00\x00\x02\x01\
`\x80\x00\x00\x02\x00\xec\x80\x00\x00\x02\x00\xda\x80\x00\x00\
\x02\x00\x96\x80\x00\x00\x02\x00\x8c\x80\x00\x00\x02\x01p\x80\
\x00\x00\x02\x01a\x80\x00\x00\x02\x01.\x80\x00\x00\x01\x00\
\x03\x80\x00\x00\x01\x00\x05\x80\x00\x00\x00\x00\x0a\x80\x00\x00\
\x02\x01P\x80\x00\x00\x02\x01M\x80\x00\x00\x02\x00\xe8\x80\
\x00\x00\x02\x00\xea\x80\x00\x00\x02\x00p\x80\x00\x00\x01\x00\
\x0e\x80\x00\x00\x02\x00\xd8\x80\x00\x00\x02\x01\x1e\x80\x00\x00\
\x00\x00\x0d\x80\x00\x00\x02\x01E\x80\x00\x00\x02\x01D\x80\
\x00\x00\x02\x01A\x80\x00\x00\x02\x01\x0b\x80\x00\x00\x02\x01\
\x05\x80\x00\x00\x02\x01C\x80\x00\x00\x02\x00\xfb\x80\x00\x00\
\x00\x00\x05\x80\x00\x00\x02\x00\xbe\x80\x00\x00\x01\x00\x04\x80\
\x00\x00\x02\x01\x1b\x80\x00\x00\x02\x00q\x00\x02\x00\x02\x00\
\x05\x00\x03\x00\x03\x00!\x00\x04\x00\x0d\x00\x05\x00\x0f\x00\
\x14\x00\x03\x00&\x00*\x00\x03\x00+\x00+\x00\x0d\x00\
/\x00/\x00\x09\x001\x001\x00\x09\x003\x003\x00\
\x09\x005\x005\x00\x09\x007\x007\x00\x09\x009\x00\
9\x00\x09\x00;\x00;\x00\x09\x00=\x00=\x00\x09\x00\
?\x00?\x00\x09\x00A\x00A\x00\x09\x00B\x00B\x00\
\x1b\x00C\x00C\x00\x1c\x00D\x00D\x00\x1b\x00E\x00\
E\x00\x1c\x00T\x00^\x00\x03\x00a\x00a\x00\x03\x00\
b\x00b\x00\x22\x00k\x00p\x00\x0d\x00q\x00u\x00\
\x10\x00w\x00\x81\x00\x06\x00\x83\x00\x87\x00\x11\x00\x88\x00\
\x88\x00#\x00\x89\x00\x8d\x00\x12\x00\x8e\x00\x91\x00\x14\x00\
\x92\x00\x95\x00\x07\x00\x99\x00\x9c\x00\x07\x00\x9e\x00\x9f\x00\
\x07\x00\xa4\x00\xa4\x00\x07\x00\xaa\x00\xab\x00\x0e\x00\xae\x00\
\xaf\x00\x0e\x00\xb4\x00\xb5\x00\x01\x00\xb9\x00\xbc\x00\x01\x00\
\xc5\x00\xc5\x00\x1d\x00\xc6\x00\xc6\x00\x13\x00\xcd\x00\xcd\x00\
\x01\x00\xd0\x00\xd1\x00\x01\x00\xdd\x00\xe4\x00\x01\x00\xe9\x00\
\xe9\x00\x13\x00\xea\x00\xea\x00\x01\x00\xeb\x00\xeb\x00\x15\x00\
\xed\x00\xed\x00\x15\x00\xef\x00\xef\x00\x02\x00\xf0\x00\xf0\x00\
\x01\x00\xf3\x00\xf4\x00\x01\x00\xfa\x00\xfa\x00\x0b\x00\xfb\x00\
\xfb\x00\x0c\x00\xfc\x00\xfc\x00\x0b\x00\xfd\x00\xfd\x00\x0c\x00\
\xfe\x00\xfe\x00\x0b\x00\xff\x00\xff\x00\x0c\x01\x00\x01\x00\x00\
\x0b\x01\x01\x01\x01\x00\x0c\x01\x02\x01\x02\x00\x0b\x01\x03\x01\
\x03\x00\x0c\x01\x04\x01\x04\x00\x0b\x01\x05\x01\x05\x00\x0c\x01\
\x06\x01\x06\x00\x0b\x01\x07\x01\x07\x00\x0c\x01\x0c\x01\x0c\x00\
\x0b\x01\x0d\x01\x0d\x00\x0c\x01\x14\x01\x18\x00\x01\x01!\x01\
\x22\x00\x16\x01%\x01&\x00\x16\x01+\x01+\x00\x15\x01\
-\x017\x00\x02\x018\x01:\x00\x1a\x01=\x01=\x00\
\x17\x01>\x01>\x00\x18\x01?\x01?\x00\x17\x01@\x01\
@\x00\x18\x01A\x01A\x00\x17\x01B\x01B\x00\x18\x01\
C\x01C\x00\x17\x01D\x01D\x00\x18\x01H\x01H\x00\
$\x01J\x01J\x00\x02\x01T\x01U\x00\x02\x01W\x01\
X\x00\x02\x01]\x01]\x00\x02\x01_\x01d\x00\x01\x01\
g\x01i\x00\x01\x01s\x01t\x00\x01\x01u\x01u\x00\
%\x01y\x01z\x00\x0e\x01|\x01|\x00\x13\x01\x83\x01\
\x83\x00\x01\x01\x87\x01\x87\x00\x1e\x01\x88\x01\x88\x00\x13\x01\
\x89\x01\x89\x00\x1f\x01\x8a\x01\x8a\x00 \x01\x8b\x01\x8b\x00\
\x1f\x01\x8c\x01\x8c\x00 \x01\x8d\x01\x8d\x00\x13\x01\x8e\x01\
\x8e\x00\x1e\x01\x8f\x01\x96\x00\x02\x01\x9d\x01\xa2\x00\x0f\x01\
\xa5\x01\xa5\x00\x1d\x01\xb0\x01\xb0\x00&\x01\xb1\x01\xb1\x00\
\x15\x01\xb9\x01\xc2\x00\x0a\x01\xd3\x01\xe2\x00\x04\x01\xe4\x01\
\xe9\x00\x04\x01\xea\x01\xef\x00\x08\x01\xf0\x01\xf0\x00'\x01\
\xf1\x01\xf4\x00\x08\x01\xf7\x01\xf7\x00\x08\x01\xf8\x01\xfb\x00\
\x19\x00\x02\x00\xa1\x00\x02\x00\x02\x00\x05\x00\x03\x00\x03\x00\
\x02\x00\x04\x00\x0d\x00\x05\x00\x0e\x00\x0e\x000\x00\x0f\x00\
\x14\x00\x10\x00\x18\x00 \x00\x02\x00\x22\x00\x22\x00\x02\x00\
$\x00$\x00\x02\x00&\x00*\x00\x14\x00+\x00+\x00\
\x0d\x00/\x00/\x00\x0a\x001\x001\x00\x0a\x003\x00\
3\x00\x0a\x005\x005\x00\x0a\x007\x007\x00\x0a\x00\
9\x009\x00\x0a\x00;\x00;\x00\x0a\x00=\x00=\x00\
\x0a\x00?\x00?\x00\x0a\x00A\x00A\x00\x0a\x00B\x00\
B\x00&\x00C\x00C\x00'\x00D\x00D\x00&\x00\
E\x00E\x00'\x00F\x00G\x00(\x00H\x00L\x00\
\x15\x00U\x00U\x00\x02\x00_\x00_\x001\x00b\x00\
b\x002\x00c\x00c\x00\x1c\x00d\x00d\x00\x1d\x00\
e\x00e\x00\x1c\x00f\x00f\x00\x1d\x00g\x00g\x00\
\x1c\x00h\x00h\x00\x1d\x00i\x00i\x00\x1c\x00j\x00\
j\x00\x1d\x00k\x00p\x00\x0d\x00q\x00u\x00\x16\x00\
w\x00\x81\x00\x06\x00\x83\x00\x87\x00\x17\x00\x88\x00\x88\x00\
3\x00\x89\x00\x8d\x00\x18\x00\x8e\x00\x91\x00\x1e\x00\x92\x00\
\x95\x00\x0b\x00\x99\x00\x99\x00\x0b\x00\x9a\x00\x9a\x00\x03\x00\
\x9b\x00\x9c\x00\x0b\x00\x9e\x00\x9f\x00\x0b\x00\xa4\x00\xa4\x00\
\x0b\x00\xa5\x00\xa5\x00\x04\x00\xa8\x00\xa9\x00\x11\x00\xac\x00\
\xad\x00\x11\x00\xb4\x00\xb5\x00\x12\x00\xb9\x00\xbc\x00\x12\x00\
\xc5\x00\xc5\x00)\x00\xc6\x00\xc6\x00\x19\x00\xcd\x00\xcd\x00\
\x0e\x00\xd0\x00\xd0\x00%\x00\xd1\x00\xd1\x00\x0e\x00\xdd\x00\
\xe4\x00\x03\x00\xe9\x00\xe9\x00\x19\x00\xea\x00\xea\x00\x03\x00\
\xeb\x00\xeb\x00\x1f\x00\xed\x00\xed\x00\x1f\x00\xef\x00\xef\x00\
\x0c\x00\xf0\x00\xf0\x00\x03\x00\xf4\x00\xf4\x00\x03\x00\xfa\x00\
\xfa\x00*\x00\xfb\x00\xfb\x00+\x00\xfc\x00\xfc\x00*\x00\
\xfd\x00\xfd\x00+\x00\xfe\x00\xff\x00\x01\x01\x00\x01\x01\x00\
\x0f\x01\x02\x01\x02\x00\x0e\x01\x03\x01\x03\x00\x1a\x01\x04\x01\
\x05\x00\x0f\x01\x06\x01\x07\x00\x01\x01\x0c\x01\x0c\x00\x0e\x01\
\x0d\x01\x0d\x00\x1a\x01\x1f\x01 \x00 \x01#\x01$\x00\
 \x01'\x01(\x00\x0c\x01+\x01+\x00\x1f\x01-\x01\
7\x00\x01\x018\x01:\x00\x0f\x01;\x01<\x00,\x01\
=\x01=\x00\x0e\x01>\x01>\x00\x1a\x01?\x01?\x00\
\x0e\x01@\x01@\x00\x1a\x01A\x01B\x00%\x01C\x01\
C\x00\x0e\x01D\x01D\x00\x1a\x01J\x01J\x00\x0c\x01\
T\x01U\x00\x0c\x01W\x01X\x00\x0c\x01]\x01]\x00\
\x0c\x01_\x01c\x00\x04\x01d\x01d\x00\x03\x01g\x01\
i\x00\x04\x01s\x01u\x00\x04\x01w\x01x\x00\x11\x01\
|\x01|\x00\x19\x01\x87\x01\x87\x00-\x01\x88\x01\x88\x00\
\x19\x01\x89\x01\x89\x00.\x01\x8a\x01\x8a\x00/\x01\x8b\x01\
\x8b\x00.\x01\x8c\x01\x8c\x00/\x01\x8d\x01\x8d\x00\x19\x01\
\x8e\x01\x8e\x00-\x01\x8f\x01\x8f\x00!\x01\x90\x01\x90\x00\
\x22\x01\x91\x01\x91\x00!\x01\x92\x01\x92\x00\x22\x01\x93\x01\
\x93\x00!\x01\x94\x01\x94\x00\x22\x01\x95\x01\x95\x00!\x01\
\x96\x01\x96\x00\x22\x01\x9d\x01\xa2\x00\x13\x01\xa5\x01\xa5\x00\
)\x01\xb0\x01\xb0\x004\x01\xb1\x01\xb1\x00\x1f\x01\xb9\x01\
\xb9\x00#\x01\xba\x01\xba\x00\x1b\x01\xbc\x01\xbc\x00\x1b\x01\
\xbd\x01\xbd\x00#\x01\xbe\x01\xbe\x00\x1b\x01\xbf\x01\xbf\x00\
#\x01\xc0\x01\xc0\x00\x1b\x01\xc1\x01\xc1\x00#\x01\xc2\x01\
\xc2\x00\x1b\x01\xc3\x01\xc3\x00\x04\x01\xd3\x01\xd3\x00\x07\x01\
\xd4\x01\xd4\x00\x08\x01\xd5\x01\xd5\x00\x07\x01\xd6\x01\xd6\x00\
\x08\x01\xd7\x01\xd7\x00\x07\x01\xd8\x01\xd8\x00\x08\x01\xd9\x01\
\xd9\x00\x07\x01\xda\x01\xda\x00\x08\x01\xdb\x01\xdb\x00\x07\x01\
\xdc\x01\xdc\x00\x08\x01\xdd\x01\xdd\x00\x07\x01\xde\x01\xde\x00\
\x08\x01\xdf\x01\xdf\x00\x07\x01\xe0\x01\xe0\x00\x08\x01\xe1\x01\
\xe1\x00\x07\x01\xe2\x01\xe2\x00\x08\x01\xe4\x01\xe4\x00\x07\x01\
\xe5\x01\xe5\x00\x08\x01\xe6\x01\xe6\x00\x07\x01\xe7\x01\xe7\x00\
\x08\x01\xe8\x01\xe8\x00\x07\x01\xe9\x01\xe9\x00\x08\x01\xea\x01\
\xef\x00\x09\x01\xf0\x01\xf0\x005\x01\xf1\x01\xf4\x00\x09\x01\
\xf7\x01\xf7\x00\x09\x01\xf8\x01\xfb\x00$\x00\x01\x02l\x00\
D\x00\x00\x011/\x0c.\xec/\x0c/\x0c/\x0c/\
\x0c/\x0c/\x0c/\x0c/\x0c/\x0c/\x0c.\xb4.\
\x94.\x94.\x94.\x94.\x94.\x94.n.n.\
n.\xec.\xec.\xec.\xec.\xec.\xec.\xec.\
\xec.\xec.\xec.n.\xec)b)B)B)\
B)B)B)\x10(\xf6(\xf6(\xf6(\xf6(\
\xf6(\xf6(\xf6(\xf6(\xf6(\xf6(\xee(\xe0(\
\xee(\xe0(\x9c(\x9c(|(|(|(|(\
|.n.\xec.n.n.n.n.n.\
n.n.n.n(V#\xaa.n#\x90#\
d#2#d#2#d#2#d#2)\
\x10)\x10)\x10)\x10)\x10)\x10\x22\xfa\x22\xfa\x22\
\xfa\x22\xfa\x22\xfa j b b b b \
b b b b b b b\x1a\xd8\x1a\
\xbe\x1a\xbe\x1a\xbe\x1a\xbe\x1a\xbe\x1a\x98\x1ar\x1ar\x1a\
r\x1ar\x1ar\x1a^\x1a^\x1a^\x1a^\x1aV\x1a\
V\x1aV\x1aV\x1aV\x1a<\x1aV\x1aV\x1aV\x1a\
V\x1aV\x1a\x22\x1a\x1a\x1a\x1a\x1a\x1a\x1a\x1a\x1a\x00\x1a\
\x00\x1a\x00\x1a\x00\x1a\x00\x1a\x00\x19\xf8\x19\xf0\x19\xac\x1a\
<\x1a<\x1a<\x1a<\x1a<\x1a<\x1a<\x1a<\x19\
\xf0\x1a<\x19\x98\x19x\x19\x98\x19:\x19,\x1a<\x19\
\x06\x1a<\x18\xa4\x18\x84\x18X\x18\x84\x18X\x188\x18\
8\x18*\x18\x1c\x18\x14\x18\x14\x18\x14\x18\x14\x18\x14\x17\
\xa0\x17\x98\x17\x98\x17\x98\x17\x98\x19,\x19,\x19\x98\x16\
d\x16D\x16D\x188\x188\x188\x16\x1e\x19,\x19\
,\x19,\x19,\x19,\x16\x10\x16\x02\x19,\x1a\x22\x1a\
\x22\x1a\x22\x1a\x22\x1a\x22\x1a<\x1a\x22\x1a\x22\x1a\x22\x15\
\xf4\x15\xec\x1a\x22\x1a\x22\x1a\x22\x1a\x1a\x1a\x1a\x19\xf0\x14\
\x82\x13H\x13\x16\x12\xd2\x0c4\x098\x090\x19\xf0\x09\
\x16\x09\x0e\x09\x16\x09\x0e\x19\xf0\x090\x08\xfa\x08\x9e\x08\
\xfa\x08\x9e\x08\xfa\x08\x9e\x08\xfa\x08\x9e\x08\x8a\x08\x8a\x08\
\x8a\x08\x8a\x08\x8a\x08\x8a\x19\xf8\x08|\x08n\x19\x98\x08\
Z\x08@\x08@\x08Z\x08@\x08Z\x08@\x08Z\x08\
@\x1a\x22\x082\x08$\x08\x1c\x08\x0e\x08\x1c\x08\x0e\x08\
\x1c\x08\x0e\x08\x1c\x08\x0e\x08\x1c\x08\x0e\x08\x1c\x08\x0e\x08\
\x1c\x08\x0e\x08\x1c\x08\x0e\x04:\x08\x1c\x08\x0e\x08\x1c\x08\
\x0e\x08\x1c\x08\x0e\x04\x1a\x04\x1a\x04\x1a\x04\x1a\x04\x1a\x04\
\x1a\x04\x00\x04\x1a\x04\x1a\x04\x1a\x04\x1a\x04\x1a\x03\xec\x03\
\xec\x03\xec\x03\xec\x03\xde\x00\x02\x00=\x00\x02\x00 \x00\
\x00\x00\x22\x00+\x00\x1f\x00/\x00/\x00)\x001\x00\
1\x00*\x003\x003\x00+\x005\x005\x00,\x00\
7\x007\x00-\x009\x009\x00.\x00;\x00;\x00\
/\x00=\x00=\x000\x00?\x00?\x001\x00A\x00\
L\x002\x00T\x00\x95\x00>\x00\x99\x00\x9c\x00\x80\x00\
\x9e\x00\x9f\x00\x84\x00\xa4\x00\xa5\x00\x86\x00\xa8\x00\xa9\x00\
\x88\x00\xac\x00\xad\x00\x8a\x00\xb4\x00\xb5\x00\x8c\x00\xb9\x00\
\xbc\x00\x8e\x00\xc5\x00\xc6\x00\x92\x00\xd8\x00\xd8\x00\x94\x00\
\xdd\x00\xe4\x00\x95\x00\xe9\x00\xf0\x00\x9d\x00\xf3\x00\xf4\x00\
\xa5\x00\xf8\x00\xf8\x00\xa7\x00\xfa\x00\xfd\x00\xa8\x01\x03\x01\
\x03\x00\xac\x01\x0d\x01\x0e\x00\xad\x01\x13\x01\x19\x00\xaf\x01\
\x1f\x01 \x00\xb6\x01#\x01$\x00\xb8\x01'\x01(\x00\
\xba\x01+\x01,\x00\xbc\x01;\x01<\x00\xbe\x01>\x01\
>\x00\xc0\x01@\x01@\x00\xc1\x01D\x01D\x00\xc2\x01\
I\x01J\x00\xc3\x01T\x01U\x00\xc5\x01W\x01Y\x00\
\xc7\x01[\x01[\x00\xca\x01]\x01]\x00\xcb\x01_\x01\
d\x00\xcc\x01g\x01j\x00\xd2\x01l\x01l\x00\xd6\x01\
s\x01u\x00\xd7\x01w\x01x\x00\xda\x01|\x01~\x00\
\xdc\x01\x83\x01\x96\x00\xdf\x01\x9d\x01\xa2\x00\xf3\x01\xa5\x01\
\xa6\x00\xf9\x01\xa8\x01\xa8\x00\xfb\x01\xb1\x01\xb1\x00\xfc\x01\
\xb9\x01\xba\x00\xfd\x01\xbc\x01\xc3\x00\xff\x01\xc6\x01\xc6\x01\
\x07\x01\xce\x01\xce\x01\x08\x01\xd3\x01\xf4\x01\x09\x01\xf7\x01\
\xfb\x01+\x01\xfe\x01\xfe\x010\x00\x01\x01\x13\xff\xf6\x00\
\x08\x00\x02\x01\x10\x80\x00\x00\x03\x00\xa6\xff\xf6+L\x01\
}\xff\xfc+L\x01\x84\xff\xf6\x14\x8c\x00\x04\x00\xa6\xff\
\xf2*\x88\x01}\xff\xe8+>\x01\x84\xff\xe8$>\x01\
\xe3\x00\x0a*\x5c\x00\x03\x01}\xff\xf6+\x1e\x01\x84\xff\
\xf8\x00\x1a\x01\xe3\xff\xd4\x00\x14\x00\x01\x00\x02\x80\x00\x00\
\x01\x00\x0d\x80\x00\x00\xa1\x00\x0f\xff\xc6\x1e\xf2\x00\x10\xff\
\xc6\x1e\xf2\x00\x11\xff\xc6\x1e\xf2\x00\x12\xff\xc6\x1e\xf2\x00\
\x13\xff\xc6\x1e\xf2\x00\x14\xff\xc6\x1e\xf2\x00&\xff\xc6\x1e\
\xf2\x00'\xff\xc6\x1e\xf2\x00(\xff\xc6\x1e\xf2\x00)\xff\
\xc6\x1e\xf2\x00*\xff\xc6\x1e\xf2\x00+\xff\xee$\xf6\x00\
C\xff\xf0\x03\xce\x00E\xff\xf0\x03\xce\x00T\xff\xc6\x1e\
\xf2\x00U\xff\xc6\x1e\xf2\x00V\xff\xc6\x1e\xf2\x00W\xff\
\xc6\x1e\xf2\x00X\xff\xc6\x1e\xf2\x00Y\xff\xc6\x1e\xf2\x00\
Z\xff\xc6\x1e\xf2\x00[\xff\xc6\x1e\xf2\x00\x5c\xff\xc6\x1e\
\xf2\x00]\xff\xc6\x1e\xf2\x00^\xff\xc6\x1e\xf2\x00a\xff\
\xc6\x1e\xf2\x00k\xff\xee$\xf6\x00l\xff\xee$\xf6\x00\
m\xff\xee$\xf6\x00n\xff\xee$\xf6\x00o\xff\xee$\
\xf6\x00p\xff\xee$\xf6\x00q\xff\xbe\x1e\xf2\x00r\xff\
\xbe\x1e\xf2\x00s\xff\xbe\x1e\xf2\x00t\xff\xbe\x1e\xf2\x00\
u\xff\xbe\x1e\xf2\x00w\xff\xd6$<\x00x\xff\xd6$\
<\x00y\xff\xd6$<\x00z\xff\xd6$<\x00{\xff\
\xd6$<\x00|\xff\xd6$<\x00}\xff\xd6$<\x00\
~\xff\xd6$<\x00\x7f\xff\xd6$<\x00\x80\xff\xd6$\
<\x00\x81\xff\xd6$<\x00\x82\xff\xc2$\x0a\x00\x83\xff\
\xc8*\x0a\x00\x84\xff\xc8*\x0a\x00\x85\xff\xc8*\x0a\x00\
\x86\xff\xc8*\x0a\x00\x87\xff\xc8*\x0a\x00\x88\x00\x08*\
(\x00\x89\xff\xae\x1e\xf2\x00\x8a\xff\xae\x1e\xf2\x00\x8b\xff\
\xae\x1e\xf2\x00\x8c\xff\xae\x1e\xf2\x00\x8d\xff\xae\x1e\xf2\x00\
\xa5\x00\x0c\x11\xd0\x00\xb4\xff\xe4\x15\xfc\x00\xb5\xff\xe4\x15\
\xfc\x00\xb9\xff\xe4\x15\xfc\x00\xba\xff\xe4\x15\xfc\x00\xbb\xff\
\xe4\x15\xfc\x00\xbc\xff\xe4\x15\xfc\x00\xcd\xff\xe4\x15\xfc\x00\
\xd0\xff\xe4\x15\xfc\x00\xd1\xff\xe4\x15\xfc\x00\xdd\xff\xe4\x15\
\xfc\x00\xde\xff\xe4\x15\xfc\x00\xdf\xff\xe4\x15\xfc\x00\xe0\xff\
\xe4\x15\xfc\x00\xe1\xff\xe4\x15\xfc\x00\xe2\xff\xe4\x15\xfc\x00\
\xe3\xff\xe4\x15\xfc\x00\xe4\xff\xe4\x15\xfc\x00\xea\xff\xe4\x15\
\xfc\x00\xf0\xff\xe4\x15\xfc\x00\xf3\xff\xe4\x15\xfc\x00\xf4\xff\
\xe4\x15\xfc\x01\x14\xff\xe4\x15\xfc\x01\x15\xff\xe4\x15\xfc\x01\
\x16\xff\xe4\x15\xfc\x01\x17\xff\xe4\x15\xfc\x01\x18\xff\xe4\x15\
\xfc\x01'\x00\x0c\x11\xd0\x01(\x00\x0c\x11\xd0\x018\x00\
F*\x1c\x019\x00F*\x1c\x01:\x00F*\x1c\x01\
;\x00\x0c\x11\xd0\x01<\x00\x0c\x11\xd0\x01>\xff\xd2*\
(\x01@\xff\xd2*(\x01B\xff\xd2*(\x01D\xff\
\xd2*(\x01_\xff\xe4\x15\xfc\x01`\xff\xe4\x15\xfc\x01\
a\xff\xe4\x15\xfc\x01b\xff\xe4\x15\xfc\x01c\xff\xe4\x15\
\xfc\x01d\xff\xe4\x15\xfc\x01g\xff\xe4\x15\xfc\x01h\xff\
\xe4\x15\xfc\x01i\xff\xe4\x15\xfc\x01s\xff\xe4\x15\xfc\x01\
t\xff\xe4\x15\xfc\x01\x83\xff\xe4\x15\xfc\x01\x9d\xff\xee)\
\xfe\x01\x9e\xff\xee)\xfe\x01\x9f\xff\xee)\xfe\x01\xa0\xff\
\xee)\xfe\x01\xa1\xff\xee)\xfe\x01\xa2\xff\xee)\xfe\x01\
\xb9\xff\xba\x1e\xb4\x01\xba\xff\xba\x1e\xb4\x01\xbb\xff\xba\x1e\
\xb4\x01\xbc\xff\xba\x1e\xb4\x01\xbd\xff\xba\x1e\xb4\x01\xbe\xff\
\xba\x1e\xb4\x01\xbf\xff\xba\x1e\xb4\x01\xc0\xff\xba\x1e\xb4\x01\
\xc1\xff\xba\x1e\xb4\x01\xc2\xff\xba\x1e\xb4\x01\xc3\x00\x0c\x11\
\xd0\x01\xd3\xff\xdc*\x22\x01\xd4\xff\xdc*\x22\x01\xd5\xff\
\xdc*\x22\x01\xd6\xff\xdc*\x22\x01\xd7\xff\xdc*\x22\x01\
\xd8\xff\xdc*\x22\x01\xd9\xff\xdc*\x22\x01\xda\xff\xdc*\
\x22\x01\xdb\xff\xdc*\x22\x01\xdc\xff\xdc*\x22\x01\xdd\xff\
\xdc*\x22\x01\xde\xff\xdc*\x22\x01\xdf\xff\xdc*\x22\x01\
\xe0\xff\xdc*\x22\x01\xe1\xff\xdc*\x22\x01\xe2\xff\xdc*\
\x22\x01\xe4\xff\xdc*\x22\x01\xe5\xff\xdc*\x22\x01\xe6\xff\
\xdc*\x22\x01\xe7\xff\xdc*\x22\x01\xe8\xff\xdc*\x22\x01\
\xe9\xff\xdc*\x22\x01\xea\xff\xfc\x03\xc8\x01\xeb\xff\xfc\x03\
\xc8\x01\xec\xff\xfc\x03\xc8\x01\xed\xff\xfc\x03\xc8\x01\xee\xff\
\xfc\x03\xc8\x01\xef\xff\xfc\x03\xc8\x01\xf0\x00\x0a*\x22\x01\
\xf1\x00\x10*N\x01\xf2\xff\xfc\x03\xc8\x01\xf3\xff\xfc\x03\
\xc8\x01\xf4\xff\xfc\x03\xc8\x01\xf7\xff\xfc\x03\xc8\x00\x02\x00\
%\x80\x00\x00\x02\x01X\x80\x00\x00\x02\x01\x84\xff\xee \
<\x01\xe3\xff\xda&N\x00\x01\x01\x84\xff\xf1\x00\x00\x00\
\x01\x00\xd8\x00\x12\x00\x08\x00\x02\x00j\x80\x00\x00\x01\x01\
\x13\xff\xf1\x00\x08\x00\x02\x01\x1f\x80\x00\x00\x04\x00\xa6\xff\
\xf4\x00\x00\x01}\xff\xf4\x00\x00\x01\x84\xff\xf8\x1f\xfe\x01\
\xe3\xff\xf6\x00\x00\x00\x03\x01}\xff\xe6\x00\x00\x01\x84\xff\
\xfc&\x08\x01\xe3\x00\x06\x1a\x94\x00\x01\x01\x13\xff\xce\x00\
\x08\x00\x02\x00k\x80\x00\x00\x01\x00\xd8\xff\xc4\x00\x08\x00\
\x02\x01l\x80\x00\x00\x03\x00\xa6\xff\xf2%\xba\x01\x84\xff\
\xea\x1f\xba\x01\xe3\xff\xf4\x1f\xba\x00\x0e\x01\x19\x00\x0c\x00\
\x00\x01.\x00\x0e&\x9a\x01/\x00\x0e&\x9a\x010\x00\
\x0e&\x9a\x011\x00\x0e&\x9a\x012\x00\x0e&\x9a\x01\
3\x00\x08\x00V\x014\x00\x0e&\x9a\x015\x00\x0e&\
\x9a\x016\x00\x0e&\x9a\x017\x00\x0e&\x9a\x01}\xff\
\xec \x98\x01\x84\x00\x02\x0f\xda\x01\xe3\xff\xb8%\xbe\x00\
\x02\x00\xe0\x80\x00\x00\x03\x01}\xff\xf2&8\x01\x84\x00\
\x0a\x1fD\x01\xe3\xff\xca\x11V\x00\x01\x00\x82\x00\x0c&\
*\x00\x02\x00\x82\x00\x10\x00\x14\x01\x85\xff\xdc\x00\x0e\x00\
\x02\x00E\x80\x00\x00\x02\x01*\x80\x00\x00\x01\x01\x85\xff\
\xda\x19\xbe\x00\x7f\x00\x02\xff\xfc\x0f@\x00\x03\xff\xf8%\
*\x00\x04\xff\xfc\x0f@\x00\x05\xff\xfc\x0f@\x00\x06\xff\
\xfc\x0f@\x00\x07\xff\xfc\x0f@\x00\x08\xff\xfc\x0f@\x00\
\x09\xff\xfc\x0f@\x00\x0a\xff\xfc\x0f@\x00\x0b\xff\xfc\x0f\
@\x00\x0c\xff\xfc\x0f@\x00\x0d\xff\xfc\x0f@\x00\x0e\xff\
\xf6\x1f\x0c\x00\x0f\xff\xe6%\xa2\x00\x10\xff\xe6%\xa2\x00\
\x11\xff\xe6%\xa2\x00\x12\xff\xe6%\xa2\x00\x13\xff\xe6%\
\xa2\x00\x14\xff\xe6%\xa2\x00\x15\xff\xf6\x1f\x0c\x00\x16\xff\
\xf6\x1f\x0c\x00\x18\xff\xf6\x1f\x0c\x00\x19\xff\xf6\x1f\x0c\x00\
\x1a\xff\xf6\x1f\x0c\x00\x1b\xff\xf6\x1f\x0c\x00\x1c\xff\xf6\x1f\
\x0c\x00\x1d\xff\xf6\x1f\x0c\x00\x1e\xff\xf6\x1f\x0c\x00\x1f\xff\
\xf6\x1f\x0c\x00 \xff\xf6\x1f\x0c\x00!\xff\xf6\x1f\x0c\x00\
\x22\xff\xf6\x1f\x0c\x00$\xff\xf6\x1f\x0c\x00%\xff\xf6\x1f\
\x0c\x00&\xff\xe6%\xa2\x00'\xff\xe6%\xa2\x00(\xff\
\xe6%\xa2\x00)\xff\xe6%\xa2\x00*\xff\xe6%\xa2\x00\
+\xff\xfc%*\x00,\xff\xf6\x1f\x0c\x00-\xff\xf6\x1f\
\x0c\x00/\xff\xf0\x1f\x12\x001\xff\xf0\x1f\x12\x003\xff\
\xf0\x1f\x12\x005\xff\xf0\x1f\x12\x007\xff\xf0\x1f\x12\x00\
9\xff\xf0\x1f\x12\x00;\xff\xf0\x1f\x12\x00=\xff\xf0\x1f\
\x12\x00?\xff\xf0\x1f\x12\x00A\xff\xf0\x1f\x12\x00C\xff\
\xf0\x0f@\x00E\xff\xf0\x0f@\x00F\xff\xf6\x1f\x0c\x00\
G\xff\xf6\x1f\x0c\x00H\xff\xf6\x1f\x0c\x00I\xff\xf6\x1f\
\x0c\x00J\xff\xf6\x1f\x0c\x00K\xff\xf6\x1f\x0c\x00M\xff\
\xf6\x1f\x0c\x00N\xff\xf6\x1f\x0c\x00P\xff\xf6\x1f\x0c\x00\
Q\xff\xf6\x1f\x0c\x00R\xff\xf6\x1f\x0c\x00S\xff\xf6\x1f\
\x0c\x00T\xff\xe6%\xa2\x00U\xff\xe6%\xa2\x00V\xff\
\xe6%\xa2\x00W\xff\xe6%\xa2\x00X\xff\xe6%\xa2\x00\
Y\xff\xe6%\xa2\x00Z\xff\xe6%\xa2\x00[\xff\xe6%\
\xa2\x00\x5c\xff\xe6%\xa2\x00]\xff\xe6%\xa2\x00^\xff\
\xe6%\xa2\x00_\xff\xf6\x1f\x0c\x00`\xff\xf6\x1f\x0c\x00\
a\xff\xe6%\xa2\x00c\xff\xf6\x1f\x0c\x00d\xff\xf6\x1f\
\x0c\x00e\xff\xf6\x1f\x0c\x00f\xff\xf6\x1f\x0c\x00g\xff\
\xf6\x1f\x0c\x00h\xff\xf6\x1f\x0c\x00i\xff\xf6\x1f\x0c\x00\
j\xff\xf6\x1f\x0c\x00k\xff\xfc%*\x00l\xff\xfc%\
*\x00m\xff\xfc%*\x00n\xff\xfc%*\x00o\xff\
\xfc%*\x00p\xff\xfc%*\x00q\xff\xbe%\xa2\x00\
r\xff\xbe%\xa2\x00s\xff\xbe%\xa2\x00t\xff\xbe%\
\xa2\x00u\xff\xbe%\xa2\x00v\xff\xf6\x1f\x0c\x00w\xff\
\xe6\x17\x12\x00x\xff\xe6\x17\x12\x00y\xff\xe6\x17\x12\x00\
z\xff\xe6\x17\x12\x00{\xff\xe6\x17\x12\x00|\xff\xe6\x17\
\x12\x00}\xff\xe6\x17\x12\x00~\xff\xe6\x17\x12\x00\x7f\xff\
\xe6\x17\x12\x00\x80\xff\xe6\x17\x12\x00\x81\xff\xe6\x17\x12\x00\
\x82\xff\xce%\x06\x00\x83\xff\xd0 $\x00\x84\xff\xd0 \
$\x00\x85\xff\xd0 $\x00\x86\xff\xd0 $\x00\x87\xff\
\xd0 $\x00\x88\xff\xf0\x1f\x0c\x00\x89\xff\xbc%\x00\x00\
\x8a\xff\xbc%\x00\x00\x8b\xff\xbc%\x00\x00\x8c\xff\xbc%\
\x00\x00\x8d\xff\xbc%\x00\x00\x8e\xff\xf0%$\x00\x8f\xff\
\xf0%$\x00\x90\xff\xf0%$\x00\x91\xff\xf0%$\x01\
\x15\x00\x02\xff\xfa\x16\xba\x00\x03\xff\xfa\x22\x22\x00\x04\xff\
\xfa\x16\xba\x00\x05\xff\xfa\x16\xba\x00\x06\xff\xfa\x16\xba\x00\
\x07\xff\xfa\x16\xba\x00\x08\xff\xfa\x16\xba\x00\x09\xff\xfa\x16\
\xba\x00\x0a\xff\xfa\x16\xba\x00\x0b\xff\xfa\x16\xba\x00\x0c\xff\
\xfa\x16\xba\x00\x0d\xff\xfa\x16\xba\x00\x0e\xff\xe2\x1c\x16\x00\
\x0f\xff\xba\x1c\x10\x00\x10\xff\xba\x1c\x10\x00\x11\xff\xba\x1c\
\x10\x00\x12\xff\xba\x1c\x10\x00\x13\xff\xba\x1c\x10\x00\x14\xff\
\xba\x1c\x10\x00\x15\xff\xe2\x1c\x16\x00\x16\xff\xe2\x1c\x16\x00\
\x17\xff\xee\x1d(\x00\x18\xff\xe2\x1c\x16\x00\x19\xff\xe2\x1c\
\x16\x00\x1a\xff\xe2\x1c\x16\x00\x1b\xff\xe2\x1c\x16\x00\x1c\xff\
\xe2\x1c\x16\x00\x1d\xff\xe2\x1c\x16\x00\x1e\xff\xe2\x1c\x16\x00\
\x1f\xff\xe2\x1c\x16\x00 \xff\xe2\x1c\x16\x00!\xff\xe2\x1c\
\x16\x00\x22\xff\xe2\x1c\x16\x00#\xff\xee\x1d(\x00$\xff\
\xe2\x1c\x16\x00%\xff\xe2\x1c\x16\x00&\xff\xba\x1c\x10\x00\
'\xff\xba\x1c\x10\x00(\xff\xba\x1c\x10\x00)\xff\xba\x1c\
\x10\x00*\xff\xba\x1c\x10\x00+\xff\xda\x1c\xfc\x00,\xff\
\xe2\x1c\x16\x00-\xff\xe2\x1c\x16\x00/\xff\xf8\x22\xa6\x00\
1\xff\xf8\x22\xa6\x003\xff\xf8\x22\xa6\x005\xff\xf8\x22\
\xa6\x007\xff\xf8\x22\xa6\x009\xff\xf8\x22\xa6\x00;\xff\
\xf8\x22\xa6\x00=\xff\xf8\x22\xa6\x00?\xff\xf8\x22\xa6\x00\
A\xff\xf8\x22\xa6\x00B\xff\xea\x1c\x10\x00C\xff\xce\x06\
\x98\x00D\xff\xea\x1c\x10\x00E\xff\xce\x06\x98\x00F\xff\
\xe2\x1c\x16\x00G\xff\xe2\x1c\x16\x00H\xff\xe2\x1c\x16\x00\
I\xff\xe2\x1c\x16\x00J\xff\xe2\x1c\x16\x00K\xff\xe2\x1c\
\x16\x00L\xff\xee\x1d(\x00M\xff\xe2\x1c\x16\x00N\xff\
\xe2\x1c\x16\x00P\xff\xe2\x1c\x16\x00Q\xff\xe2\x1c\x16\x00\
R\xff\xe2\x1c\x16\x00S\xff\xe2\x1c\x16\x00T\xff\xba\x1c\
\x10\x00U\xff\xba\x1c\x10\x00V\xff\xba\x1c\x10\x00W\xff\
\xba\x1c\x10\x00X\xff\xba\x1c\x10\x00Y\xff\xba\x1c\x10\x00\
Z\xff\xba\x1c\x10\x00[\xff\xba\x1c\x10\x00\x5c\xff\xba\x1c\
\x10\x00]\xff\xba\x1c\x10\x00^\xff\xba\x1c\x10\x00_\xff\
\xe2\x1c\x16\x00`\xff\xe2\x1c\x16\x00a\xff\xba\x1c\x10\x00\
c\xff\xe2\x1c\x16\x00d\xff\xe2\x1c\x16\x00e\xff\xe2\x1c\
\x16\x00f\xff\xe2\x1c\x16\x00g\xff\xe2\x1c\x16\x00h\xff\
\xe2\x1c\x16\x00i\xff\xe2\x1c\x16\x00j\xff\xe2\x1c\x16\x00\
k\xff\xda\x1c\xfc\x00l\xff\xda\x1c\xfc\x00m\xff\xda\x1c\
\xfc\x00n\xff\xda\x1c\xfc\x00o\xff\xda\x1c\xfc\x00p\xff\
\xda\x1c\xfc\x00q\xff\xa8\x06\x92\x00r\xff\xa8\x06\x92\x00\
s\xff\xa8\x06\x92\x00t\xff\xa8\x06\x92\x00u\xff\xa8\x06\
\x92\x00v\xff\xe2\x1c\x16\x00w\xff\xc6\x224\x00x\xff\
\xc6\x224\x00y\xff\xc6\x224\x00z\xff\xc6\x224\x00\
{\xff\xc6\x224\x00|\xff\xc6\x224\x00}\xff\xc6\x22\
4\x00~\xff\xc6\x224\x00\x7f\xff\xc6\x224\x00\x80\xff\
\xc6\x224\x00\x81\xff\xc6\x224\x00\x82\xff\xae\x1cB\x00\
\x83\xff\xae\x1cB\x00\x84\xff\xae\x1cB\x00\x85\xff\xae\x1c\
B\x00\x86\xff\xae\x1cB\x00\x87\xff\xae\x1cB\x00\x88\xff\
\xf4\x0cD\x00\x89\xff\xa8\x06\x8c\x00\x8a\xff\xa8\x06\x8c\x00\
\x8b\xff\xa8\x06\x8c\x00\x8c\xff\xa8\x06\x8c\x00\x8d\xff\xa8\x06\
\x8c\x00\x8e\xff\xe6\x17$\x00\x8f\xff\xe6\x17$\x00\x90\xff\
\xe6\x17$\x00\x91\xff\xe6\x17$\x00\xb4\xff\xea\x1cB\x00\
\xb5\xff\xea\x1cB\x00\xb9\xff\xea\x1cB\x00\xba\xff\xea\x1c\
B\x00\xbb\xff\xea\x1cB\x00\xbc\xff\xea\x1cB\x00\xcd\xff\
\xea\x1cB\x00\xd0\xff\xea\x1cB\x00\xd1\xff\xea\x1cB\x00\
\xdd\xff\xea\x1cB\x00\xde\xff\xea\x1cB\x00\xdf\xff\xea\x1c\
B\x00\xe0\xff\xea\x1cB\x00\xe1\xff\xea\x1cB\x00\xe2\xff\
\xea\x1cB\x00\xe3\xff\xea\x1cB\x00\xe4\xff\xea\x1cB\x00\
\xea\xff\xea\x1cB\x00\xef\xff\xf8\x1c\x16\x00\xf0\xff\xea\x1c\
B\x00\xf3\xff\xea\x1cB\x00\xf4\xff\xea\x1cB\x00\xfa\xff\
\xf6\x22\xa6\x00\xfb\xff\xf4\x06\x86\x00\xfc\xff\xf6\x22\xa6\x00\
\xfd\xff\xf4\x06\x86\x00\xfe\xff\xf6\x22\xa6\x00\xff\xff\xf4\x06\
\x86\x01\x00\xff\xf6\x22\xa6\x01\x01\xff\xf4\x06\x86\x01\x02\xff\
\xf6\x22\xa6\x01\x03\xff\xf4\x06\x86\x01\x04\xff\xf6\x22\xa6\x01\
\x05\xff\xf4\x06\x86\x01\x06\xff\xf6\x22\xa6\x01\x07\xff\xf4\x06\
\x86\x01\x0c\xff\xf6\x22\xa6\x01\x0d\xff\xf4\x06\x86\x01\x14\xff\
\xea\x1cB\x01\x15\xff\xea\x1cB\x01\x16\xff\xea\x1cB\x01\
\x17\xff\xea\x1cB\x01\x18\xff\xea\x1cB\x01-\xff\xf8\x1c\
\x16\x01.\xff\xf8\x1c\x16\x01/\xff\xf8\x1c\x16\x010\xff\
\xf8\x1c\x16\x011\xff\xf8\x1c\x16\x012\xff\xf8\x1c\x16\x01\
3\xff\xf8\x1c\x16\x014\xff\xf8\x1c\x16\x015\xff\xf8\x1c\
\x16\x016\xff\xf8\x1c\x16\x017\xff\xf8\x1c\x16\x018\x00\
\x14\x1c\x9a\x019\x00\x14\x1c\x9a\x01:\x00\x14\x1c\x9a\x01\
=\xff\xf8\x1c\x16\x01>\xff\xf6\x22.\x01?\xff\xf8\x1c\
\x16\x01@\xff\xf6\x22.\x01A\xff\xf8\x1c\x16\x01B\xff\
\xf6\x22.\x01C\xff\xf8\x1c\x16\x01D\xff\xf6\x22.\x01\
J\xff\xf8\x1c\x16\x01T\xff\xf8\x1c\x16\x01U\xff\xf8\x1c\
\x16\x01W\xff\xf8\x1c\x16\x01X\xff\xf8\x1c\x16\x01]\xff\
\xf8\x1c\x16\x01_\xff\xea\x1cB\x01`\xff\xea\x1cB\x01\
a\xff\xea\x1cB\x01b\xff\xea\x1cB\x01c\xff\xea\x1c\
B\x01d\xff\xea\x1cB\x01g\xff\xea\x1cB\x01h\xff\
\xea\x1cB\x01i\xff\xea\x1cB\x01s\xff\xea\x1cB\x01\
t\xff\xea\x1cB\x01\x83\xff\xea\x1cB\x01\x8f\xff\xf8\x1c\
\x16\x01\x90\xff\xf8\x1c\x16\x01\x91\xff\xf8\x1c\x16\x01\x92\xff\
\xf8\x1c\x16\x01\x93\xff\xf8\x1c\x16\x01\x94\xff\xf8\x1c\x16\x01\
\x95\xff\xf8\x1c\x16\x01\x96\xff\xf8\x1c\x16\x01\x9d\xff\xec\x00\
\x00\x01\x9e\xff\xec\x00\x00\x01\x9f\xff\xec\x00\x00\x01\xa0\xff\
\xec\x00\x00\x01\xa1\xff\xec\x00\x00\x01\xa2\xff\xec\x00\x00\x01\
\xb9\xff\xec\x22\xa6\x01\xba\xff\xec\x22\xa6\x01\xbb\xff\xec\x22\
\xa6\x01\xbc\xff\xec\x22\xa6\x01\xbd\xff\xec\x22\xa6\x01\xbe\xff\
\xec\x22\xa6\x01\xbf\xff\xec\x22\xa6\x01\xc0\xff\xec\x22\xa6\x01\
\xc1\xff\xec\x22\xa6\x01\xc2\xff\xec\x22\xa6\x01\xd3\xff\xf2\x22\
z\x01\xd4\xff\xf2\x22z\x01\xd5\xff\xf2\x22z\x01\xd6\xff\
\xf2\x22z\x01\xd7\xff\xf2\x22z\x01\xd8\xff\xf2\x22z\x01\
\xd9\xff\xf2\x22z\x01\xda\xff\xf2\x22z\x01\xdb\xff\xf2\x22\
z\x01\xdc\xff\xf2\x22z\x01\xdd\xff\xf2\x22z\x01\xde\xff\
\xf2\x22z\x01\xdf\xff\xf2\x22z\x01\xe0\xff\xf2\x22z\x01\
\xe1\xff\xf2\x22z\x01\xe2\xff\xf2\x22z\x01\xe4\xff\xf2\x22\
z\x01\xe5\xff\xf2\x22z\x01\xe6\xff\xf2\x22z\x01\xe7\xff\
\xf2\x22z\x01\xe8\xff\xf2\x22z\x01\xe9\xff\xf2\x22z\x01\
\xea\xff\xee\x16\xf8\x01\xeb\xff\xee\x16\xf8\x01\xec\xff\xee\x16\
\xf8\x01\xed\xff\xee\x16\xf8\x01\xee\xff\xee\x16\xf8\x01\xef\xff\
\xee\x16\xf8\x01\xf0\xff\xfc\x16\xb4\x01\xf1\xff\xee\x16\xf8\x01\
\xf2\xff\xee\x16\xf8\x01\xf3\xff\xee\x16\xf8\x01\xf4\xff\xee\x16\
\xf8\x01\xf7\xff\xee\x16\xf8\x01\xf8\xff\xf8\x06\x80\x01\xf9\xff\
\xf8\x06\x80\x01\xfa\xff\xf8\x06\x80\x01\xfb\xff\xf8\x06\x80\x00\
\x02\x00\xc2\x80\x00\x00\x02\x00\xd3\x80\x00\x00\x02\x01L\x80\
\x00\x00\x02\x01U\x80\x00\x00\x02\x01T\x80\x00\x00\x09\x00\
\xc6\xff\xf4\x00>\x00\xe9\xff\xf4\x00>\x00\xeb\xff\xfc\x00\
8\x00\xed\xff\xfc\x008\x01+\xff\xfc\x008\x01|\xff\
\xf4\x00>\x01\x88\xff\xf4\x00>\x01\x8d\xff\xf4\x00>\x01\
\xb1\xff\xfc\x008\x00\x02\x00\xac\x80\x00\x00\x01\x00\x01\x80\
\x00\x00\x08\x00\xa6\xff\xfa\x00\x00\x018\x00\x10\x1b\x22\x01\
9\x00\x10\x1b\x22\x01:\x00\x10\x1b\x22\x01\x84\xff\xf7\x00\
\x00\x01\x8a\xff\xf7\x00\x00\x01\x8c\xff\xf7\x00\x00\x01\xe3\x00\
\x0a\x02\xf4\x003\x00\x02\xff\xee\x1b\xea\x00\x04\xff\xee\x1b\
\xea\x00\x05\xff\xee\x1b\xea\x00\x06\xff\xee\x1b\xea\x00\x07\xff\
\xee\x1b\xea\x00\x08\xff\xee\x1b\xea\x00\x09\xff\xee\x1b\xea\x00\
\x0a\xff\xee\x1b\xea\x00\x0b\xff\xee\x1b\xea\x00\x0c\xff\xee\x1b\
\xea\x00\x0d\xff\xee\x1b\xea\x00+\xff\xf4\x00\x00\x00/\xff\
\xf6\x1b\x9e\x001\xff\xf6\x1b\x9e\x003\xff\xf6\x1b\x9e\x00\
5\xff\xf6\x1b\x9e\x007\xff\xf6\x1b\x9e\x009\xff\xf6\x1b\
\x9e\x00;\xff\xf6\x1b\x9e\x00=\xff\xf6\x1b\x9e\x00?\xff\
\xf6\x1b\x9e\x00A\xff\xf6\x1b\x9e\x00C\xff\xfa\x014\x00\
E\xff\xfa\x014\x00k\xff\xf4\x00\x00\x00l\xff\xf4\x00\
\x00\x00m\xff\xf4\x00\x00\x00n\xff\xf4\x00\x00\x00o\xff\
\xf4\x00\x00\x00p\xff\xf4\x00\x00\x00q\xff\xd2\x1b\x9e\x00\
r\xff\xd2\x1b\x9e\x00s\xff\xd2\x1b\x9e\x00t\xff\xd2\x1b\
\x9e\x00u\xff\xd2\x1b\x9e\x00\x82\xff\xf2\x1b\xf0\x00\x83\xff\
\xf2\x1b\xf0\x00\x84\xff\xf2\x1b\xf0\x00\x85\xff\xf2\x1b\xf0\x00\
\x86\xff\xf2\x1b\xf0\x00\x87\xff\xf2\x1b\xf0\x00\x88\xff\xe6\x1b\
\xea\x00\x89\xff\xea\x1b\xf6\x00\x8a\xff\xea\x1b\xf6\x00\x8b\xff\
\xea\x1b\xf6\x00\x8c\xff\xea\x1b\xf6\x00\x8d\xff\xea\x1b\xf6\x00\
\x8e\xff\xec\x1b\x9e\x00\x8f\xff\xec\x1b\x9e\x00\x90\xff\xec\x1b\
\x9e\x00\x91\xff\xec\x1b\x9e\x00\x02\x00\x98\x80\x00\x00<\x00\
\x02\xff\xf8\x1a\xb6\x00\x04\xff\xf8\x1a\xb6\x00\x05\xff\xf8\x1a\
\xb6\x00\x06\xff\xf8\x1a\xb6\x00\x07\xff\xf8\x1a\xb6\x00\x08\xff\
\xf8\x1a\xb6\x00\x09\xff\xf8\x1a\xb6\x00\x0a\xff\xf8\x1a\xb6\x00\
\x0b\xff\xf8\x1a\xb6\x00\x0c\xff\xf8\x1a\xb6\x00\x0d\xff\xf8\x1a\
\xb6\x00/\xff\xfe\x1a\xbc\x001\xff\xfe\x1a\xbc\x003\xff\
\xfe\x1a\xbc\x005\xff\xfe\x1a\xbc\x007\xff\xfe\x1a\xbc\x00\
9\xff\xfe\x1a\xbc\x00;\xff\xfe\x1a\xbc\x00=\xff\xfe\x1a\
\xbc\x00?\xff\xfe\x1a\xbc\x00A\xff\xfe\x1a\xbc\x00C\x00\
\x06\x0el\x00E\x00\x06\x0el\x00q\xff\xcc\x1a\x06\x00\
r\xff\xcc\x1a\x06\x00s\xff\xcc\x1a\x06\x00t\xff\xcc\x1a\
\x06\x00u\xff\xcc\x1a\x06\x00\x82\xff\xe4\x1a\xbc\x00\x83\xff\
\xec\x1a\xb6\x00\x84\xff\xec\x1a\xb6\x00\x85\xff\xec\x1a\xb6\x00\
\x86\xff\xec\x1a\xb6\x00\x87\xff\xec\x1a\xb6\x00\x88\xff\xee\x1a\
\xb6\x00\x89\xff\xda\x1ad\x00\x8a\xff\xda\x1ad\x00\x8b\xff\
\xda\x1ad\x00\x8c\xff\xda\x1ad\x00\x8d\xff\xda\x1ad\x00\
\x8e\xff\xf4\x19\xc2\x00\x8f\xff\xf4\x19\xc2\x00\x90\xff\xf4\x19\
\xc2\x00\x91\xff\xf4\x19\xc2\x01=\xff\xfd\x00\x00\x01?\xff\
\xfd\x00\x00\x01A\xff\xfd\x00\x00\x01C\xff\xfd\x00\x00\x01\
\xea\xff\xf6\x1a\xb6\x01\xeb\xff\xf6\x1a\xb6\x01\xec\xff\xf6\x1a\
\xb6\x01\xed\xff\xf6\x1a\xb6\x01\xee\xff\xf6\x1a\xb6\x01\xef\xff\
\xf6\x1a\xb6\x01\xf0\xff\xf4\x00\x00\x01\xf1\xff\xf6\x1a\xb6\x01\
\xf2\xff\xf6\x1a\xb6\x01\xf3\xff\xf6\x1a\xb6\x01\xf4\xff\xf6\x1a\
\xb6\x01\xf7\xff\xf6\x1a\xb6\x00\x01\x01\x13\x00\x00\x03\xba\x00\
\x01\x00\xd8\x00\x00\x00\x08\x00\x02\x00u\x80\x00\x00\x01\x01\
\x13\xff\xf8\x00\x08\x00\x00\x00\x09\x80\x00\x00\x01\x00\xd8\xff\
\xfb\x00\x08\x00\x02\x00\xa0\x80\x00\x00\x05\x00\xc6\x00\x02\x00\
 \x00\xe9\x00\x02\x00 \x01|\x00\x02\x00 \x01\x88\x00\
\x02\x00 \x01\x8d\x00\x02\x00 \x00\x02\x00\xc5\x80\x00\x00\
\x04\x00\xa6\xff\xf2\x00\x1a\x01}\xff\xea\x18\xfa\x01\x84\xff\
\xec\x0c\xe8\x01\xe3\x00\x12\x18\x96\x00\x02\x01<\x80\x00\x00\
3\x00\x02\xff\xee\x18\xda\x00\x04\xff\xee\x18\xda\x00\x05\xff\
\xee\x18\xda\x00\x06\xff\xee\x18\xda\x00\x07\xff\xee\x18\xda\x00\
\x08\xff\xee\x18\xda\x00\x09\xff\xee\x18\xda\x00\x0a\xff\xee\x18\
\xda\x00\x0b\xff\xee\x18\xda\x00\x0c\xff\xee\x18\xda\x00\x0d\xff\
\xee\x18\xda\x00+\xff\xe8\x18\xce\x00/\xff\xf2\x18\xce\x00\
1\xff\xf2\x18\xce\x003\xff\xf2\x18\xce\x005\xff\xf2\x18\
\xce\x007\xff\xf2\x18\xce\x009\xff\xf2\x18\xce\x00;\xff\
\xf2\x18\xce\x00=\xff\xf2\x18\xce\x00?\xff\xf2\x18\xce\x00\
A\xff\xf2\x18\xce\x00C\xff\xf6\x17\xf8\x00E\xff\xf6\x17\
\xf8\x00k\xff\xe8\x18\xce\x00l\xff\xe8\x18\xce\x00m\xff\
\xe8\x18\xce\x00n\xff\xe8\x18\xce\x00o\xff\xe8\x18\xce\x00\
p\xff\xe8\x18\xce\x00q\xff\xcc\x18\xce\x00r\xff\xcc\x18\
\xce\x00s\xff\xcc\x18\xce\x00t\xff\xcc\x18\xce\x00u\xff\
\xcc\x18\xce\x00\x82\xff\xe6\x18\xce\x00\x83\xff\xe8\x00\x00\x00\
\x84\xff\xe8\x00\x00\x00\x85\xff\xe8\x00\x00\x00\x86\xff\xe8\x00\
\x00\x00\x87\xff\xe8\x00\x00\x00\x88\xff\xe0\x18\xd4\x00\x89\xff\
\xe8\x00\x00\x00\x8a\xff\xe8\x00\x00\x00\x8b\xff\xe8\x00\x00\x00\
\x8c\xff\xe8\x00\x00\x00\x8d\xff\xe8\x00\x00\x00\x8e\xff\xd8\x18\
\xd4\x00\x8f\xff\xd8\x18\xd4\x00\x90\xff\xd8\x18\xd4\x00\x91\xff\
\xd8\x18\xd4\x00\x01\x00\x82\xff\xf4\x17\xa6\x00\x13\x00\xaa\xff\
\xfa\x00\xd8\x00\xab\xff\xfa\x00\xd8\x00\xae\xff\xfa\x00\xd8\x00\
\xaf\xff\xfa\x00\xd8\x01y\xff\xfa\x00\xd8\x01z\xff\xfa\x00\
\xd8\x01\x84\xff\xee\x16\xc2\x01\xe3\xff\xf2\x16\xbc\x01\xea\xff\
\xfa\x17:\x01\xeb\xff\xfa\x17:\x01\xec\xff\xfa\x17:\x01\
\xed\xff\xfa\x17:\x01\xee\xff\xfa\x17:\x01\xef\xff\xfa\x17\
:\x01\xf1\xff\xfa\x17:\x01\xf2\xff\xfa\x17:\x01\xf3\xff\
\xfa\x17:\x01\xf4\xff\xfa\x17:\x01\xf7\xff\xfa\x17:\x00\
\x01\x01\xe3\xff\xfe\x16\xf2\x00\x01\x01\x0f\xff\xc9\x00\x08\x00\
\x02\x01 \x80\x00\x00\x01\x00\xd8\x00\x0e\x00\x08\x00\x02\x00\
\xf1\x80\x00\x00\x05\x00\xa6\xff\xf8\x17\x00\x01}\xff\xec\x16\
\x0c\x01~\xff\xf4\x16\xfa\x01\x84\xff\xf6\x10>\x01\xe3\x00\
\x08\x0a\xb6\x00\x04\x00\xa6\x00\x22\x16\xe0\x01}\xff\xda\x00\
&\x01\x84\x00\x16\x00 \x01\xe3\xff\xd0\x00\x1a\x00\x02\x00\
\xff\x80\x00\x00\x00\x00\x0e\x80\x00\x00\x02\x00\xf0\x80\x00\x00\
\x05\x00\xa6\x00\x0c\x16\xae\x00\xf8\xff\xf6\x16b\x01}\xff\
\xe4\x15\xcc\x01\x84\x00\x12\x0aX\x01\xe3\xff\xc2\x0ad\x00\
\x10\x00q\xff\xda\x16\x8e\x00r\xff\xda\x16\x8e\x00s\xff\
\xda\x16\x8e\x00t\xff\xda\x16\x8e\x00u\xff\xda\x16\x8e\x00\
\x82\xff\xee\x16\x9a\x00\x83\xff\xe2\x16\x8e\x00\x84\xff\xe2\x16\
\x8e\x00\x85\xff\xe2\x16\x8e\x00\x86\xff\xe2\x16\x8e\x00\x87\xff\
\xe2\x16\x8e\x00\x89\xff\xea\x15\xe4\x00\x8a\xff\xea\x15\xe4\x00\
\x8b\xff\xea\x15\xe4\x00\x8c\xff\xea\x15\xe4\x00\x8d\xff\xea\x15\
\xe4\x00\x06\x00\xc6\xff\xf2\x15\x5c\x00\xe9\xff\xf2\x15\x5c\x01\
|\xff\xf2\x15\x5c\x01\x88\xff\xf2\x15\x5c\x01\x8d\xff\xf2\x15\
\x5c\x01\xe3\xff\xf4\x16>\x00\x02\x00\xa6\xff\xf0\x00\x00\x01\
\x84\xff\xe6\x09\xbc\x00\x0a\x00q\xff\xe8\x00\x00\x00r\xff\
\xe8\x00\x00\x00s\xff\xe8\x00\x00\x00t\xff\xe8\x00\x00\x00\
u\xff\xe8\x00\x00\x00\x89\xff\xf1\x00\x00\x00\x8a\xff\xf1\x00\
\x00\x00\x8b\xff\xf1\x00\x00\x00\x8c\xff\xf1\x00\x00\x00\x8d\xff\
\xf1\x00\x00\x00\x05\x00q\xff\xe8\x00\x00\x00r\xff\xe8\x00\
\x00\x00s\xff\xe8\x00\x00\x00t\xff\xe8\x00\x00\x00u\xff\
\xe8\x00\x00\x00\x02\x00\x82\xff\xe0\x00\x00\x01\x85\xff\xec\x00\
\x0e\x00\x02\x00\xc6\x80\x00\x00\x06\x01\x08\xff\xf8\x00>\x01\
\x0e\xff\xd8\x008\x01j\x00\x10\x15.\x01\xa6\x00#\x00\
2\x01\xac\xff\xf1\x00,\x01\xce\xff\xf6\x00&\x00\x02\x01\
F\x80\x00\x00\x02\x00\xca\x80\x00\x00\x02\x00\x9a\x80\x00\x00\
\x02\x017\x80\x00\x00\x02\x01)\x80\x00\x00\x01\x00\x82\xff\
\xca\x0e\x86\x00\x01\x00\x82\xff\xf3\x14\xee\x00\x03\x00\xa6\xff\
\xf2\x15>\x01\x84\xff\xfa\x09^\x01\xe3\xff\xf8\x00\x14\x00\
\x02\x01!\x80\x00\x00\x01\x00\x82\x00\x04\x0e\x5c\x00\x03\x00\
\xa6\xff\xf0\x15\x1c\x01\x84\xff\xee\x06(\x01\xe3\xff\xe4\x00\
\x14\x00\x02\x01\x11\x80\x00\x00\x03\x00\xa6\xff\xf2\x15\x02\x01\
\x84\xff\xf2\x0e\x0e\x01\xe3\xff\xfc\x00\x14\x00\x02\x01#\x80\
\x00\x00\x01\x01\x84\xff\xf2\x13\xe2\x00\x03\x01,\xff\xda\x14\
\x88\x01}\xff\xe0\x00\x00\x01~\xff\xe8\x14\xe0\x00\x06\x00\
\x82\x00\x0c\x13\xc6\x00\xee\xff\xf1\x00\x00\x01,\xff\xe8\x00\
\x00\x01}\xff\xda\x14t\x01~\xff\xea\x14\xcc\x01\xe3\xff\
\xae\x08\xba\x00\x06\x00\x82\x00\x04\x13\xca\x01,\xff\xe0\x14\
\xa0\x01}\xff\xee\x14\xa0\x01~\xff\xe6\x14\x9a\x01\x84\xff\
\xf2\x08\x94\x01\xe3\x00\x08\x13\xca\x00\x04\x01,\xff\xe8\x00\
\x00\x01}\xff\xec\x14z\x01~\xff\xf2\x14z\x01\xe3\xff\
\xc8\x13\x86\x00\xe8\x00\x02\xff\xd6\x14l\x00\x03\xff\xd6\x14\
l\x00\x04\xff\xd6\x14l\x00\x05\xff\xd6\x14l\x00\x06\xff\
\xd6\x14l\x00\x07\xff\xd6\x14l\x00\x08\xff\xd6\x14l\x00\
\x09\xff\xd6\x14l\x00\x0a\xff\xd6\x14l\x00\x0b\xff\xd6\x14\
l\x00\x0c\xff\xd6\x14l\x00\x0d\xff\xd6\x14l\x00\x0f\xff\
\xf8\x13\xb0\x00\x10\xff\xf8\x13\xb0\x00\x11\xff\xf8\x13\xb0\x00\
\x12\xff\xf8\x13\xb0\x00\x13\xff\xf8\x13\xb0\x00\x14\xff\xf8\x13\
\xb0\x00&\xff\xf8\x13\xb0\x00'\xff\xf8\x13\xb0\x00(\xff\
\xf8\x13\xb0\x00)\xff\xf8\x13\xb0\x00*\xff\xf8\x13\xb0\x00\
+\xff\xf4\x08\x10\x00B\xff\xf0\x0dl\x00C\xff\xd2\x14\
\x02\x00D\xff\xf0\x0dl\x00E\xff\xd2\x14\x02\x00T\xff\
\xf8\x13\xb0\x00U\xff\xf8\x13\xb0\x00V\xff\xf8\x13\xb0\x00\
W\xff\xf8\x13\xb0\x00X\xff\xf8\x13\xb0\x00Y\xff\xf8\x13\
\xb0\x00Z\xff\xf8\x13\xb0\x00[\xff\xf8\x13\xb0\x00\x5c\xff\
\xf8\x13\xb0\x00]\xff\xf8\x13\xb0\x00^\xff\xf8\x13\xb0\x00\
a\xff\xf8\x13\xb0\x00b\xff\xf8\x13\xb0\x00k\xff\xf4\x08\
\x10\x00l\xff\xf4\x08\x10\x00m\xff\xf4\x08\x10\x00n\xff\
\xf4\x08\x10\x00o\xff\xf4\x08\x10\x00p\xff\xf4\x08\x10\x00\
q\x00\x08\x14\x02\x00r\x00\x08\x14\x02\x00s\x00\x08\x14\
\x02\x00t\x00\x08\x14\x02\x00u\x00\x08\x14\x02\x00\x88\x00\
\x04\x13\x8a\x00\x89\x00\x0c\x05\x84\x00\x8a\x00\x0c\x05\x84\x00\
\x8b\x00\x0c\x05\x84\x00\x8c\x00\x0c\x05\x84\x00\x8d\x00\x0c\x05\
\x84\x00\x92\xff\xea\x14\x02\x00\x93\xff\xea\x14\x02\x00\x94\xff\
\xea\x14\x02\x00\x95\xff\xea\x14\x02\x00\x99\xff\xea\x14\x02\x00\
\x9a\xff\xea\x14\x02\x00\x9b\xff\xea\x14\x02\x00\x9c\xff\xea\x14\
\x02\x00\x9e\xff\xea\x14\x02\x00\x9f\xff\xea\x14\x02\x00\xa4\xff\
\xea\x14\x02\x00\xaa\x00\x04\x0d\x9e\x00\xab\x00\x04\x0d\x9e\x00\
\xae\x00\x04\x0d\x9e\x00\xaf\x00\x04\x0d\x9e\x00\xb4\xff\xd8\x05\
~\x00\xb5\xff\xd8\x05~\x00\xb9\xff\xd8\x05~\x00\xba\xff\
\xd8\x05~\x00\xbb\xff\xd8\x05~\x00\xbc\xff\xd8\x05~\x00\
\xc5\xff\xf3\x14\x0e\x00\xc6\xff\xca\x0d\x9e\x00\xcd\xff\xd8\x05\
~\x00\xd0\xff\xd8\x05~\x00\xd1\xff\xd8\x05~\x00\xdd\xff\
\xd8\x05~\x00\xde\xff\xd8\x05~\x00\xdf\xff\xd8\x05~\x00\
\xe0\xff\xd8\x05~\x00\xe1\xff\xd8\x05~\x00\xe2\xff\xd8\x05\
~\x00\xe3\xff\xd8\x05~\x00\xe4\xff\xd8\x05~\x00\xe9\xff\
\xca\x0d\x9e\x00\xea\xff\xd8\x05~\x00\xeb\xff\xe0\x00\x00\x00\
\xed\xff\xe0\x00\x00\x00\xef\xff\xf2\x13f\x00\xf0\xff\xd8\x05\
~\x00\xf3\xff\xd8\x05~\x00\xf4\xff\xd8\x05~\x00\xfb\xff\
\xfe\x00\x00\x00\xfd\xff\xfe\x00\x00\x00\xff\xff\xfe\x00\x00\x01\
\x01\xff\xfe\x00\x00\x01\x03\xff\xfe\x00\x00\x01\x05\xff\xfe\x00\
\x00\x01\x07\xff\xfe\x00\x00\x01\x0d\xff\xfe\x00\x00\x01\x14\xff\
\xd8\x05~\x01\x15\xff\xd8\x05~\x01\x16\xff\xd8\x05~\x01\
\x17\xff\xd8\x05~\x01\x18\xff\xd8\x05~\x01!\xff\xf4\x14\
f\x01\x22\xff\xf4\x14f\x01%\xff\xf4\x14f\x01&\xff\
\xf4\x14f\x01+\xff\xe0\x00\x00\x01,\xff\xe6\x14Z\x01\
-\xff\xf2\x13f\x01.\xff\xf2\x13f\x01/\xff\xf2\x13\
f\x010\xff\xf2\x13f\x011\xff\xf2\x13f\x012\xff\
\xf2\x13f\x013\xff\xf2\x13f\x014\xff\xf2\x13f\x01\
5\xff\xf2\x13f\x016\xff\xf2\x13f\x017\xff\xf2\x13\
f\x01=\x00\x06\x05x\x01>\xff\xfc\x13\x8a\x01?\x00\
\x06\x05x\x01@\xff\xfc\x13\x8a\x01A\x00\x06\x05x\x01\
B\xff\xfc\x13\x8a\x01C\x00\x06\x05x\x01D\xff\xfc\x13\
\x8a\x01J\xff\xf2\x13f\x01T\xff\xf2\x13f\x01U\xff\
\xf2\x13f\x01W\xff\xf2\x13f\x01X\xff\xf2\x13f\x01\
]\xff\xf2\x13f\x01_\xff\xd8\x05~\x01`\xff\xd8\x05\
~\x01a\xff\xd8\x05~\x01b\xff\xd8\x05~\x01c\xff\
\xd8\x05~\x01d\xff\xd8\x05~\x01g\xff\xd8\x05~\x01\
h\xff\xd8\x05~\x01i\xff\xd8\x05~\x01s\xff\xd8\x05\
~\x01t\xff\xd8\x05~\x01u\xff\xf0\x14\x02\x01y\x00\
\x04\x0d\x9e\x01z\x00\x04\x0d\x9e\x01|\xff\xca\x0d\x9e\x01\
}\xff\xe4\x14f\x01~\xff\xf2\x14`\x01\x83\xff\xd8\x05\
~\x01\x84\xff\xfc\x13\x8a\x01\x88\xff\xca\x0d\x9e\x01\x8a\x00\
\x09\x14f\x01\x8c\x00\x09\x14f\x01\x8d\xff\xca\x0d\x9e\x01\
\x8f\xff\xf2\x13f\x01\x90\xff\xf2\x13f\x01\x91\xff\xf2\x13\
f\x01\x92\xff\xf2\x13f\x01\x93\xff\xf2\x13f\x01\x94\xff\
\xf2\x13f\x01\x95\xff\xf2\x13f\x01\x96\xff\xf2\x13f\x01\
\x9d\xff\xe2\x05r\x01\x9e\xff\xe2\x05r\x01\x9f\xff\xe2\x05\
r\x01\xa0\xff\xe2\x05r\x01\xa1\xff\xe2\x05r\x01\xa2\xff\
\xe2\x05r\x01\xa5\xff\xf3\x14\x0e\x01\xb1\xff\xe0\x00\x00\x01\
\xb9\x00\x06\x08\x04\x01\xba\x00\x06\x08\x04\x01\xbb\x00\x06\x08\
\x04\x01\xbc\x00\x06\x08\x04\x01\xbd\x00\x06\x08\x04\x01\xbe\x00\
\x06\x08\x04\x01\xbf\x00\x06\x08\x04\x01\xc0\x00\x06\x08\x04\x01\
\xc1\x00\x06\x08\x04\x01\xc2\x00\x06\x08\x04\x01\xd3\xff\xf4\x13\
`\x01\xd4\xff\xf4\x13`\x01\xd5\xff\xf4\x13`\x01\xd6\xff\
\xf4\x13`\x01\xd7\xff\xf4\x13`\x01\xd8\xff\xf4\x13`\x01\
\xd9\xff\xf4\x13`\x01\xda\xff\xf4\x13`\x01\xdb\xff\xf4\x13\
`\x01\xdc\xff\xf4\x13`\x01\xdd\xff\xf4\x13`\x01\xde\xff\
\xf4\x13`\x01\xdf\xff\xf4\x13`\x01\xe0\xff\xf4\x13`\x01\
\xe1\xff\xf4\x13`\x01\xe2\xff\xf4\x13`\x01\xe3\xff\xc2\x0d\
l\x01\xe4\xff\xf4\x13`\x01\xe5\xff\xf4\x13`\x01\xe6\xff\
\xf4\x13`\x01\xe7\xff\xf4\x13`\x01\xe8\xff\xf4\x13`\x01\
\xe9\xff\xf4\x13`\x01\xea\xff\xfc\x13\x8a\x01\xeb\xff\xfc\x13\
\x8a\x01\xec\xff\xfc\x13\x8a\x01\xed\xff\xfc\x13\x8a\x01\xee\xff\
\xfc\x13\x8a\x01\xef\xff\xfc\x13\x8a\x01\xf0\xff\xee\x14\x0e\x01\
\xf1\xff\xfc\x13\x8a\x01\xf2\xff\xfc\x13\x8a\x01\xf3\xff\xfc\x13\
\x8a\x01\xf4\xff\xfc\x13\x8a\x01\xf7\xff\xfc\x13\x8a\x01\xf8\xff\
\xf0\x0d\x9e\x01\xf9\xff\xf0\x0d\x9e\x01\xfa\xff\xf0\x0d\x9e\x01\
\xfb\xff\xf0\x0d\x9e\x00\x00\x00\x10\x80\x00\x00\x02\x01\x17\x80\
\x00\x00\x02\x016\x80\x00\x00\x02\x00\xf9\x80\x00\x00\x01\x01\
\xe3\xff\xd6\x08\x14\x00g\x00\x02\xff\xde\x0d\xf8\x00\x04\xff\
\xde\x0d\xf8\x00\x05\xff\xde\x0d\xf8\x00\x06\xff\xde\x0d\xf8\x00\
\x07\xff\xde\x0d\xf8\x00\x08\xff\xde\x0d\xf8\x00\x09\xff\xde\x0d\
\xf8\x00\x0a\xff\xde\x0d\xf8\x00\x0b\xff\xde\x0d\xf8\x00\x0c\xff\
\xde\x0d\xf8\x00\x0d\xff\xde\x0d\xf8\x00/\xff\xe2\x08\xcc\x00\
1\xff\xe2\x08\xcc\x003\xff\xe2\x08\xcc\x005\xff\xe2\x08\
\xcc\x007\xff\xe2\x08\xcc\x009\xff\xe2\x08\xcc\x00;\xff\
\xe2\x08\xcc\x00=\xff\xe2\x08\xcc\x00?\xff\xe2\x08\xcc\x00\
A\xff\xe2\x08\xcc\x00C\xff\xf4\x02\x8a\x00E\xff\xf4\x02\
\x8a\x00q\xff\xdc\x02\x84\x00r\xff\xdc\x02\x84\x00s\xff\
\xdc\x02\x84\x00t\xff\xdc\x02\x84\x00u\xff\xdc\x02\x84\x00\
\x82\xff\xee\x07\xda\x00\x83\xff\xe6\x00\x00\x00\x84\xff\xe6\x00\
\x00\x00\x85\xff\xe6\x00\x00\x00\x86\xff\xe6\x00\x00\x00\x87\xff\
\xe6\x00\x00\x00\x88\xff\xda\x0d\xfe\x00\x89\xff\xe0\x0ep\x00\
\x8a\xff\xe0\x0ep\x00\x8b\xff\xe0\x0ep\x00\x8c\xff\xe0\x0e\
p\x00\x8d\xff\xe0\x0ep\x00\x8e\xff\xe6\x0d\xd4\x00\x8f\xff\
\xe6\x0d\xd4\x00\x90\xff\xe6\x0d\xd4\x00\x91\xff\xe6\x0d\xd4\x00\
\xb4\x00\x04\x02~\x00\xb5\x00\x04\x02~\x00\xb9\x00\x04\x02\
~\x00\xba\x00\x04\x02~\x00\xbb\x00\x04\x02~\x00\xbc\x00\
\x04\x02~\x00\xc6\xff\xc8\x02x\x00\xcd\x00\x04\x02~\x00\
\xd0\x00\x04\x02~\x00\xd1\x00\x04\x02~\x00\xdd\x00\x04\x02\
~\x00\xde\x00\x04\x02~\x00\xdf\x00\x04\x02~\x00\xe0\x00\
\x04\x02~\x00\xe1\x00\x04\x02~\x00\xe2\x00\x04\x02~\x00\
\xe3\x00\x04\x02~\x00\xe4\x00\x04\x02~\x00\xe9\xff\xc8\x02\
x\x00\xea\x00\x04\x02~\x00\xeb\x00\x08\x02\x84\x00\xed\x00\
\x08\x02\x84\x00\xf0\x00\x04\x02~\x00\xf3\x00\x04\x02~\x00\
\xf4\x00\x04\x02~\x01\x14\x00\x04\x02~\x01\x15\x00\x04\x02\
~\x01\x16\x00\x04\x02~\x01\x17\x00\x04\x02~\x01\x18\x00\
\x04\x02~\x01+\x00\x08\x02\x84\x01_\x00\x04\x02~\x01\
`\x00\x04\x02~\x01a\x00\x04\x02~\x01b\x00\x04\x02\
~\x01c\x00\x04\x02~\x01d\x00\x04\x02~\x01g\x00\
\x04\x02~\x01h\x00\x04\x02~\x01i\x00\x04\x02~\x01\
s\x00\x04\x02~\x01t\x00\x04\x02~\x01|\xff\xc8\x02\
x\x01\x83\x00\x04\x02~\x01\x84\x00\x00\x02r\x01\x88\xff\
\xc8\x02x\x01\x8d\xff\xc8\x02x\x01\xb1\x00\x08\x02\x84\x01\
\xb9\x00\x06\x00\x00\x01\xba\x00\x06\x00\x00\x01\xbb\x00\x06\x00\
\x00\x01\xbc\x00\x06\x00\x00\x01\xbd\x00\x06\x00\x00\x01\xbe\x00\
\x06\x00\x00\x01\xbf\x00\x06\x00\x00\x01\xc0\x00\x06\x00\x00\x01\
\xc1\x00\x06\x00\x00\x01\xc2\x00\x06\x00\x00\x01\xe3\xff\xca\x02\
l\x00\x02\x01b\x80\x00\x00\x02\x018\x80\x00\x00\x02\x00\
V\x80\x00\x00\x02\x00\xed\x80\x00\x00\x02\x00\xd5\x80\x00\x00\
\x01\x00\x0c\x80\x00\x00\x08\x00\x82\x00\x08\x0bn\x00\xec\xff\
\xe8\x00\x00\x00\xee\xff\xe8\x00\x00\x01,\xff\xcc\x0c8\x01\
}\xff\xcc\x0b\x8e\x01~\xff\xd2\x0b\xec\x01\x84\x00\x04\x0b\
h\x01\xe3\xff\xbe\x002\x00\x02\x015\x80\x00\x00\x06\x00\
\x82\xff\xfc\x00,\x01,\xff\xf8\x0b\xb4\x01}\xff\xf8\x0b\
V\x01~\xff\xf0\x0b\xb4\x01\x84\xff\xfc\x0b\x06\x01\xe3\x00\
\x04\x00&\x00\x02\x00\xee\x80\x00\x00\x02\x010\x80\x00\x00\
\x06\x00\x82\xff\xf6\x00&\x01,\xff\xee\x00\x00\x01}\xff\
\xec\x0b\xce\x01~\xff\xec\x0b\x82\x01\x84\xff\xfc\x0a\xfe\x01\
\xe3\x00\x16\x0a\xf8\x00\x02\x01Y\x80\x00\x00\x03\x00\x82\xff\
\xf8\x0a\xfe\x01\x84\xff\xf6\x04\xba\x01\xe3\xff\xf8\x00\x14\x00\
\x02\x01I\x80\x00\x00\xbb\x00\x02\xff\xcc\x04\xa6\x00\x03\xff\
\xbe\x04\xa0\x00\x04\xff\xcc\x04\xa6\x00\x05\xff\xcc\x04\xa6\x00\
\x06\xff\xcc\x04\xa6\x00\x07\xff\xcc\x04\xa6\x00\x08\xff\xcc\x04\
\xa6\x00\x09\xff\xcc\x04\xa6\x00\x0a\xff\xcc\x04\xa6\x00\x0b\xff\
\xcc\x04\xa6\x00\x0c\xff\xcc\x04\xa6\x00\x0d\xff\xcc\x04\xa6\x00\
+\xff\xfc\x0b\x5c\x00/\xff\xf8\x0a\xde\x001\xff\xf8\x0a\
\xde\x003\xff\xf8\x0a\xde\x005\xff\xf8\x0a\xde\x007\xff\
\xf8\x0a\xde\x009\xff\xf8\x0a\xde\x00;\xff\xf8\x0a\xde\x00\
=\xff\xf8\x0a\xde\x00?\xff\xf8\x0a\xde\x00A\xff\xf8\x0a\
\xde\x00B\xff\xe2\x04\x9a\x00C\xff\xce\x04\x94\x00D\xff\
\xe2\x04\x9a\x00E\xff\xce\x04\x94\x00k\xff\xfc\x0b\x5c\x00\
l\xff\xfc\x0b\x5c\x00m\xff\xfc\x0b\x5c\x00n\xff\xfc\x0b\
\x5c\x00o\xff\xfc\x0b\x5c\x00p\xff\xfc\x0b\x5c\x00q\x00\
\x0a\x04\x8e\x00r\x00\x0a\x04\x8e\x00s\x00\x0a\x04\x8e\x00\
t\x00\x0a\x04\x8e\x00u\x00\x0a\x04\x8e\x00\x82\x00\x16\x04\
\x88\x00\x83\x00\x06\x04\x82\x00\x84\x00\x06\x04\x82\x00\x85\x00\
\x06\x04\x82\x00\x86\x00\x06\x04\x82\x00\x87\x00\x06\x04\x82\x00\
\x88\xff\xf6\x04|\x00\x89\x00\x0a\x04v\x00\x8a\x00\x0a\x04\
v\x00\x8b\x00\x0a\x04v\x00\x8c\x00\x0a\x04v\x00\x8d\x00\
\x0a\x04v\x00\x8e\xff\xf0\x00\x00\x00\x8f\xff\xf0\x00\x00\x00\
\x90\xff\xf0\x00\x00\x00\x91\xff\xf0\x00\x00\x00\x92\xff\xf8\x0b\
0\x00\x93\xff\xf8\x0b0\x00\x94\xff\xf8\x0b0\x00\x95\xff\
\xf8\x0b0\x00\x99\xff\xf8\x0b0\x00\x9a\xff\xf8\x0b0\x00\
\x9b\xff\xf8\x0b0\x00\x9c\xff\xf8\x0b0\x00\x9e\xff\xf8\x0b\
0\x00\x9f\xff\xf8\x0b0\x00\xa4\xff\xf8\x0b0\x00\xaa\xff\
\xfc\x05\xb2\x00\xab\xff\xfc\x05\xb2\x00\xae\xff\xfc\x05\xb2\x00\
\xaf\xff\xfc\x05\xb2\x00\xb4\xff\xf2\x0a\xb8\x00\xb5\xff\xf2\x0a\
\xb8\x00\xb9\xff\xf2\x0a\xb8\x00\xba\xff\xf2\x0a\xb8\x00\xbb\xff\
\xf2\x0a\xb8\x00\xbc\xff\xf2\x0a\xb8\x00\xc6\xff~\x0a\x82\x00\
\xcd\xff\xf2\x0a\xb8\x00\xd0\xff\xf2\x0a\xb8\x00\xd1\xff\xf2\x0a\
\xb8\x00\xdd\xff\xf2\x0a\xb8\x00\xde\xff\xf2\x0a\xb8\x00\xdf\xff\
\xf2\x0a\xb8\x00\xe0\xff\xf2\x0a\xb8\x00\xe1\xff\xf2\x0a\xb8\x00\
\xe2\xff\xf2\x0a\xb8\x00\xe3\xff\xf2\x0a\xb8\x00\xe4\xff\xf2\x0a\
\xb8\x00\xe9\xff~\x0a\x82\x00\xea\xff\xf2\x0a\xb8\x00\xeb\xff\
\xf0\x0a\xb2\x00\xed\xff\xf0\x0a\xb2\x00\xef\xff\xfc\x0b<\x00\
\xf0\xff\xf2\x0a\xb8\x00\xf3\xff\xf2\x0a\xb8\x00\xf4\xff\xf2\x0a\
\xb8\x01\x14\xff\xf2\x0a\xb8\x01\x15\xff\xf2\x0a\xb8\x01\x16\xff\
\xf2\x0a\xb8\x01\x17\xff\xf2\x0a\xb8\x01\x18\xff\xf2\x0a\xb8\x01\
!\xff\xfe\x0b\x8e\x01\x22\xff\xfe\x0b\x8e\x01%\xff\xfe\x0b\
\x8e\x01&\xff\xfe\x0b\x8e\x01+\xff\xf0\x0a\xb2\x01-\xff\
\xfc\x0b<\x01.\xff\xfc\x0b<\x01/\xff\xfc\x0b<\x01\
0\xff\xfc\x0b<\x011\xff\xfc\x0b<\x012\xff\xfc\x0b\
<\x013\xff\xfc\x0b<\x014\xff\xfc\x0b<\x015\xff\
\xfc\x0b<\x016\xff\xfc\x0b<\x017\xff\xfc\x0b<\x01\
=\x00\x08\x04\xcc\x01?\x00\x08\x04\xcc\x01A\x00\x08\x04\
\xcc\x01C\x00\x08\x04\xcc\x01H\x00\x06\x00\x00\x01J\xff\
\xfc\x0b<\x01T\xff\xfc\x0b<\x01U\xff\xfc\x0b<\x01\
W\xff\xfc\x0b<\x01X\xff\xfc\x0b<\x01]\xff\xfc\x0b\
<\x01_\xff\xf2\x0a\xb8\x01`\xff\xf2\x0a\xb8\x01a\xff\
\xf2\x0a\xb8\x01b\xff\xf2\x0a\xb8\x01c\xff\xf2\x0a\xb8\x01\
d\xff\xf2\x0a\xb8\x01g\xff\xf2\x0a\xb8\x01h\xff\xf2\x0a\
\xb8\x01i\xff\xf2\x0a\xb8\x01s\xff\xf2\x0a\xb8\x01t\xff\
\xf2\x0a\xb8\x01y\xff\xfc\x05\xb2\x01z\xff\xfc\x05\xb2\x01\
|\xff~\x0a\x82\x01\x83\xff\xf2\x0a\xb8\x01\x84\x00\x04\x04\
p\x01\x87\xff\xfa\x0b<\x01\x88\xff~\x0a\x82\x01\x8a\x00\
\x0e\x0b\x8e\x01\x8c\x00\x0e\x0b\x8e\x01\x8d\xff~\x0a\x82\x01\
\x8e\xff\xfa\x0b<\x01\x8f\xff\xfc\x0b<\x01\x90\xff\xfc\x0b\
<\x01\x91\xff\xfc\x0b<\x01\x92\xff\xfc\x0b<\x01\x93\xff\
\xfc\x0b<\x01\x94\xff\xfc\x0b<\x01\x95\xff\xfc\x0b<\x01\
\x96\xff\xfc\x0b<\x01\x9d\xff\xfc\x00\x00\x01\x9e\xff\xfc\x00\
\x00\x01\x9f\xff\xfc\x00\x00\x01\xa0\xff\xfc\x00\x00\x01\xa1\xff\
\xfc\x00\x00\x01\xa2\xff\xfc\x00\x00\x01\xb1\xff\xf0\x0a\xb2\x01\
\xb9\x00\x1c\x0b0\x01\xba\x00\x1c\x0b0\x01\xbb\x00\x1c\x0b\
0\x01\xbc\x00\x1c\x0b0\x01\xbd\x00\x1c\x0b0\x01\xbe\x00\
\x1c\x0b0\x01\xbf\x00\x1c\x0b0\x01\xc0\x00\x1c\x0b0\x01\
\xc1\x00\x1c\x0b0\x01\xc2\x00\x1c\x0b0\x01\xe3\xffX\x04\
j\x01\xea\x00\x10\x04d\x01\xeb\x00\x10\x04d\x01\xec\x00\
\x10\x04d\x01\xed\x00\x10\x04d\x01\xee\x00\x10\x04d\x01\
\xef\x00\x10\x04d\x01\xf0\x00\x0a\x0a\x8e\x01\xf1\x00\x10\x04\
d\x01\xf2\x00\x10\x04d\x01\xf3\x00\x10\x04d\x01\xf4\x00\
\x10\x04d\x01\xf7\x00\x10\x04d\x00\x02\x01H\x80\x00\x00\
\x02\x01i\x80\x00\x00\x00\x00\x12\x80\x00\x00\x02\x01^\x80\
\x00\x00\x02\x01k\x80\x00\x00\x02\x01g\x80\x00\x00\x02\x01\
f\x80\x00\x00\x02\x01Q\x80\x00\x00\x01\x00\x0b\x80\x00\x00\
\x02\x01%\x80\x00\x00\x02\x01'\x80\x00\x00\x02\x01N\x80\
\x00\x00\x04\x01}\xff\xf6\x06\x90\x01~\xff\xfc\x06\x90\x01\
\x84\x00\x08\x00 \x01\xe3\xff\x8a\x00\x1a\x00\x02\x01u\x80\
\x00\x00\x02\x01\x15\x80\x00\x00\x04\x00\x82\xff\xc4\x00\x1a\x01\
,\xff\xe6\x06\xb6\x01\x84\xff\xe8\x05\xe6\x01\xe3\x00\x10\x06\
^\x00\x02\x01@\x80\x00\x00\x08\x00\x82\xff\xf8\x00>\x00\
\xec\xff\xe2\x00\x00\x00\xee\xff\xe2\x00\x00\x01,\xff\xcc\x00\
\x00\x01}\xff\xe0\x05\xec\x01~\xff\xc8\x05\xec\x01\x84\xff\
\xe8\x008\x01\xe3\x00\x12\x002\x00\x02\x01G\x80\x00\x00\
\x02\x01n\x80\x00\x00\x02\x01S\x80\x00\x00\x01\x01\xe3\xff\
\xe4\x00\x08\x00\x02\x01\x0f\x80\x00\x00\x01\x01\xe3\xff\xc8\x05\
\xec\x00\x04\x01,\xff\xf2\x06<\x01}\xff\xfe\x06H\x01\
~\xff\xf6\x05\xf0\x01\x84\xff\xf8\x06H\x00\x05\x00\x82\xff\
\xf4\x00,\x01,\xff\xf1\x00&\x01~\xff\xfa\x06\x22\x01\
\x84\xff\xfa\x06.\x01\xe3\xff\xee\x00 \x00\x00\x00\x0f\x80\
\x00\x00\x02\x00\xd6\x80\x00\x00\x02\x011\x80\x00\x00\x04\x00\
\x82\xff\xf8\x05\x02\x01}\x00\x02\x05\x0e\x01\x84\xff\xfa\x05\
F\x01\xe3\xff\xe6\x00\x1a\x00\x02\x01\x00\x80\x00\x00\xca\x00\
\x02\xff\xd4\x05\x06\x00\x03\xff\xd3\x05\x00\x00\x04\xff\xd4\x05\
\x06\x00\x05\xff\xd4\x05\x06\x00\x06\xff\xd4\x05\x06\x00\x07\xff\
\xd4\x05\x06\x00\x08\xff\xd4\x05\x06\x00\x09\xff\xd4\x05\x06\x00\
\x0a\xff\xd4\x05\x06\x00\x0b\xff\xd4\x05\x06\x00\x0c\xff\xd4\x05\
\x06\x00\x0d\xff\xd4\x05\x06\x00\x0f\xff\xfc\x04\xfa\x00\x10\xff\
\xfc\x04\xfa\x00\x11\xff\xfc\x04\xfa\x00\x12\xff\xfc\x04\xfa\x00\
\x13\xff\xfc\x04\xfa\x00\x14\xff\xfc\x04\xfa\x00&\xff\xfc\x04\
\xfa\x00'\xff\xfc\x04\xfa\x00(\xff\xfc\x04\xfa\x00)\xff\
\xfc\x04\xfa\x00*\xff\xfc\x04\xfa\x00+\xff\xf8\x04\xf4\x00\
B\xff\xf2\x05\x00\x00C\xff\xd6\x04\xee\x00D\xff\xf2\x05\
\x00\x00E\xff\xd6\x04\xee\x00T\xff\xfc\x04\xfa\x00U\xff\
\xfc\x04\xfa\x00V\xff\xfc\x04\xfa\x00W\xff\xfc\x04\xfa\x00\
X\xff\xfc\x04\xfa\x00Y\xff\xfc\x04\xfa\x00Z\xff\xfc\x04\
\xfa\x00[\xff\xfc\x04\xfa\x00\x5c\xff\xfc\x04\xfa\x00]\xff\
\xfc\x04\xfa\x00^\xff\xfc\x04\xfa\x00a\xff\xfc\x04\xfa\x00\
b\xff\xfb\x04\xe8\x00k\xff\xf8\x04\xf4\x00l\xff\xf8\x04\
\xf4\x00m\xff\xf8\x04\xf4\x00n\xff\xf8\x04\xf4\x00o\xff\
\xf8\x04\xf4\x00p\xff\xf8\x04\xf4\x00q\x00\x0a\x05\xa4\x00\
r\x00\x0a\x05\xa4\x00s\x00\x0a\x05\xa4\x00t\x00\x0a\x05\
\xa4\x00u\x00\x0a\x05\xa4\x00\x82\x00\x0a\x04\xe2\x00\x83\x00\
\x08\x04\xdc\x00\x84\x00\x08\x04\xdc\x00\x85\x00\x08\x04\xdc\x00\
\x86\x00\x08\x04\xdc\x00\x87\x00\x08\x04\xdc\x00\x89\x00\x06\x05\
\xa4\x00\x8a\x00\x06\x05\xa4\x00\x8b\x00\x06\x05\xa4\x00\x8c\x00\
\x06\x05\xa4\x00\x8d\x00\x06\x05\xa4\x00\x92\xff\xee\x04\xd6\x00\
\x93\xff\xee\x04\xd6\x00\x94\xff\xee\x04\xd6\x00\x95\xff\xee\x04\
\xd6\x00\x99\xff\xee\x04\xd6\x00\x9a\xff\xee\x04\xd6\x00\x9b\xff\
\xee\x04\xd6\x00\x9c\xff\xee\x04\xd6\x00\x9e\xff\xee\x04\xd6\x00\
\x9f\xff\xee\x04\xd6\x00\xa4\xff\xee\x04\xd6\x00\xaa\x00\x0f\x05\
,\x00\xab\x00\x0f\x05,\x00\xae\x00\x0f\x05,\x00\xaf\x00\
\x0f\x05,\x00\xb4\xff\xf6\x04\xd0\x00\xb5\xff\xf6\x04\xd0\x00\
\xb9\xff\xf6\x04\xd0\x00\xba\xff\xf6\x04\xd0\x00\xbb\xff\xf6\x04\
\xd0\x00\xbc\xff\xf6\x04\xd0\x00\xc6\xff\xb6\x04\xca\x00\xcd\xff\
\xf6\x04\xd0\x00\xd0\xff\xf6\x04\xd0\x00\xd1\xff\xf6\x04\xd0\x00\
\xdd\xff\xf6\x04\xd0\x00\xde\xff\xf6\x04\xd0\x00\xdf\xff\xf6\x04\
\xd0\x00\xe0\xff\xf6\x04\xd0\x00\xe1\xff\xf6\x04\xd0\x00\xe2\xff\
\xf6\x04\xd0\x00\xe3\xff\xf6\x04\xd0\x00\xe4\xff\xf6\x04\xd0\x00\
\xe9\xff\xb6\x04\xca\x00\xea\xff\xf6\x04\xd0\x00\xeb\xff\xfa\x04\
\xf4\x00\xed\xff\xfa\x04\xf4\x00\xef\xff\xf8\x04\xfa\x00\xf0\xff\
\xf6\x04\xd0\x00\xf3\xff\xf6\x04\xd0\x00\xf4\xff\xf6\x04\xd0\x01\
\x14\xff\xf6\x04\xd0\x01\x15\xff\xf6\x04\xd0\x01\x16\xff\xf6\x04\
\xd0\x01\x17\xff\xf6\x04\xd0\x01\x18\xff\xf6\x04\xd0\x01!\xff\
\xf6\x05\xd6\x01\x22\xff\xf6\x05\xd6\x01%\xff\xf6\x05\xd6\x01\
&\xff\xf6\x05\xd6\x01+\xff\xfa\x04\xf4\x01-\xff\xf8\x04\
\xfa\x01.\xff\xf8\x04\xfa\x01/\xff\xf8\x04\xfa\x010\xff\
\xf8\x04\xfa\x011\xff\xf8\x04\xfa\x012\xff\xf8\x04\xfa\x01\
3\xff\xf8\x04\xfa\x014\xff\xf8\x04\xfa\x015\xff\xf8\x04\
\xfa\x016\xff\xf8\x04\xfa\x017\xff\xf8\x04\xfa\x01=\x00\
\x06\x04\xf4\x01?\x00\x06\x04\xf4\x01A\x00\x06\x04\xf4\x01\
C\x00\x06\x04\xf4\x01H\x00\x04\x00\x00\x01J\xff\xf8\x04\
\xfa\x01T\xff\xf8\x04\xfa\x01U\xff\xf8\x04\xfa\x01W\xff\
\xf8\x04\xfa\x01X\xff\xf8\x04\xfa\x01]\xff\xf8\x04\xfa\x01\
_\xff\xf6\x04\xd0\x01`\xff\xf6\x04\xd0\x01a\xff\xf6\x04\
\xd0\x01b\xff\xf6\x04\xd0\x01c\xff\xf6\x04\xd0\x01d\xff\
\xf6\x04\xd0\x01g\xff\xf6\x04\xd0\x01h\xff\xf6\x04\xd0\x01\
i\xff\xf6\x04\xd0\x01s\xff\xf6\x04\xd0\x01t\xff\xf6\x04\
\xd0\x01y\x00\x0f\x05,\x01z\x00\x0f\x05,\x01|\xff\
\xb6\x04\xca\x01}\xff\xf8\x05\x84\x01~\xff\xfa\x05\xd0\x01\
\x83\xff\xf6\x04\xd0\x01\x84\x00\x08\x05,\x01\x87\xff\xfa\x05\
\x84\x01\x88\xff\xb6\x04\xca\x01\x8d\xff\xb6\x04\xca\x01\x8e\xff\
\xfa\x05\x84\x01\x8f\xff\xf8\x04\xfa\x01\x90\xff\xf8\x04\xfa\x01\
\x91\xff\xf8\x04\xfa\x01\x92\xff\xf8\x04\xfa\x01\x93\xff\xf8\x04\
\xfa\x01\x94\xff\xf8\x04\xfa\x01\x95\xff\xf8\x04\xfa\x01\x96\xff\
\xf8\x04\xfa\x01\x9d\xff\xfb\x04\xc4\x01\x9e\xff\xfb\x04\xc4\x01\
\x9f\xff\xfb\x04\xc4\x01\xa0\xff\xfb\x04\xc4\x01\xa1\xff\xfb\x04\
\xc4\x01\xa2\xff\xfb\x04\xc4\x01\xb0\xff\xf4\x05&\x01\xb1\xff\
\xfa\x04\xf4\x01\xd3\xff\xf8\x00\x00\x01\xd4\xff\xf8\x00\x00\x01\
\xd5\xff\xf8\x00\x00\x01\xd6\xff\xf8\x00\x00\x01\xd7\xff\xf8\x00\
\x00\x01\xd8\xff\xf8\x00\x00\x01\xd9\xff\xf8\x00\x00\x01\xda\xff\
\xf8\x00\x00\x01\xdb\xff\xf8\x00\x00\x01\xdc\xff\xf8\x00\x00\x01\
\xdd\xff\xf8\x00\x00\x01\xde\xff\xf8\x00\x00\x01\xdf\xff\xf8\x00\
\x00\x01\xe0\xff\xf8\x00\x00\x01\xe1\xff\xf8\x00\x00\x01\xe2\xff\
\xf8\x00\x00\x01\xe3\xff\xc0\x04\xbe\x01\xe4\xff\xf8\x00\x00\x01\
\xe5\xff\xf8\x00\x00\x01\xe6\xff\xf8\x00\x00\x01\xe7\xff\xf8\x00\
\x00\x01\xe8\xff\xf8\x00\x00\x01\xe9\xff\xf8\x00\x00\x01\xf0\xff\
\xf6\x05\xa4\x01\xf8\xff\xf8\x05\x00\x01\xf9\xff\xf8\x05\x00\x01\
\xfa\xff\xf8\x05\x00\x01\xfb\xff\xf8\x05\x00\x00\x02\x01W\x80\
\x00\x00\x01\x00\x08\x80\x00\x00\x02\x00\xc1\x80\x00\x00\x01\x00\
\x06\x80\x00\x00\x02\x01\x02\x80\x00\x00\x01\x00\x07\x80\x00\x00\
\x02\x01$\x80\x00\x00\x02\x00\xf5\x80\x00\x00\x02\x00\xc3\x80\
\x00\x00\x00\x00\x0b\x80\x00\x00\x02\x00\xeb\x80\x00\x00\x02\x01\
\x04\x80\x00\x00\x02\x01&\x80\x00\x00\x03\x00\x82\xff\xf8\x00\
 \x01\x84\xff\xfa\x00\x1a\x01\xe3\xff\xc6\x00\x14\x00\x02\x01\
;\x80\x00\x00\x02\x01\x12\x80\x00\x00\x02\x01\x01\x80\x00\x00\
\x03\x00\x82\xff\xfe\x00\x1a\x01~\xff\xfa\x00\xa4\x01\xe3\xff\
\xf0\x00\x14\x00\x02\x01\x22\x80\x00\x00\x02\x014\x80\x00\x00\
\x06\x00\x82\xff\xf6\x00\x90\x01,\xff\xec\x002\x01}\xff\
\xfd\x00,\x01~\xff\xf6\x00\x84\x01\x84\xff\xfa\x00&\x01\
\xe3\xff\xe6\x00&\x00\x02\x01\x14\x80\x00\x00\x02\x01\x03\x80\
\x00\x00\x02\x00\xf4\x80\x00\x00\x04\x01,\xff\xec\x00\x00\x01\
}\xff\xf4\x00\x00\x01~\xff\xf4\x00\x00\x01\x84\xff\xfa\x00\
\x1a\x00\x01\x00\x09\x80\x00\x00\x05\x00\x82\xff\xd6\x008\x01\
,\xff\xee\x002\x01}\xff\xf8\x00,\x01~\xff\xee\x00\
&\x01\x84\xff\xe2\x00 \x00\x02\x01\x0e\x80\x00\x00\x02\x00\
\xde\x80\x00\x00\x02\x00\xfa\x80\x00\x00\x02\x01\x09\x80\x00\x00\
\x02\x012\x80\x00\x00\x00\x00\x01\x00\x00\x00\x01\x00\x02\x00\
\x00\x04\x16\x02\x00\x00\x00\x00\x00\x04\x1a\x00\x00\x00W\x00\
W\x00|\x00\xb9\x00\xc7\x00\xd5\x00\xe3\x00\xf1\x00\xff\x01\
\x0d\x01\x1b\x01)\x01;\x01I\x01\xb0\x02\x09\x02\x17\x02\
%\x023\x02A\x02O\x02\x99\x02\xa7\x02\xb3\x02\xd2\x02\
\xe0\x02\xee\x02\xfc\x03\x0a\x03\x18\x03&\x034\x03B\x03\
\x81\x03\x8f\x03\x9e\x03\xac\x03\xcc\x040\x04=\x04J\x04\
W\x04d\x059\x05Q\x05o\x05\x7f\x05\x9a\x05\xa8\x05\
\xb6\x05\xc4\x05\xd2\x05\xe0\x05\xee\x05\xfc\x06\x0a\x06\x18\x06\
&\x064\x06B\x06P\x06^\x06l\x06z\x06\x88\x06\
\x96\x06\xd3\x07\x08\x07\x16\x07$\x07D\x07R\x07f\x07\
t\x07\x82\x07\x91\x07\xb9\x07\xdf\x08\x02\x08\x02\x08\x10\x08\
\x1e\x08,\x08:\x08\x9b\x09\x0b\x09\x19\x09'\x095\x09\
C\x09Q\x09_\x09m\x09\xd6\x09\xe4\x0a&\x0ah\x0a\
\xe3\x0bL\x0b\x97\x0b\xde\x0b\xec\x0b\xfa\x0c\x08\x0c\x16\x0c\
$\x0c2\x0c\xa1\x0c\xaf\x0c\xbd\x0c\xcb\x0c\xd9\x0c\xe7\x0c\
\xfd\x0d\x18\x0d&\x0d4\x0dB\x0d\x82\x0d\xbb\x0d\xc9\x0d\
\xd7\x0d\xe5\x0d\xf3\x0e\x01\x0e\x0f\x0e\x1d\x0e+\x0e9\x0e\
G\x0ec\x0e\x93\x0e\xa1\x0e\xaf\x0e\xbd\x0e\xcb\x0e\xf6\x0f\
\x1e\x0f,\x0f:\x0fH\x0fV\x0f\x82\x0f\x90\x0f\x9e\x0f\
\xac\x10\x14\x10#\x102\x10A\x10J\x10\x5c\x10o\x10\
~\x110\x11?\x11N\x11\xc9\x11\xd7\x11\xe6\x12\x03\x12\
D\x12\x81\x13G\x13V\x13\xb6\x13\xc6\x13\xda\x14,\x14\
~\x14\x8b\x14\x98\x14\xb2\x14\xcc\x14\xd9\x14\xe6\x15\x0a\x15\
5\x15J\x15[\x15\xb0\x15\xbe\x15\xd8\x15\xeb\x16\x06\x16\
\x14\x16\x22\x160\x16>\x16G\x16\x83\x16\xbe\x17 \x17\
\x80\x17\x89\x17\xa3\x17\xbe\x17\xcd\x17\xe2\x17\xed\x18'\x18\
`\x18\xe8\x19Y\x19\xc8\x1a(\x1aC\x1ah\x1av\x1a\
\x84\x1a\xc5\x1a\xce\x1a\xda\x1a\xe6\x1b\x01\x1b\x19\x1b.\x1b\
\xa3\x1c\x17\x1c8\x1cW\x1c\xb4\x1c\xc2\x1c\xd0\x1c\xde\x1c\
\xec\x1c\xfa\x1d\x08\x1d\x16\x1d\x9d\x1d\xa9\x1e\x1e\x1e\xa3\x1e\
\xb2\x1e\xc0\x1e\xd1\x1e\xe2\x1e\xf3\x1f\x04\x1fU\x1fc\x1f\
{\x1f\x8e \x0c \x1a q \xc6 \xdb \xe9 \
\xf5!\x22!W!\x9c!\xf0\x22]\x22\xd8#W#\
\xe3$4$\x9d%\x04%q%\xc2&\x16&s&\
\x7f&\xd6'3'm'\xb7'\xdb'\xe7(\x0b(\
-(9(I(\xc7(\xd5(\xe3(\xf1(\xff)\
~)\x87)\x99)\xac)\xcf)\xfc*\x0b*\x1a*\
(*6*Q*m*z*\x87*\xbf*\xcd*\
\xe7+\x02+\x13+$+R+`+n+|+\
\x8a+\x98+\xae+\xbc+\xca+\xd8+\xe6,+,\
9,h,\x88,\x96,\xaa,\xcf,\xdd,\xeb,\
\xf9-\x07-\x15-#-2-^-y-\xa4-\
\xda.<.E.S.a.\xbe.\xcf.\xdd.\
\xf2/\x0f/*/c/q/}/\x8b/\x99/\
\xa6/\xb00\x120\x1d0+0Q0\xaa0\xb80\
\xc60\xd40\xe21\x8a1\xbe1\xf52\x032\x112\
\x1f252A2U2p2\x7f2\x8e2\x9a3\
\x003Q3\xb23\xc04\x224J4y4\xa84\
\xb54\xc25M5]5k5y6@6V6\
i6\x8d6\xef7?7N7[7i7w7\
\x867\x947\xa37\xe67\xf48\x058/8[8\
i8w8\x858\x938\xa18\xaf9\x199\x9e:\
!:*:X:\x8c:\xed:\xfb;\x09;\x17;\
%;3;A;\xef<\x00<%<1<U<\
\x7f<\x9c<\xc4=3===\xa0>\x0e>\x1e>\
/>b>\x92>\x9e>\xe7?.?<?J?\
y?\xb3?\xc1?\xd0?\xde?\xed?\xfa@\x07@\
\x15@\x22@\x82@\xdd@\xe9A<A\x95A\xa4A\
\xb0A\xb9A\xf4B/BbB\xb8B\xc4C\x13C\
gCsC\xaeC\xe3C\xf1D\x00D\x0eD\x1dD\
+D:DHDWDeDtD\x82D\x91D\
\x9fD\xaeD\xbfD\xcdD\xdcD\xeaD\xf9E\x07E\
\x16E:EvE\x84E\x91E\x9fE\xacE\xd7F\
\x0fF\x1dF+F9FrF\xa9F\xb7F\xe3F\
\xf1F\xffG\x0dGZGfG\xafG\xfe\xc0\x00@\
\x00\x80\x02\x00\x0c\x00O \x00\x00R\x00\x01\x00\x19\x18\
\x00\x02\x02\x01\x01\x01\x02\x01\x02\x01\x01\x04\x01\x03\x01\x01\
\x01\x01\x03\x02\x02\x02\x02\x02\x02\x18\xea\xdd\xf4\xf4\xf4\xe5\
\xce\xbc\xe6\xe6\xe2\xce\xcb\xcb\xcf\xd4\xd7\xc4\xeb\xc4\x05\xb6\
\xd7\xe4\xbb\x18\xf4\xde\xee\xf9\x07\x16\x16\x05\xf5\xf3\xf3\xf2\
\xf3\xfa\xfb\xf9\xfa\xf1\xe0\x00\xdb%\x05\xfb\x00)\xe5\xe5\
\x01\xf7\xe6\xe6\xe6\xf6\x03\x0e\x1f\x1f\xef\xef\xf0\xfa\x04\x0a\
\x11\x15\x15\x15\x15\x10\x07\x03\x16\x15\xe9\xe9\x11\x11\xfb\xfb\
\x0f\x0f\x09\x01\x01\x09\x00\x0a\x81#\x10\x1f\x1f\x1f\x10\x01\
\xf5\xe4\xe4\xe4\xf4\x05\x05\x04\x09\x0e\x0e\x0e\x0d\x08\x04\x03\
\xfe\xfb\xfb\xfa\x0b\x10\x00\x1c\x1c\x00\xf4\x0c\x0c\xf4\x87\x80\
\x02\x00\x0c\x00\x1e\x00\x00\x00\x1e\x00\x01\x00\x0f\x0e \xc8\
\xdc \xf8\xe2\x0a\xf1\xcc\xe7\xd1\x18\x03\x00\xea\x81\x84\x08\
1::1\x00*\xf0\xf0*\x83\x0f\xec\xcfS6\xdb\
\x14\x19\x0b\x0eD\x0e%\xff\x16\x00\x22\x81\x84\x08\xbe\xc2\
\xc2\xbe\x00\xcf\x0f\x0f\xcf\x83\x00\x80\x02\x00\x0c\x006 \
\x00\x007\x00\x01\x00\x11\x10\x00\x01\x03\x01\x01\x01\x01\x02\
\x02\x02\x02\x02\x02\x02\x02\x02\x02\x10\x0e\x16\x03\xe6\xcc\xf9\
\xde\x03\x0b\xc8\xce\xea\xce\xe1\xce\xe7\xf6\x81\x05:1\x00\
B\x07B\x81\x06\xc6\x00\xdf\x19\x00:\x00\x1c\xec\xeb\xfa\
\xfa,+D';\xfa\xfa\xfa\xfaHHHH\x1a\x1a\
HH$$HH\x1e\x1e\x00\x0e\x81\x82\x07\xc2\xc2\xbe\
\x00\xbc\xfc\xfc\xbc\x84\x07@@\x00\xe0  \xe0\xc0\x81\
\x00\xc0\x83\x80\x02\x00\x0c\x00\x07\x00\x00\x00\x07\x00\x01\x00\
\x80\x02\x15\x00\xea\x81\x85\x80\x02\xec\x00\x22\x81\x85\x00\x80\
\x02\x00\x0c\x00\x07\x00\x00\x00\x07\x00\x01\x00\x80\x02\x0d\x00\
\xea\x81\x85\x80\x02\xee\x00\x22\x81\x85\x00\x80\x02\x00\x0c\x00\
\x07\x00\x00\x00\x07\x00\x01\x00\x80\x02$\x00\xea\x81\x85\x80\
\x02\xdf\x00\x22\x81\x85\x00\x80\x02\x00\x0c\x00\x07\x00\x00\x00\
\x07\x00\x01\x00\x80\x02\x14\x00\xea\x81\x85\x80\x02\xea\x00\x22\
\x81\x85\x00\x80\x02\x00\x0c\x00\x07\x00\x00\x00\x07\x00\x01\x00\
\x80\x02:\x00\xea\x81\x85\x80\x02\x01\x00\x22\x81\x85\x00\x80\
\x02\x00\x0c\x00\x07\x00\x00\x00\x07\x00\x01\x00\x80\x02\x14\x00\
\xea\x81\x85\x80\x02\xea\x00\x22\x81\x85\x00\x80\x02\x00\x0c\x00\
\x07\x00\x00\x00\x07\x00\x01\x00\x80\x02\xfe\x00\xea\x81\x85\x80\
\x02\x06\x00\x22\x81\x85\x00\x80\x02\x00\x0c\x00\x07\x00\x00\x00\
\x07\x00\x01\x00\x80\x02\x02\x00\xea\x81\x85\x80\x02\x02\x00\x22\
\x81\x85\x00\x80\x02\x00\x0c\x00\x0b\x00\x00\x00\x0b\x00\x01\x00\
\x80\x03\x02\x15\x00\xea\x81\x81\x00\xf0\x83\x80\x03\x02\xec\x00\
\x22\x81\x81\x00\x08\x83\x00\x80\x02\x00\x0c\x00\x07\x00\x00\x00\
\x07\x00\x01\x00\x80\x02\x04\x00\xea\x81\x85\x80\x02\xe6\x00\x22\
\x81\x85\x00\x80\x02\x00\x0c\x00`\x00\x00\x00`\x00\x01\x00\
.\xda\xda\xf7\x09   \x0a\xf7\xda\xda\xff\xf5\xe5\xdc\
\xdc\xdc\xdc\xe3\xf3\xff\x18\x18\xd6\xd6\xda\xda\xf7\x0c  \
 \x0c\xf7\xda\xda\x02\xef\xdc\xdc\xdc\xdc\xe8\xfa\x02\x00\xec\
\x81,\x02\xca\xca\xca\xe3\xf3\x01\x1d\x1d\x1d\xf5\xf5\xf5\xeb\
\xe7\xf2\xf8\x05\x07\x02\x02\x02\xfe\xfe\x02\x11\xe9\xe9\xe9\xff\
\x10 666\xfe\xfe\xfe\xfb\x0a\x10\x1c\x1b\x11\x11\x83\
.22\x07\xf5\xdc\xdc\xdc\xf4\x0722\x0f\x16%.\
...$\x16\x0f\xe0\xe02222\x07\xf2\xdc\xdc\
\xdc\xf2\x0722\x10\x18....#\x15\x10\x00\x10\
\x81,\xfe666\x1d\x0d\xfc\xe4\xe4\xe4\x12\x12\x12\x0f\
\x0a\x08\x08\x06\x01\xfe\xfe\xfe\x02\x02\xfe\xee\x1c\x1c\x1c\x02\
\xf3\xe4\xca\xca\xca\x02\x02\x02\xfc\xf8\xf7\xf5\xf1\xee\xee\x83\
\x00\x80\x02\x00\x0c\x00R\x00\x00\x00R\x00\x01\x00'\x06\
\x0d\x12\x10\x0e\x0e\x0e\x0e\x10\x12\x0c\x04\xf7\xef\xef\xef3\
2&\x10\x04\xf7\xe2\xd2\xca\xca\xca\xd1\xdf\xf6\x06\x181\
5\xf1\xef\xec\xf7\x00\xfd\x81%\x02\x02\x00\xff\x01\x04\xfa\
\xfd\xff\x00\xfe\xfe\xfe\x03\x0b\x12\x12\x1b.:::.\
\x1c\x07\x00\xfb\xe7\xd4\xc6\xc6\xc6\xdc\xee\xee\xed\xf7\x02\x83\
'\xf8\xf9\xf8\xf2\xee\xee\xee\xee\xf2\xf9\xfb\xf9\xfb\x0a\x16\
\x15\xbf\xc0\xd2\xeb\xf9\x0f,>FFF>,\x0e\xf8\
\xe0\xc1\xbd\x13\x14\x09\xfc\x00\x07\x81\x04\xfe\xfe\xfd\xfe\xff\
\x81\x1e\x03\x04\x04\x02\x02\x02\xfb\xee\xe8\xe8\xd0\xb7\xae\xae\
\xae\xbd\xd7\xf3\x00\x0a&@RRR8\x18\x18\x11\x05\
\xfe\x83\x00\x80\x02\x00\x0c\x00\x07\x00\x00\x00\x07\x00\x01\x00\
\x80\x02%\x00\xfd\x81\x85\x80\x02\xd6\x00\x07\x81\x85\x00\x80\
\x02\x00\x0c\x00\x07\x00\x00\x00\x07\x00\x01\x00\x80\x02<\x00\
\xfd\x81\x85\x80\x02\xc6\x00\x07\x81\x85\x00\x80\x02\x00\x0c\x00\
\x07\x00\x00\x00\x07\x00\x01\x00\x80\x02\x0e\x00\xfd\x81\x85\x80\
\x02\xe6\x00\x07\x81\x85\x00\x80\x02\x00\x0c\x00\x07\x00\x00\x00\
\x07\x00\x01\x00\x80\x024\x00\xfd\x81\x85\x80\x02\xc9\x00\x07\
\x81\x85\x00\x80\x02\x00\x0c\x00\x07\x00\x00\x00\x07\x00\x01\x00\
\x80\x02!\x00\xfd\x81\x85\x80\x02\xdc\x00\x07\x81\x85\x00\x80\
\x02\x00\x0c\x00D\x00\x00\x00B\x00\x01\x00 \xd7\xd7\x0a\
!9ABBB@6\x1f\x0a\xd7\xd7\x10\x0d\x07\x02\
\xfe\xfe\xfe\xfe\x04\x0b\x10\x10\x18\x18\xd6\xd6\x00\x0d\x81\x1e\
\x01\xc5\xc5\xc5\xd3\xe8\xfb\x00\x04\x18,:::\xfe\xfe\
\xfe\xff\x00\xfe\xfc\x05\x03\x02\x01\x01\x01\x01\xfe\xfe\x01\x83\
 88\xfa\xe7\xcb\xb6\xac\xac\xac\xb6\xcb\xe7\xfa88\
\xfc\xfc\xff\x02\x04\x04\x04\x04\x02\xff\xfc\xfc\xe0\xe088\
\x00\xf3\x81\x80\x17TTTD+\x0e\x01\xf3\xd7\xbd\xae\
\xae\xae\x02\x02\x02\x07\x0b\x08\x01\x01\xfe\xfd\xfe\x82\x01\x02\
\x02\x84\x00\x80\x02\x00\x0c\x00\x07\x00\x00\x00\x07\x00\x01\x00\
\x80\x02G\x00\x0d\x81\x85\x80\x02\xd0\x00\xf3\x81\x85\x00\x80\
\x02\x00\x0c\x00\x05\x00\x00\x00\x05\x00\x01\x00\x81\x00\x0d\x81\
\x84\x81\x00\xf3\x81\x84\x00\x80\x02\x00\x0c\x00\x13\x00\x00\x00\
\x13\x00\x01\x09\x08\x01\x02\x02\x02\x02\x02\x02\x02\x02\x08\x18\
\xd6\xdb\xfc\xdb\xf4\xdb\xf9\x08\x81\x06\xc6\x00\xe3\x1d\x00:\
\x00\x08\xe022\x042\x0e2\x08\xf8\x81\x06@\x00 \
\xe0\x00\xc0\x00\x00\x80\x02\x00\x0c\x00\x07\x00\x00\x00\x07\x00\
\x01\x00\x80\x02\x22\x00\x08\x81\x85\x80\x02\xc8\x00\xf8\x81\x85\
\x00\x80\x02\x00\x0c\x00\x07\x00\x00\x00\x07\x00\x01\x00\x80\x02\
\x1a\x00\x08\x81\x85\x80\x02\xca\x00\xf8\x81\x85\x00\x80\x02\x00\
\x0c\x00\x07\x00\x00\x00\x07\x00\x01\x00\x80\x029\x00\x08\x81\
\x85\x80\x02\xb8\x00\xf8\x81\x85\x00\x80\x02\x00\x0c\x00\x07\x00\
\x00\x00\x07\x00\x01\x00\x80\x021\x00\x08\x81\x85\x80\x02\xbb\
\x00\xf8\x81\x85\x00\x80\x02\x00\x0c\x00\x07\x00\x00\x00\x07\x00\
\x01\x00\x80\x02!\x00\x08\x81\x85\x80\x02\xc6\x00\xf8\x81\x85\
\x00\x80\x02\x00\x0c\x00\x07\x00\x00\x00\x07\x00\x01\x00\x80\x02\
\x1e\x00\x08\x81\x85\x80\x02\xce\x00\xf8\x81\x85\x00\x80\x02\x00\
\x0c\x00\x07\x00\x00\x00\x07\x00\x01\x00\x80\x02G\x00\x08\x81\
\x85\x80\x02\xdd\x00\xf8\x81\x85\x00\x80\x02\x00\x0c\x00\x07\x00\
\x00\x00\x07\x00\x01\x00\x80\x02!\x00\x08\x81\x85\x80\x02\xc6\
\x00\xf8\x81\x85\x00\x80\x02\x00\x0c\x008\x00\x00\x008\x00\
\x01\x00\x1b\xef\xef\xf0\xff\x0b\x0b\x0b\xf27\xdc\xdc\xdc\xdc\
\x18\x18\xb5\x0b\x0b\x0b\x0b\xcd\xcd\xcd\xd7\xed\xfe\x00\xe5\x81\
\x0b\x10\xd8\xd8\xd8\xe7\xfb\xe5\xf7\xf7::4\x83\x02\xc6\
\xc6\xcc\x81\x04\xf4\xf9\x06\x10\x10\x83\x1b\x12\x12\x15\x00\xf8\
\xf8\xf8\xee\xb03000\xe0\xe0q\xe9\xf4\xf4\xf4D\
DDB1\x19\x00$\x81\x0b\xeb666\x1b\x15\x0e\
\x0b\x0b\xc4\xc4\xc4\x83\x02PPP\x81\x04\x0b\x04\xf5\xeb\
\xeb\x83\x00\x80\x02\x00\x0c\x00\x07\x00\x00\x00\x07\x00\x01\x00\
\x80\x02\x16\x00\x08\x81\x85\x80\x02\xf5\x00\xf8\x81\x85\x00\x80\
\x02\x00\x0c\x00\x0a \x00\x00\x07\x00\x01\x00\x02\x01\x01\x02\
\x01\x01\x0d\x01\x01\x00\x80\x02\x03\x00\xf3\x81\x85\x80\x02\x00\
\x0c\x00\x07\x00\x00\x00\x07\x00\x01\x00\x80\x02\x11\x00\x08\x81\
\x85\x80\x02\xc2\x00\xf8\x81\x85\x00\x80\x02\x00\x0c\x00\x19\x00\
\x00\x00\x19\x00\x01\x00\x0b\x18\x18\xd6\xd6\xd7\xd7\xf5\xf5\xd7\
\xd7\xfa\xfa\x83\x83\x07#\xea\xea$;\x00\x01;\x83\x0b\
\xe0\xe08888\x0e\x0e88\x08\x08\x83\x83\x04\xd6\
\x16\x15\xd5\xc0\x81\x00\xc0\x83\x00\x80\x02\x00\x0c\x00\x5c\x00\
\x00\x00^\x00\x01\x00+\x03\xf4\xf2\xff\x0e\x0e\x0e\x0e\x08\
\x01\xff\x03\xfd\xf2\xed\xef31(\x13\x03\xee\xd7\xcd\xca\
\xca\xca\xc6\xcc\xe5\x03\x06\x0d\x14''\xeb\xeb\xf1\xfe\x01\
\x01\xf4\xf4\x83+\x02\x02\x0e\x17\x11\xff\xf5\xf4\xf7\xfb\xfe\
\xfe\xfe\x04\x0d\x12\x12\x1c/:::*\x13\xfe\xfb\x06\
\xf9\xdf\xc8\xc8\xc8\xc2\xc2\x0c\x0a\x0a\xf0\xfb\x02\x14\xde\xde\
\x14\x83-\xfb\xe9\xdf\xe4\xee\xee\xee\xee\xeb\xeb\xf1\xfb\x05\
\x12\x1a\x1b\xc5\xc6\xda\xf2\xfb\x07\x228FFF7\x1f\
\x06\xfb\xe4\xbd\xae\xc4\xc4\x12\x12\x15\x06\x01\x01\x10\x10\x00\
\x02\x81+\xfe\xfe\x0b\x15\x0e\xfb\xfb\xf9\xfb\xfe\x02\x02\x02\
\xfd\xf5\xf0\xf0\xd4\xb8\xae\xae\xae\xb8\xcb\xe7\xfb\x18:J\
PPP?3<\x02\x02\x1a\x0b\xfe\xf2\x22\x22\xf2\x83\
\x00\x80\x02\x00\x0c\x00\x05\x00\x00\x00\x07\x00\x01\x00\x80\x00\
\x1e\x83\x85\x80\x02\xd8\x00\x02\x81\x85\x00\x80\x02\x00\x0c\x00\
\x05\x00\x00\x00\x07\x00\x01\x00\x80\x005\x83\x85\x80\x02\xc9\
\x00\x02\x81\x85\x00\x80\x02\x00\x0c\x00\x05\x00\x00\x00\x07\x00\
\x01\x00\x80\x00\x0d\x83\x85\x80\x02\xe9\x00\x02\x81\x85\x00\x80\
\x02\x00\x0c\x00\x05\x00\x00\x00\x07\x00\x01\x00\x80\x00\x22\x83\
\x85\x80\x02\xdc\x00\x02\x81\x85\x00\x80\x02\x00\x0c\x00\xcc\x00\
\x00\x00\xd0\x00\x01\x00?\x0e\x07\x0e\x1a\x1a\xd9\xd9\xea\x02\
\x0e\x1a0<<<.\x16\x0a\x10\x1b\x22\x22\x22\x13\x06\
\x0b\x12\x0a\xfc\xfc==6 \x0b\xf9\xe6\xe0\xe0\xe0\xf7\
\x07\x13\x10\x04\xfa\xfa\xfa\x03\x0d\x1b\x14\x18\x22\x22\xe1\xe1\
\xf4\x0f\x1b(@NN%N@( &188\
8(\x1a\x1e$\x1c\x0e\x0eOOH3\x1e\x0c\xfb\xf6\
\xf6\xf6\x0d\x1d%#\x17\x0c\x0c\x0c\x13\x1b\x00*\x81\x81\
.\x02\x00\xf9\xf9\xdb\xc6\xc4\xc4\xc4\xc8\xd7\xe8\x00#%\
&&%!\x1b\x0d\x03\x02\x02\x02\xfa\xfb\x09\x09\x1b3\
>>>6&\x1b\xfd\xec\xea\xe9\xea\xe3\xe1\xe8\xf1\xfb\
\x82.\x02\x00\xf9\xf9\xdb\xc6\xc4\xc4\xc4\xc8\xd7\xe8\xff#\
%&&% \x1b\x0d\x03\x02\x02\x02\xfa\xfb\x09\x09\x1b\
3>>>6&\x1b\xfd\xec\xea\xe9\xe9\xe2\xe0\xe8\xf1\
\xfb\x84?\xf6\xe9\xdf\xde\xde11+\x11\xf6\xdc\xc0\xb4\
\xb4\xb4\xcf\xd9\xf7\xf1\xe2\xd7\xd7\xd7\xda\xe0\xe6\xf2\xfc\xfd\
\xfd\xaa\xaa\xb6\xd0\xe6\xff\x1c)))\x11\x01\xe3\xe9\xfa\
\x06\x06\x06\x02\xfa\xef\xe2\xd5\xd2\xd2%%!\x0a\xef\xd6\
\xbc\xb2\xb2%\xb2\xcb\xd7\xf9\xf3\xe4\xd9\xd9\xd9\xdb\xe0\xe5\
\xf0\xfa\xfb\xfb\xa8\xa8\xb4\xcf\xe5\xfe\x1d+++\x13\x03\
\xe1\xe8\xf8\x04\x04\x04\xfe\xf4\x00\xe0\x81?\xfb\xfb\x03\x0b\
\x0c\x0c\x0f&;;;)\x0f\x03\xf6\xdf\xdd\xda\xda\xe3\
\xf4\xff\x03\x06\x05\x05\x05\xfd\xf4\xf4\xf4\xed\xd6\xc5\xc5\xc5\
\xd7\xf1\xff\x0a !$$\x1d\x0e\x03\xff\xfb\xfb\xfb\xfb\
\x03\x0b\x0c\x0c\x0f&;;;)\x0f\x03#\xf6\xdf\xdd\
\xda\xda\xe3\xf3\xff\x03\x06\x05\x05\x05\xfd\xf4\xf4\xf4\xed\xd6\
\xc5\xc5\xc5\xd7\xf1\xff\x0a !$#\x1c\x0d\x03\xff\xfb\
\xfb\x83\x00\x80\x02\x00\x0c\x00\x0d\x00\x00\x00\x0d\x00\x01\x07\
\x06\x01\x02\x02\x02\x02\x02\x02\x060\xee\x18\xd6\xde(\x06\
\x83\x02\xe0\x1a\x00\x06\xc2\x1a\xe08,\xce\xfa\x83\x02*\
\xe0\x00\x00\x80\x02\x00\x0c\x00\x12\x00\x00\x00\x12\x00\x01\x09\
\x08\x01\x02\x02\x02\x02\x02\x02\x02\x02\x08\x10\xf60\xee\x18\
\xd6\xde(\x06\x01\xf0$\x83\x02\xe0\x1a\x00\x08\xef\x0b\xc2\
\x1a\xe08,\xce\xfa\x01\x15\xe9\x83\x02*\xe0\x00\x00\x80\
\x02\x00\x0c\x00\x09\x00\x00\x00\x09\x00\x01\x00\x05\x18\x18\xd6\
\xd6\x00\xee\x81\x87\x05\xe0\xe088\x00\x18\x81\x87\x00\x80\
\x02\x00\x0c\x00\x10\x00\x00\x00\x10\x00\x01\x07\x06\x01\x02\x02\
\x02\x02\x02\x02\x06\x1f\xdd\x1a\xe2\x1a\xe2\xfc\x026\xca\xca\
\x81\x016\x00\x06\xda2\xe2*\xe2*\x0c\x02\xca66\
\x81\x01\xca\x00\x00\x80\x02\x00\x0c\x00\x07\x00\x00\x00\x07\x00\
\x01\x00\x80\x02\x18\x00\xee\x81\x85\x80\x02\xe7\x00\x18\x81\x85\
\x00\x80\x02\x00\x0c\x00\x07\x00\x00\x00\x07\x00\x01\x00\x80\x02\
\x1f\x00\xfc\x81\x85\x80\x02\xe2\x00\x0c\x81\x85\x00\x80\x02\x00\
\x0c\x00\x07\x00\x00\x00\x07\x00\x01\x00\x80\x02\x10\x00\xee\x81\
\x85\x80\x02\xe9\x00\x18\x81\x85\x00\x80\x02\x00\x0c\x00\x07\x00\
\x00\x00\x07\x00\x01\x00\x80\x02\x17\x00\xfc\x81\x85\x80\x02\xe4\
\x00\x0c\x81\x85\x00\x80\x02\x00\x0c\x00\x07\x00\x00\x00\x07\x00\
\x01\x00\x80\x02'\x00\xee\x81\x85\x80\x02\xda\x00\x18\x81\x85\
\x00\x80\x02\x00\x0c\x00\x07\x00\x00\x00\x07\x00\x01\x00\x80\x02\
.\x00\xfc\x81\x85\x80\x02\xd5\x00\x0c\x81\x85\x00\x80\x02\x00\
\x0c\x00\x07\x00\x00\x00\x07\x00\x01\x00\x80\x02\x17\x00\xee\x81\
\x85\x80\x02\xe5\x00\x18\x81\x85\x00\x80\x02\x00\x0c\x00\x07\x00\
\x00\x00\x07\x00\x01\x00\x80\x02\x1e\x00\xfc\x81\x85\x80\x02\xe0\
\x00\x0c\x81\x85\x00\x80\x02\x00\x0c\x00\x07\x00\x00\x00\x07\x00\
\x01\x00\x80\x02\x14\x00\xee\x81\x85\x80\x02\xed\x00\x18\x81\x85\
\x00\x80\x02\x00\x0c\x00\x07\x00\x00\x00\x07\x00\x01\x00\x80\x02\
\x1b\x00\xfc\x81\x85\x80\x02\xe8\x00\x0c\x81\x85\x00\x80\x02\x00\
\x0c\x00\x07\x00\x00\x00\x07\x00\x01\x00\x80\x02=\x00\xee\x81\
\x85\x80\x02\xfc\x00\x18\x81\x85\x00\x80\x02\x00\x0c\x00\x07\x00\
\x00\x00\x07\x00\x01\x00\x80\x02D\x00\xfc\x81\x85\x80\x02\xf7\
\x00\x0c\x81\x85\x00\x80\x02\x00\x0c\x00\x07\x00\x00\x00\x07\x00\
\x01\x00\x80\x02\x17\x00\xee\x81\x85\x80\x02\xe5\x00\x18\x81\x85\
\x00\x80\x02\x00\x0c\x00\x07\x00\x00\x00\x07\x00\x01\x00\x80\x02\
\x1e\x00\xfc\x81\x85\x80\x02\xe0\x00\x0c\x81\x85\x00\x80\x02\x00\
\x0c\x00\x07\x00\x00\x00\x07\x00\x01\x00\x80\x02\xf2\x00\xee\x81\
\x85\x80\x02!\x00\x18\x81\x85\x00\x80\x02\x00\x0c\x00\x07\x00\
\x00\x00\x07\x00\x01\x00\x80\x02\xfe\x00\xfc\x81\x85\x80\x02\x0b\
\x00\x0c\x81\x85\x00\x80\x02\x00\x0c\x00\x07\x00\x00\x00\x07\x00\
\x01\x00\x80\x02\x07\x00\xee\x81\x85\x80\x02\xe1\x00\x18\x81\x85\
\x00\x80\x02\x00\x0c\x00\x07\x00\x00\x00\x07\x00\x01\x00\x80\x02\
\x0e\x00\xfc\x81\x85\x80\x02\xdc\x00\x0c\x81\x85\x00\x80\x02\x00\
\x0c\x006\x00\x00\x006\x00\x01\x00\x19\xf5\xf2\xfc\x08\x08\
\x08\xc6\xc6\xc6\xd7\xf5\x13$$$\xe2\xe2\xe2\xee\xf8\x0b\
\x0b\xe2\xe2\x00\xfa\x81\x14\x02\x02\x01\xf5\xe5\xe8\xe8\xf3\xe0\
\xc6\xc6\xc6\xe0\xf388\xe5\xf5\x01\x02:\x81\x00:\x83\
\x19\x0f\xff\xf8\xfa\xfa\xfaPPP'\x0e\xf5\xcc\xcc\xcc\
$$$&\x1f\xec\xec$$\x00\x04\x81\x14\xfe\xfe\x02\
\x05\x03\x12\x12\x0f2RRR2\x0f\xb6\xb6\x03\x05\x02\
\xfe\xb6\x81\x00\xb6\x83\x00\x80\x02\x00\x0c\x00.\x00\x00\x00\
.\x00\x01\x00\x15\xf9\xfe\x0b\x14\x14\x14\xd2\xd2\xd2\xec\xf9\
\x07\x1f\x1f\x1f\xdd\xdd\xdd\xe7\xf4\x00\xf5\x81\x0d\x01\x01\xfb\
\xec\xde\xf3\xf3\xec\xd1\xc5\xc5\xc5\xd1\xec\x81\x03\xde\xec\xfb\
\x01\x83\x15\x0f\xf7\xe5\xe3\xe3\xe3;;;#\x0f\xfc\xe2\
\xe2\xe2:::9'\x00\x1a\x81\x0d\xfe\xfe\x0d (\
\x12\x12&=RRR=&\x81\x03( \x0d\xfe\x83\
\x00\x80\x02\x00\x0c\x00\x07\x00\x00\x00\x07\x00\x01\x00\x80\x02\
)\x00\xfa\x81\x85\x80\x02\xd6\x00\x04\x81\x85\x00\x80\x02\x00\
\x0c\x00\x07\x00\x00\x00\x07\x00\x01\x00\x80\x02.\x00\xf5\x81\
\x85\x80\x02\xdc\x00\x1a\x81\x85\x00\x80\x02\x00\x0c\x00\x19\x00\
\x00\x00\x19\x00\x01\x00\x0d\x14\xd5\xfc\x09\xc0\xa8\xb0\xc5\x18\
\x18\xd6\xd6\x00\xc3\x81\x80\x01\x0b\x0b\x81\x01\xfc\xd4\x88\x04\
\xfa6>\x12xA\x00\xa4\x00\xad\x06`\xe0\xe088\
\x00c\x81\x84\x01\x04\x06\x88\x00\x80\x02\x00\x0c\x00\x07\x00\
\x00\x00\x07\x00\x01\x00\x80\x02\xfa\x00\xc3\x81\x85\x80\x02\x08\
\x00c\x81\x85\x00\x80\x02\x00\x0c\x00\x0a\x00\x00\x00\x0a\x00\
\x01\x05\x04\x01\x02\x02\x02\x02\x04\x18\xd6\xd7\xf2\xf2\x81\x00\
\xc6\x81\x04\xe088\x12\x12\x81\x00J\x81\x00\x80\x02\x00\
\x0c\x00\x07\x00\x00\x00\x07\x00\x01\x00\x80\x02\x18\x00\xf2\x81\
\x85\x80\x02\xe7\x00\x12\x81\x85\x00\x80\x02\x00\x0c\x00\x06\x00\
\x00\x00\x06\x00\x01\x02\x01\x01\x02\x01\xe6\xf2\x01\x0e\x00\x01\
\x08\x12\x01\xee\x00\x80\x02\x00\x0c\x00\x0a \x00\x00\x07\x00\
\x01\x00\x02\x01\x01\x02\x01\x1d\xf2\x01\xff\x00\x80\x02\xe7\x00\
\x12\x81\x85\x80\x02\x00\x0c\x00\x22\x00\x00\x00!\x00\x01\x00\
\x05\xf5\xf5\xe8\xe8\x0a\x0a\x81\x09\x18\x18\xd6\xd6\xd7\xd7\xf2\
\xf2\x00\xf2\x81\x07\x15\xdf\xd8\x0e\x1c\xe6\xe1\x17\x84\x01\xc6\
\xc6\x84\x81\x03\x12\x12\xf4\xf4\x81\x09\xe0\xe08888\
\x12\x12\x00\x12\x81\x07\xec*4\xf6\xe5#*\xec\x84\x01\
JJ\x84\x80\x02\x00\x0c\x00!\x00\x00\x00\x1d\x00\x01\x00\
\x11\x18\x18\xba\xe4\xea\x15\xba\xba\xfc\xfc\xfa\xcc\x0a\xdd\xdc\
\xdc\x00\xd2\x81\x82\x01\xca\xca\x83\x05CE\x09\x09EC\
\x84\x11\xe0\xe0`\x1e\x22\xe0dd\x0e\x0e$7\x06\x19\
00\x00D\x81\x82\x01ff\x85\x01\xfc\xfc\x86\x00\x80\
\x02\x00\x0c\x00\x1d\x00\x00\x00\x1c \x01\x00\x0f\x18\x18\xb5\
\x0b\x0b\x0b\x0b\xcd\xcd2\xdc\xdc\xdc\xdc\x00\xe5\x81\x82\x02\
\xc6\xc6\xcc\x83\x02::4\x84\x09\x08\x01\x01\x01\x03\x02\
\x01\x01\x03\x02\x08\xe0q\xf1\xf4D\xb330$\x81\x00\
<\x82\x00\xc4\x81\x80\x02\x00\x0c\x00\x07\x00\x00\x00\x07\x00\
\x01\x00\x80\x02\x12\x00\xe5\x81\x85\x80\x02\xe5\x00$\x81\x85\
\x00\x80\x02\x00\x0c\x00\x07\x00\x00\x00\x07\x00\x01\x00\x80\x02\
)\x00\xe5\x81\x85\x80\x02\xd5\x00$\x81\x85\x00\x80\x02\x00\
\x0c\x00\x07\x00\x00\x00\x07\x00\x01\x00\x80\x02\xfa\x00\xe5\x81\
\x85\x80\x02\x08\x00$\x81\x85\x00\x80\x02\x00\x0c\x00\x07\x00\
\x00\x00\x07\x00\x01\x00\x80\x02\x01\x00\xe5\x81\x85\x80\x02\xdf\
\x00$\x81\x85\x00\x80\x02\x00\x0c\x00Z\x00\x00\x00Z\x00\
\x01\x00+\x04\x0d\x12\x11\x0e\x0e\x0e\x0e\x12\x13\x0e\x04\xfa\
\xf4\xf5\xf8\xf8\xf8\xf8\xf6\xf5\xfb\x04\x15*7<<<\
5'\x12\x04\xf6\xe1\xd2\xca\xca\xca\xd0\xdd\xf3\x00\x07\x81\
)\x02\x02\xfd\xf8\xfc\x05\xfb\x01\x02\x01\xfe\xfe\xfe\x01\x02\
\x01\xfb\x04\xfb\xf8\xfd\x02\xc6\xc6\xd1\xe3\xf8\x00\x08\x1c.\
:::.\x1c\x08\x00\xf8\xe3\xd1\xc6\x83+\xff\xfd\xf7\
\xf1\xee\xee\xee\xee\xf2\xf8\xfe\xff\xff\x05\x0b\x10\x10\x10\x10\
\x0c\x06\x00\xff\xef\xd4\xc2\xb8\xb8\xb8\xc1\xd3\xee\xff\x0f*\
<FFF<*\x0f\x00\xff\x81\x04\xfe\xfe\xfd\xfc\xfe\
\x81\x08\x04\x05\x04\x02\x02\x02\x04\x05\x04\x81\x17\xfe\xfc\xfd\
\xfeRRB)\x0d\x00\xf3\xd7\xbe\xae\xae\xae\xbe\xd7\xf3\
\x00\x0d)BR\x83\x00\x80\x02\x00\x0c\x00j\x00\x00\x00\
i\x00\x01\x00\x16\x0b\x11\x13\x13\x10\x0e\x0e\x0e\x0e\x13\x16\
\x13\x0b\x08\x16\x1b\xd9\xd9\x15\x0e\x08\x0b\x0b\x81\x1b\x1b\x1b\
\x04\x04\x0b\x0b\xf4\xd6\xc8\xc8\xc8\xcd\xda\xf5\xe1\xe1\xff\xff\
\xde\xde\xf6\xf6\xe3\xe3\xfc\xfc\x00\x0b\x81\x0e\x04\x04\xfe\xf6\
\xf3\xfb\x06\xfc\x06\x09\x04\xfe\xfe\xfe\xff\x83\x1c\x02\x04\xca\
\xca\xc4\xbb\xd3*G=888+\x12\x01\xf3\xdf\xd2\
\xca\x00\xc6\xc6\x00\x1d\xe3\xe3\x1d:\x81\x00:\x830\xf8\
\xf9\xf7\xf4\xf0\xee\xee\xee\xee\xf1\xf6\xf9\xf8\xf5\xf4\xf8*\
*\xf8\xf6\xfa\xf8\xef\xce\xc2\xd8\xd8\xc2\xcd\xef\xf8\x112\
DDD:&\x0a**\xfc\xfc**\x06\x06**\
\x82\x00\xf0\x81\x05\xfe\xfe\xfe\xfd\xfd\xfe\x81\x06\x03\x04\x03\
\x02\x02\x02\x01\x83\x1c\xff\xfeTTQK[\xa4\xb6\xaf\
\xac\xac\xac\xc7\xee\x00\x0d*DT\x00@@\x00\xe0 \
 \xe0\xc0\x81\x00\xc0\x83\x80\x02\x00\x0c\x00\x07\x00\x00\x00\
\x07\x00\x01\x00\x80\x02%\x00\x07\x81\x85\x80\x02\xda\x00\xff\
\x81\x85\x00\x80\x02\x00\x0c\x00\x07\x00\x00\x00\x07\x00\x01\x00\
\x80\x02\x1d\x00\x07\x81\x85\x80\x02\xdc\x00\xff\x81\x85\x00\x80\
\x02\x00\x0c\x00\x07\x00\x00\x00\x07\x00\x01\x00\x80\x024\x00\
\x07\x81\x85\x80\x02\xcd\x00\xff\x81\x85\x00\x80\x02\x00\x0c\x00\
\x07\x00\x00\x00\x07\x00\x01\x00\x80\x02$\x00\x07\x81\x85\x80\
\x02\xd8\x00\xff\x81\x85\x00\x80\x02\x00\x0c\x00\x07\x00\x00\x00\
\x07\x00\x01\x00\x80\x02J\x00\x07\x81\x85\x80\x02\xef\x00\xff\
\x81\x85\x00\x80\x02\x00\x0c\x00\x07\x00\x00\x00\x07\x00\x01\x00\
\x80\x02+\x00\x07\x81\x85\x80\x02\xe1\x00\xff\x81\x85\x00\x80\
\x02\x00\x0c\x00\x07\x00\x00\x00\x07\x00\x01\x00\x80\x02$\x00\
\x07\x81\x85\x80\x02\xd8\x00\xff\x81\x85\x00\x80\x02\x00\x0c\x00\
b\x00\x00\x00b\x00\x01\x00/'\x1c\xe0\xeb\x04\x0d\x12\
\x11\x0e\x0e\x0e\x0e\x12\x13\x0e\x04\xfa\xf4\xf5\xf8\xf8\xf8\xf8\
\xf6\xf5\xfb\x04\x15*7<<<5'\x12\x04\xf6\xe1\
\xd2\xca\xca\xca\xd0\xdd\xf3\x00\x07\x81-\x14\xf8\xf8\x14\x02\
\x02\xfd\xf8\xfc\x05\xfb\x01\x02\x01\xfe\xfe\xfe\x01\x02\x01\xfb\
\x04\xfb\xf8\xfd\x02\xc6\xc6\xd1\xe3\xf8\x00\x08\x1c.::\
:.\x1c\x08\x00\xf8\xe3\xd1\xc6\x83/\xec\xea\x12\x14\xff\
\xfd\xf7\xf1\xee\xee\xee\xee\xf2\xf8\xfe\xff\xff\x05\x0b\x10\x10\
\x10\x10\x0c\x06\x00\xff\xef\xd4\xc2\xb8\xb8\xb8\xc1\xd3\xee\xff\
\x0f*<FFF<*\x0f\x00\xff\x81\x08\xee\x12\x12\
\xee\xfe\xfe\xfd\xfc\xfe\x81\x08\x04\x05\x04\x02\x02\x02\x04\x05\
\x04\x81\x17\xfe\xfc\xfd\xfeRRB)\x0d\x00\xf3\xd7\xbe\
\xae\xae\xae\xbe\xd7\xf3\x00\x0d)BR\x83\x00\x80\x02\x00\
\x0c\x00\x07\x00\x00\x00\x07\x00\x01\x00\x80\x02\x14\x00\x07\x81\
\x85\x80\x02\xd4\x00\xff\x81\x85\x00\x80\x02\x00\x0c\x00;\x00\
\x00\x00;\x00\x01\x00\x1c\xd7\xd7\xeb\x00\x12\x16\x16\x16\x12\
\x00\xeb\xd7\xd7\xfb\xf4\xe1\xd2\xd2\xd2\xd2\xe1\xf4\xfb\x18\x18\
\xd6\xd6\x00\xe2\x81\x19&\xee\xee\xee\xf9\x09\x12\x1a*6\
66\xfe\xfe\xfe\xfb\x01\x0f\x15#)&&\x00\xfe\xfe\
\x84\x1c88\x0d\xfb\xe9\xe2\xe2\xe2\xe9\xfb\x0d88\x1a\
\x1e.::::.\x1e\x1a\xe0\xe088\x00$\x81\
\x19\xc4\x0e\x0e\x0e\x00\xec\xe3\xda\xc6\xb8\xb8\xb8\x02\x02\x02\
\xfc\xee\xe3\xe3\xd8\xcb\xc4\xc4\x00\x02\x02\x84\x00\x80\x02\x00\
\x0c\x00;\x00\x00\x00;\x00\x01\x00\x1c\xd8\xd8\xf1\x03\x13\
\x17\x17\x17\x13\x04\xf1\xd8\xd8\x01\xf7\xe1\xd3\xd3\xd3\xd3\xe1\
\xf6\x01\x18\x18\xd6\xd6\x00\xd5\x81\x19.\xf6\xf6\xf6\x01\x0f\
\x16\x1c+666\xfe\xfe\xfe\xfe\x07\x13\x19&..\
.\x00\xfe\xfe\x84\x1c88\x0b\xfd\xed\xe5\xe5\xe5\xed\xfe\
\x0b88\x16\x17*====*\x17\x16\xe0\xe08\
8\x00;\x81\x19\xb4\xfe\xfe\xfe\xf4\xe4\xdb\xd2\xc2\xb8\xb8\
\xb8\x02\x02\x02\xfd\xed\xdb\xdb\xca\xb9\xb4\xb4\x00\x02\x02\x84\
\x00\x80\x02\x00\x0c\x00t\x00\x00\x00t\x00\x01\x008\x01\
\x08\x18###\xe9\xe9\xe9\xf8\x0e\x10\x10\x04\x0d\x12\x11\
\x0e\x0e\x0e\x0e\x12\x13\x0e\x04\xfa\xf4\xf5\xf8\xf8\xf8\xf8\xf6\
\xf5\xfb\x04\x15*7<<<5'\x12\x04\xf6\xe1\xd2\
\xca\xca\xca\xd0\xdd\xf3\x00\x07\x816\x07\x07\x08\xfb\xe8\xd0\
\xd0\xf3\xde\xce\xce\xce\x07\x02\x02\xfd\xf8\xfc\x05\xfb\x01\x02\
\x01\xfe\xfe\xfe\x01\x02\x01\xfb\x04\xfb\xf8\xfd\x02\xc6\xc6\xd1\
\xe3\xf8\x00\x08\x1c.:::.\x1c\x08\x00\xf8\xe3\xd1\
\xc6\x838\x09\xf7\xdd\xce\xce\xce\x22\x22\x22\x1a\x16\x02\x02\
\xff\xfd\xf7\xf1\xee\xee\xee\xee\xf2\xf8\xfe\xff\xff\x05\x0b\x10\
\x10\x10\x10\x0c\x06\x00\xff\xef\xd4\xc2\xb8\xb8\xb8\xc1\xd3\xee\
\xff\x0f*<FFF<*\x0f\x00\xff\x81\x11\xf7\xf7\
\xf8\x02\x1222\x1d\x22,,,\xf7\xfe\xfe\xfd\xfc\xfe\
\x81\x08\x04\x05\x04\x02\x02\x02\x04\x05\x04\x81\x17\xfe\xfc\xfd\
\xfeRRB)\x0d\x00\xf3\xd7\xbe\xae\xae\xae\xbe\xd7\xf3\
\x00\x0d)BR\x83\x00\x80\x02\x00\x0c\x00b\x00\x00\x00\
b\x00\x01\x00/)1\xf5\xed\x04\x0d\x12\x11\x0e\x0e\x0e\
\x0e\x12\x13\x0e\x04\xfa\xf4\xf5\xf8\xf8\xf8\xf8\xf6\xf5\xfb\x04\
\x15*7<<<5'\x12\x04\xf6\xe1\xd2\xca\xca\xca\
\xd0\xdd\xf3\x00\x07\x81-\x06\xfa\xfa\x06\x02\x02\xfd\xf8\xfc\
\x05\xfb\x01\x02\x01\xfe\xfe\xfe\x01\x02\x01\xfb\x04\xfb\xf8\xfd\
\x02\xc6\xc6\xd1\xe3\xf8\x00\x08\x1c.:::.\x1c\x08\
\x00\xf8\xe3\xd1\xc6\x83/\xc2\xb7\x07\x12\xff\xfd\xf7\xf1\xee\
\xee\xee\xee\xf2\xf8\xfe\xff\xff\x05\x0b\x10\x10\x10\x10\x0c\x06\
\x00\xff\xef\xd4\xc2\xb8\xb8\xb8\xc1\xd3\xee\xff\x0f*<F\
FF<*\x0f\x00\xff\x81\x08\xf4\x08\x08\xf4\xfe\xfe\xfd\
\xfc\xfe\x81\x08\x04\x05\x04\x02\x02\x02\x04\x05\x04\x81\x17\xfe\
\xfc\xfd\xfeRRB)\x0d\x00\xf3\xd7\xbe\xae\xae\xae\xbe\
\xd7\xf3\x00\x0d)BR\x83\x00\x80\x02\x00\x0c\x00D\x00\
\x00\x00D\x00\x01\x00 \x18\x18\xd6\xd6\x1f\x08\xbc\xd0\xe8\
\xe8\xe8\x01\x12\x13\x13\x13\x12\x01\xe8\xe8\xe8\xf8\xf9\xe4\xcf\
\xcf\xcf\xcf\xe5\xf9\xf8\x00\xda\x81\x80\x01\xfe\xfe\x81\x19\xf9\
\xf9\x00&\xed\xed\xed\xf9\x0a\x12\x1a+666\xfe\xfe\
\xfe\xf4\xf8\x0f\x15,0&&\x83 \xe0\xe088\xd5\
\xfaQ4..\x19\x0c\xfa\xf1\xf1\xf1\xfa\x0c\x19..\
 /AIIIIA/ \x00(\x81\x80\x01\x02\
\x02\x81\x19\xf1\xf1\x00\xd8\x10\x10\x10\x04\xf1\xe6\xdc\xc9\xbc\
\xbc\xbc\x02\x02\x02\xf9\xee\xeb\xeb\xe8\xdf\xd8\xd8\x83\x00\x80\
\x02\x00\x0c\x00@\x00\x00\x00@\x00\x01\x00\x1e\x18\x18\xd6\
\xd6#\xec\xa6\xd9\xd8\xd8\xf1\x0c\x19\x19\x19\x0e\xf1\xd8\xd8\
\x02\xf6\xe2\xd5\xd5\xd5\xd5\xe2\xf6\x02\x00\xe5\x81\x80\x01\xfe\
\xfe\x81\x17\x1f\x1f\x00-\xf4\xf4\xf4\x0a\x15 666\
\xfe\xfe\xfe\x00\x09\x12\x18\x22*--\x83\x1e\xe0\xe08\
8\xd3\xdc>588\x08\xf4\xe5\xe5\xe5\xf5\x0888\
\x15\x15)====)\x16\x15\x00'\x81\x80\x01\x02\
\x02\x81\x17\xdf\xdf\x00\xc4\xfc\xfc\xfc\xe8\xda\xcd\xb8\xb8\xb8\
\x02\x02\x02\x00\xf4\xe2\xe2\xd1\xc4\xc4\xc4\x83\x00\x80\x02\x00\
\x0c\x00\x07\x00\x00\x00\x07\x00\x01\x00\x80\x02\x0d\x00\xda\x81\
\x85\x80\x02\xe7\x00(\x81\x85\x00\x80\x02\x00\x0c\x00\x07\x00\
\x00\x00\x07\x00\x01\x00\x80\x02\x1b\x00\xe5\x81\x85\x80\x02\xf2\
\x00'\x81\x85\x00\x80\x02\x00\x0c\x00\x07\x00\x00\x00\x07\x00\
\x01\x00\x80\x02$\x00\xda\x81\x85\x80\x02\xd7\x00(\x81\x85\
\x00\x80\x02\x00\x0c\x00\x07\x00\x00\x00\x07\x00\x01\x00\x80\x02\
2\x00\xe5\x81\x85\x80\x02\xe4\x00'\x81\x85\x00\x80\x02\x00\
\x0c\x00\x07\x00\x00\x00\x07\x00\x01\x00\x80\x02\x04\x00\xda\x81\
\x85\x80\x02\xf3\x00(\x81\x85\x00\x80\x02\x00\x0c\x00\x07\x00\
\x00\x00\x07\x00\x01\x00\x80\x02\x0e\x00\xe5\x81\x85\x80\x02\xf3\
\x00'\x81\x85\x00\x80\x02\x00\x0c\x00h\x00\x00\x00h\x00\
\x01\x002\x0e\x0b\x11\x1a\x1a\xd8\xd8\xea\x03\x0e\x18-;\
;;,\x15\x0c\x15$$$\x14\x07\x0a\x11\x08\xfb\xfb\
==3\x1c\x0a\xf9\xe8\xe2\xe2\xe2\xf9\x09\x12\x0f\x03\xf9\
\xf9\xf9\x04\x10\x00\x17\x810\x02\x02\x00\xfc\xf9\xf9\xdf\xca\
\xc6\xc6\xc6\xca\xd9\xe9\xff#%&&\x1f\x19\x0c\x01\xfe\
\xfe\xfe\xfa\xfd\x09\x09\x18/:::3$\x19\xfc\xec\
\xea\xe9\xe9\xe3\xe2\xe9\xf2\xfd\x02\x83/\xf7\xec\xe1\xde\xde\
00*\x11\xf7\xdc\xbf\xb4\xb4\xb4\xcc\xd7\xf9\xe9\xd7\xd7\
\xd7\xd9\xdf\xe5\xf3\xfc\xfd\xfd\xab\xab\xb4\xcd\xe5\xfd\x1b)\
))\x11\x03\xe1\xe8\xf9\x06\x06\x06\x05\x81\x00\xe2\x810\
\xfe\xfe\x02\x07\x0c\x0c\x13*>>>+\x10\x04\xf7\xdf\
\xdd\xda\xdc\xee\xfe\x03\x05\x02\x02\x02\xfe\xf6\xf4\xf4\xe9\xd3\
\xc2\xc2\xc2\xd5\xf0\xfe\x0a !$#\x1d\x10\x04\x00\xfe\
\xfe\x83\x00\x80\x02\x00\x0c\x00\x07\x00\x00\x00\x07\x00\x01\x00\
\x80\x02,\x00\x17\x81\x85\x80\x02\xc0\x00\xe2\x81\x85\x00\x80\
\x02\x00\x0c\x00\x07\x00\x00\x00\x07\x00\x01\x00\x80\x02C\x00\
\x17\x81\x85\x80\x02\xb0\x00\xe2\x81\x85\x00\x80\x02\x00\x0c\x00\
\x07\x00\x00\x00\x07\x00\x01\x00\x80\x02\x16\x00\x17\x81\x85\x80\
\x02\xde\x00\xe2\x81\x85\x00\x80\x02\x00\x0c\x00\x07\x00\x00\x00\
\x07\x00\x01\x00\x80\x02;\x00\x17\x81\x85\x80\x02\xb3\x00\xe2\
\x81\x85\x00\x80\x02\x00\x0c\x00\x07\x00\x00\x00\x07\x00\x01\x00\
\x80\x02 \x00\x17\x81\x85\x80\x02\xe4\x00\xe2\x81\x85\x00\x80\
\x02\x00\x0c\x00\x0c\x00\x00\x00\x0c\x00\x01\x05\x04\x01\x02\x02\
\x02\x02\x04\x18\xd6\x06\xe8\xee\x006\x81\x01:\x00\x04\xe4\
<\xfa& \x00\xb6\x81\x01\xb6\x00\x00\x80\x02\x00\x0c\x00\
\x10\x00\x00\x00\x10\x00\x01\x07\x06\x01\x02\x02\x02\x02\x02\x02\
\x06\x08\xe6\x18\xd6\x06\xe8\xee\x02\xf6*6\x81\x01:\x00\
\x06\xf4,\xe4<\xfa& \x02\x0a\xde\xb6\x81\x01\xb6\x00\
\x00\x80\x02\x00\x0c\x00\x07\x00\x00\x00\x07\x00\x01\x00\x80\x02\
/\x00\xee\x81\x85\x80\x02\xdb\x00 \x81\x85\x00\x80\x02\x00\
\x0c\x00\x07\x00\x00\x00\x07\x00\x01\x00\x80\x02\xfe\x00\xee\x81\
\x85\x80\x02\xf8\x00 \x81\x85\x00\x80\x02\x00\x0c\x00\x07\x00\
\x00\x00\x07\x00\x01\x00\x80\x02\x08\x00\xee\x81\x85\x80\x02\xfe\
\x00 \x81\x85\x00\x80\x02\x00\x0c\x00;\x00\x00\x008\x00\
\x01\x00\x1c\xd7\xd7\xe4\xf8\x0e\x16\x16\x16\x0e\xf8\xe4\xd7\xd7\
\xf0\xed\xde\xd2\xd2\xd2\xd2\xde\xed\xf0\x18\x18\xd6\xd6\x00\xe2\
\x81\x19\x10\xd7\xd7\xd7\xe5\xf9\x01\x0a\x1d***\xf2\xf2\
\xf2\xf0\xf5\xff\x03\x0d\x12\x10\x10\x00\x02\x02\x84\x1c88\
\x0e\xfc\xeb\xe6\xe6\xe6\xeb\xfc\x0e88\x17\x1f1>>\
>>1\x1f\x17\xe0\xe088\x00(\x81\x16\xdc&&\
&\x1b\x0a\x00\xf7\xe5\xda\xda\xda$$$\x1f\x10\x01\xff\
\xf0\xe1\xdc\xdc\x87\x80\x02\x00\x0c\x002\x00\x00\x002\x00\
\x01\x00\x17\x08\x07\x0f\x18\x18\x18\xd6\xd6\xd6\xdd\xf2\x08\x1f\
4;;;\xf9\xf9\xf9\x01\x09\x00\x11\x81\x04\x02\x02\x01\
\xfa\xf1\x81\x08\xf9\xe9\xd2\xc6\xc6\xc6\xd3\xea\xf9\x81\x03\xf1\
\xfa\x01\x02\x83\x17\xf7\xf1\xe7\xe0\xe0\xe0888*\x0c\
\xf7\xe2\xc5\xb6\xb6\xb6\x0e\x0e\x0e\x07\xfc\x00\xee\x81\x04\xfe\
\xfe\xff\x03\x09\x81\x08\x11#@RRRA#\x11\x81\
\x03\x09\x03\xff\xfe\x83\x00\x80\x02\x00\x0c\x00\x07\x00\x00\x00\
\x07\x00\x01\x00\x80\x02)\x00\x11\x81\x85\x80\x02\xd2\x00\xee\
\x81\x85\x00\x80\x02\x00\x0c\x00\x07\x00\x00\x00\x07\x00\x01\x00\
\x80\x02!\x00\x11\x81\x85\x80\x02\xd4\x00\xee\x81\x85\x00\x80\
\x02\x00\x0c\x00\x07\x00\x00\x00\x07\x00\x01\x00\x80\x028\x00\
\x11\x81\x85\x80\x02\xc5\x00\xee\x81\x85\x00\x80\x02\x00\x0c\x00\
\x07\x00\x00\x00\x07\x00\x01\x00\x80\x02(\x00\x11\x81\x85\x80\
\x02\xd0\x00\xee\x81\x85\x00\x80\x02\x00\x0c\x00\x07\x00\x00\x00\
\x07\x00\x01\x00\x80\x02N\x00\x11\x81\x85\x80\x02\xe7\x00\xee\
\x81\x85\x00\x80\x02\x00\x0c\x00\x07\x00\x00\x00\x07\x00\x01\x00\
\x80\x02/\x00\x11\x81\x85\x80\x02\xd9\x00\xee\x81\x85\x00\x80\
\x02\x00\x0c\x00\x07\x00\x00\x00\x07\x00\x01\x00\x80\x02(\x00\
\x11\x81\x85\x80\x02\xd0\x00\xee\x81\x85\x00\x80\x02\x00\x0c\x00\
\x06\x00\x00\x00\x06\x00\x01\x02\x01\x01\x02\x01\x03\x11\x01\xfb\
\x00\x01\x08\xee\x01\x07\x00\x80\x02\x00\x0c\x00\x07\x00\x00\x00\
\x07\x00\x01\x00\x80\x02\x16\x00\x11\x81\x85\x80\x02\xe8\x00\xee\
\x81\x85\x00\x80\x02\x00\x0c\x00\x07\x00\x00\x00\x07\x00\x01\x00\
\x80\x02\x18\x00\x11\x81\x85\x80\x02\xcc\x00\xee\x81\x85\x00\x80\
\x02\x00\x0c\x00\x15\x00\x00\x00\x15\x00\x01\x00\x0b\x1d\x06\xc2\
\xed\x02\xd9\xef\x1f\xde\xc2\x00\xe4\x81\x82\x03\xce\xc6\xc6\xce\
\x86\x0b\xd5\xfeY\x15\x22\x0a\x19\xdc4Y\x00*\x81\x82\
\x03C<<C\x86\x00\x80\x02\x00\x0c\x00)\x00\x00\x00\
)\x00\x01\x00\x15\x18\x0a\xc5\xe7\x0b\xc9\xf4\x13\xd6\xc6\x18\
\x09\xc9\xe5\x0b\xcc\xf3\x18\xd6\xc5\x00\xe0\x81\x82\x05\xd3\xc6\
\xc6\xd3\xfb\xfb\x81\x05\xfb\xfb\xd3\xc6\xc6\xd3\x86\x15\xdd\xf4\
O'7\x11\x22\xfa5K\xd8\xf44\x0b\x1a\xee\x07\xdf\
1K\x00%\x81\x82\x05=<<=\x04\x04\x81\x05\x04\
\x04=<<=\x86\x00\x80\x02\x00\x0c\x00\x07\x00\x00\x00\
\x07\x00\x01\x00\x80\x02\x0f\x00\xe0\x81\x85\x80\x02\xed\x00%\
\x81\x85\x00\x80\x02\x00\x0c\x00\x07\x00\x00\x00\x07\x00\x01\x00\
\x80\x02\x1e\x00\xe0\x81\x85\x80\x02\xe0\x00%\x81\x85\x00\x80\
\x02\x00\x0c\x00\x07\x00\x00\x00\x07\x00\x01\x00\x80\x02\x0e\x00\
\xe0\x81\x85\x80\x02\xeb\x00%\x81\x85\x00\x80\x02\x00\x0c\x00\
\x07\x00\x00\x00\x07\x00\x01\x00\x80\x024\x00\xe0\x81\x85\x80\
\x02\x02\x00%\x81\x85\x00\x80\x02\x00\x0c\x00%\x00\x00\x00\
#\x00\x01\x00\x11\x08\x19\x17\x0f\xc3\xf0\xea\x19\xd3\xc7\xca\
\xca\x16\xf0\xf6\xc2\x00\xde\x81\x02\x01\x01\xfd\x81\x01\xca\xca\
\x81\x01\xf9\xfd\x81\x0111\x84\x11\xf6\xd8\xda\xf2O\x0d\
\x17\xce*JH.\xd1\x16\x0cR\x00\x22\x81\x80\x00\xfe\
\x82\x01EE\x81\x00\x02\x82\x01\xbe\xbe\x84\x00\x80\x02\x00\
\x0c\x00!\x00\x00\x00!\x00\x01\x00\x0f\x17\x10\xcc\xee\x01\
\xeb\x01%\xe6\xdb\x19\x19\xd9\xd9\x00\xf8\x81\x00\x05\x81\x03\
\xd4\xd8\xd8\xd4\x81\x03\x05\x00\xfd\xfd\x84\x0f\xdb\xf4L\x13\
\x1f\xf1\xfd\xc0\x141\xdb\xdb11\x00\x06\x81\x00\xf6\x81\
\x039779\x81\x03\xf6\x00\xfa\xfa\x84\x00\x80\x02\x00\
\x0c\x00\x07\x00\x00\x00\x07\x00\x01\x00\x80\x02\x1e\x00\xf8\x81\
\x85\x80\x02\xe6\x00\x06\x81\x85\x00\x80\x02\x00\x0c\x00\x07\x00\
\x00\x00\x07\x00\x01\x00\x80\x02-\x00\xf8\x81\x85\x80\x02\xd9\
\x00\x06\x81\x85\x00\x80\x02\x00\x0c\x00\x07\x00\x00\x00\x07\x00\
\x01\x00\x80\x02\x1d\x00\xf8\x81\x85\x80\x02\xe4\x00\x06\x81\x85\
\x00\x80\x02\x00\x0c\x00\x07\x00\x00\x00\x07\x00\x01\x00\x80\x02\
C\x00\xf8\x81\x85\x80\x02\xfb\x00\x06\x81\x85\x00\x80\x02\x00\
\x0c\x00%\x00\x00\x00%\x00\x01\x00\x11\x16\x1670:\
7\x12\x12\xf7\xf7\xd7\xe0\xd0\xdb\xfc\xfc\x00\x08\x81\x80\x05\
\xbc72=44\x81\x05D\xc9\xca\xc8\xcc\xcc\x84\x11\
\xe0\xe0\x82\x88\x80\x86\xe5\xe5\x16\x16tprt\x05\x05\
\x00\xf7\x81\x80\x05\x04\xb5\xbb\xc3\xba\xba\x81\x05\xfcKB\
BFF\x84\x00\x80\x02\x00\x0c\x00\x07\x00\x00\x00\x07\x00\
\x01\x00\x80\x02*\x00\x08\x81\x85\x80\x02\xe0\x00\xf7\x81\x85\
\x00\x80\x02\x00\x0c\x00\x07\x00\x00\x00\x07\x00\x01\x00\x80\x02\
A\x00\x08\x81\x85\x80\x02\xd0\x00\xf7\x81\x85\x00\x80\x02\x00\
\x0c\x00\x07\x00\x00\x00\x07\x00\x01\x00\x80\x02&\x00\x08\x81\
\x85\x80\x02\xe6\x00\xf7\x81\x85\x00\x80\x02\x00\x0c\x00a\x00\
\x00\x00b\x00\x01\x000\x0d\x0d\x17\x17\x17\x09\xea\xef\xfe\
\x0d\x10\x10\x0e\x07\xfe\xfa\xf6\xe7\xdb\xdb\xdb\x01\x0c\x10\x0e\
\x0e\x0e\x08\xfa\xf1\x0f\x0f\xef\xe0\xd0\xd0\xd0\xe8\xef\xf7\x09\
\x17\x17\x0d\x10\x05\xfd\x00\xed\x81\x80\x12\xfc\xfc\x07\x13'\
''&$#\xed\xee\xf0\xf1\xf1\xf1\xee\xf6\x06\x82\x15\
\xfc\xf6\xf3\xe9\xe3\xe2\xe2\xe2\x0e\x0e\x0e\x00\xf2\xe0\xd0\xd0\
\xd0\xd7\xe9\xf6\x0c\x06\x850\xf1\xf1\xe3\xe3\xe3\xf9\x08\x14\
\x0c\xf6\xea\xea\xec\xfd\x10\x16\x19(555\xf1\xf3\xf0\
\xec\xec\xec\xfb\x0d\x13\xed\xed\x17,BBB,\x17\x0d\
\xf4\xe3\xe3\xf3\xf3\xf3\xf3\x00\x19\x81\x80\x12\x02\x02\xf6\xe5\
\xd2\xd2\xd2\xd2\xd0\xd0\x14\x14\x15\x16\x16\x16\x0b\xff\xfd\x82\
\x16\x01\x02\x02\x07\x08\x05\x05\x05\xef\xef\xef\x02\x0f\x1d.\
..&\x15\x06\x04\x04\x02\x84\x80\x02\x00\x0c\x00\x0a \
\x00\x00\x07\x00\x01\x00\x02\x01\x01\x02\x01\x12\xed\x01\x01\x00\
\x80\x02\xe7\x00\x19\x81\x85\x80\x02\x00\x0c\x00\x0a \x00\x00\
\x07\x00\x01\x00\x02\x01\x01\x02\x01\x12\xed\x01\x01\x00\x80\x02\
\xe7\x00\x19\x81\x85\x80\x02\x00\x0c\x00\x0a \x00\x00\x07\x00\
\x01\x00\x02\x01\x01\x02\x01\x1b\xed\x01\x01\x00\x80\x02\xdf\x00\
\x19\x81\x85\x80\x02\x00\x0c\x00\x02\x00\x00\x00\x02\x00\x01\x00\
\x84\x84\x84\x84\x00\x80\x02\x00\x0c\x00\x0b\x00\x00\x00\x0b\x00\
\x01\x00\x80\x02\xfc\xb9\xd2\x83\x80\x01\xf2\xf2\x84\x80\x02\x02\
WR\x83\x80\x01\x0e\x0e\x84\x00\x80\x02\x00\x0c\x00\x0c\x00\
\x00\x00\x0c\x00\x01\x00\x80\x02\xf1\xa6\xcb\x83\x03\x0e\xf4\xf4\
\x0e\x83\x80\x02\xfdMV\x83\x03\xfc\x10\x10\xfc\x83\x00\x80\
\x02\x00\x0c\x00\x0a \x00\x00\x07\x00\x01\x00\x02\x01\x01\x02\
\x01\x19\xed\x01\x01\x00\x80\x02\xe7\x00\x19\x81\x85\x80\x02\x00\
\x0c\x00\xab\x00\x00\x00\xab\x00\x01\x00?\x07\x02\x00\x03\x09\
\x0c\xff\x02\xfd\xf9\xff\x0a\x0f\x0e\x0e\x0e\x07\xf8\xef\x0b\x0b\
\xed\xde\xd0\xd0\xd0\xe6\xed\xf5\x06\x13\x13\x13\x13\x07\xeb\xee\
\xfd\x0d\x10\x10\x0e\x06\xfd\xf8\xf5\xea\xe1\xe1\x12\x14\x17\x11\
\x07\xfe\xf7\xf7\xf7\xf7\xd4\xd4,55\x13)\x14\x07\xf8\
\xe3\xd7\xd7\xd7\xe2\xf8\x07\x1a.2\xf8\xf9\x00\x06\x00\xff\
\x81\x08\x02\x02\x0b\x15\x1a\x16\x16\x0b\x01\x82?\xfc\xf6\xf3\
\xe9\xe2\xe0\xe0\xe0\x0c\x0c\x0c\x00\xf2\xe0\xd0\xd0\xd0\xd7\xe9\
\xf6\x07\x13'''&$#\xed\xee\xf0\xf1\xf1\xf1\xed\
\xf5\x06\x06\x00\xf7\xf2\xf2\xf2\xf6\xfd\x02\x0c\x0c\xe2\xe2\x00\
\x06\x1a***\x18\x03\xfd\xf4\xdd\xca\xca\xca\x05\xe2\xf4\
\xf4\xfc\x02\x02\x83?\xfa\xf9\xf6\xf4\xf3\xf3\x0d\x0d\x05\xfa\
\xf8\xf7\xf1\xec\xec\xec\xfb\x0d\x13\xed\xed\x17,BBB\
,\x17\x0d\xf6\xe5\xe3\xe3\xe3\xf8\x07\x13\x0b\xf6\xea\xea\xec\
\xfd\x0e\x14\x16\x1c#%\xf7\xf8\xf9\xfa\xfc\xff\x08\x11\x11\
\x11##\xee\xc5\xc5\x10\xd1\xe8\xf8\x0c\x22+++\x1f\
\x09\xf8\xdf\xc2\xc4\x10\x0f\x0a\x81\x00\x03\x81;\xfe\xfe\x01\
\x04\x06\x05\x05\x06\x02\xff\xff\xff\x00\x01\x01\x06\x07\x04\x04\
\x04\xee\xee\xee\x01\x0e\x1c---'\x18\x0a\xf5\xe4\xd1\
\xd1\xd1\xd1\xcf\xcf\x13\x13\x14\x15\x15\x15\x07\xfe\x04\x04\x05\
\x0d\x14\x14\x14\x0d\x00\xf7\xea\xea\x81\x13\xff\xf5\xe3\xd8\xd8\
\xd8\xe8\xfe\x07\x13+:::\x1f\x10\x10\x0f\x06\xfe\x83\
\x00\x80\x02\x00\x0c\x00\x0a \x00\x00\x07\x00\x01\x00\x02\x01\
\x01\x02\x01\x1b\xed\x01\x01\x00\x80\x02\xd6\x00\x19\x81\x85\x80\
\x02\x00\x0c\x00\x0a \x00\x00\x07\x00\x01\x00\x02\x01\x01\x02\
\x01\x14\xed\x01\x01\x00\x80\x02\xe6\x00\x19\x81\x85\x80\x02\x00\
\x0c\x00t\x00\x00\x00t\x00\x01\x008\x0b\xf5\xfc\xfd\xfa\
\xfa\xfa\xf5\xe9\xdf\xe4\xe0\xe9\xe9\xe1\xea\xf3\xed\xda\xbe\xbe\
\xbe\xc6\xcf\xc2\xf0\x01\x0c\x0c\x0c\x0c\x0c\x0c\x0b\xe8\xdb\xd0\
\xd0\xd0\xdc\xec\xf0\xff\x05\x02\x02\xca\xca\xd2\xdf\xec\xea\xea\
\xd0\xd0\x00\xd8\x81\x805\x14\x0c\x07\x0a\x0d\x03\xfc\xfc\xfc\
\xfc\xfd\xfc243222\x1f\x0f\x04\xf9\xf0\x00\x02\
\x02\xfa\xf2\xf3\xec\xeb\xec\xe9\x12\x0b\xfb\xf0\xe5\xd6\xce\xce\
\xce\xe0\xf8\xff\xff\x03\x04\x03\x02\x06\xd6\xd6\x06\x83+\xf9\
\x17\x17\x13\x0f\x0f\x0f\x15\x1f',%!!!)0\
2BYYYOFO\x05\x00\xf9\xf4\xf4\xf4\xf4\xf5\
\xfc\x10'>>>)\x13\x11\x01\xfb\x81\x0aHH2\
\x16\x03\x1d\x1d;;\x009\x81\x805\xe5\xe5\xe9\xf1\xf7\
\xf2\xf8\x02\x02\x02\x01\x00\xc0\xc1\xc2\xc2\xc2\xc2\xd7\xef\xfc\
\x0a\x12\x00\xfc\xfc\x03\x0f\x17\x15\x16\x1a\x14\xfd\x03\x1b#\
2<>>>(\x0c\x02\x02\xfa\xf6\xf8\xfc\xf8..\
\xf8\x83\x00\x80\x02\x00\x0c\x00\x07\x00\x00\x00\x07\x00\x01\x00\
\x80\x02\xf5\x00\xed\x81\x85\x80\x02%\x00\x19\x81\x85\x00\x80\
\x02\x00\x0c\x00\x0a \x00\x00\x07\x00\x01\x00\x02\x01\x01\x02\
\x01\x02\xed\x01\x01\x00\x80\x02\xfa\x00\x19\x81\x85\x80\x02\x00\
\x0c\x00\x16\x00\x00\x00\x16\x00\x01\x00\x09\x14\x0e\xd6\xd2\x01\
\xef\xf5\xe4\x00\xe6\x81\x07\x1e\x01\x01\x1e\x1e..\x1e\x83\
\x09\xea\xe5UR\x06 \x1f:\x00<\x81\x07\x02\x15\x15\
\x02\x02\xd9\xd9\x02\x83\x00\x80\x02\x00\x0c\x00:\x00\x00\x00\
:\x00\x01\x00\x1b\xdb\xe0\xe9\xf0\xf2\xef\xed\xe3\xdf\x04\x06\
\xff\xf3\xef\xea\xe1\xda\xd9\xdb\xdd\xe6\xeb\xc6\xc4\xca\xd6\x00\
\xca\x81\x19\x18\x18\x16\x15\x13\x13\x13\x12\x12\x13\x07\xf4\xe9\
\xe9\xe9\xeb\xec\xee\xee\xee\xef\xef\xef\xfb\x0d\x18\x83\x1b%\
%\x1f\x19\x17\x1a\x1d!$\x00\xfe\x06\x14\x1b\x1b!'\
)&$\x1e\x1c@C:-\x00@\x81\x19\xe2\xe2\xe0\
\xdd\xdb\xdb\xdb\xd9\xdd\xdd\xfa\x16\x1e\x1e\x1e #%%\
%&##\x04\xe8\xe2\x83\x00\x80\x02\x00\x0c\x006\x00\
\x00\x006\x00\x01\x00\x19\x09\x01\x01\x09\xed\xdc\xdc\xed\xed\
\xf9\x09\x0d\xf1\x11\x16$\x0d\x09\xf9\xed%\x16\x11\xf2\x00\
\xfd\x81\x17\x12\x09\xf7\xee\x1e\x03\xfd\xe2\xfd\xfc\x05\x0f\xe0\
\xde\xe1\xfe\xf1\xfc\x05\x03\x02\x1f\x22 \x83\x19\xfd\xff\xff\
\xfd\x11\x1d\x1d\x11\x0d\x09\xf5\xf3\x09\xfb\xe5\xe2\xf3\xf5\x09\
\x0d\xe3\xe5\xfb\x0a\x00\x04\x81\x17\xf0\xf4\x0c\x10\xea\xf4\x0c\
\x16\x06\x06\xfa\xf6\x1b \x14\x05\x0a\x06\xfa\xfa\xfb\xec\xe0\
\xe5\x83\x00\x80\x02\x00\x0c\x00\xc0\x00\x00\x00\xbf\x00\x01\x00\
?\xfe\xfe\x05\x0e\x14\x14\x14\x12\x0e\x05\xfe\x00\xfc\xf4\xee\
\xee\xee\xf4\x00\x0a\x1a#\x22\x22\x22\x15\x14\x14\x13\x0f\x10\
\x13\x15\x15\x15\x15\x11\x0c\x0b\x0b\x0b\x0b\x0c  \xec\xec\
\xec\xf8\x08\x0c\x17\x22$$$ \x19\x0a\xfe\xfb\xf0\xe6\
\xde\x1d\xde\xde\xe5\xf2\xfe\xfc\xf2\xef\xef\xf2\xfe\xfe\x08\x17\
    \x17\x07\xfe\xf7\xe8\xdd\xdd\xdd\xe7\xf7\x00\xfa\
\x81?\x07\x07\x06\x05\x05\x05\x09\x08\x03\xfe\xfe\xfe\xfa\xf6\
\xf4\xf7\xf7\x01\x0c\x0c\x0c\x01\xff\x0c\x0b\x0b\x09\x08\x08\x08\
\x08\x07\x06\x04\xfe\xfd\xfa\xf8\xf8\xf8\xf9\xfa\xfb\xfb\xff\xff\
\x0a\xf3\xe0\xdc\xdc\xdc\xe2\xf0\xfb\x02\x14%000.\
&\x15\x1b\x05\xf4\xde\xd3\xd3\xd3\xd2\xd0\x05\x06\x07\xda\xda\
\xe1\xf3\x02\xf4\x04\x1b&&&\x1e\x0e\x01\xf4\xe3\xda\x83\
?\x02\xfe\xf6\xee\xea\xea\xea\xeb\xf1\xfa\x02\x07\x0d\x10\x12\
\x12\x12\x13\x0b\xfe\xf9\xef\xea\xea\xea\xef\xef\xf5\xf6\xef\xed\
\xe9\xe6\xe6\xe6\xe6\xe4\xe2\xe3\xe8\xe8\xe4\xe4\xf8\xf8((\
(\x1e\x11\x0d\x07\xf0\xde\xde\xde\xe3\xed\xfa\x02\x06\x10\x19\
\x1e\x1d\x1e\x1e\x19\x0c\x02\x03\x13\x16\x16\x14\x03\xff\xf6\xe1\
\xd4\xd4\xd4\xd4\xe3\xf7\xff\x0a\x1c&&&\x1a\x08\x00\x07\
\x81\x08\xfc\xfc\xfa\xf8\xfc\x01\x09\x0b\x06\x82?\xfe\xf9\xf3\
\xef\xf0\xf3\xf6\xf6\xf6\xf8\xff\x08\xfe\xfe\xfe\xf9\xf4\xf4\xf4\
\xf2\xf7\xfe\xfe\x06\x09\x08\x08\x08\x03\xfe\xfe\xfe\x02\x02\x12\
\x1c'***\x1b\x01\xef\xeb\xdf\xd5\xce\xce\xce\xdc\xf0\
\x00\x02\x09\x1e.../.\xfc\xfc\xfc*\x0f* \
\x0d\xfe\xf6\xe7\xd8\xd2\xd2\xd2\xdc\xf0\xfe\x0d!*\x83\x80\
\x02\x00\x0c\x00\x0a \x00\x00\x07\x00\x01\x00\x02\x01\x01\x02\
\x01\x08\xed\x01\x01\x00\x80\x02\xeb\x00\x19\x81\x85\x80\x02\x00\
\x0c\x00Z\x00\x00\x00Y\x00\x01\x00,\xf3\xe9\xe3\xe5\xe8\
\xde\xde\x10\x10\xd0\xd0\xde\xda\xd6\xdd\xeb\xee\xee\xea\xe7\xe7\
\xe7\xe7\xec\xf3\xf6\xfc\x0e!''' \x0d\xfc\xea\xd9\
\xd2\xd2\xd2\xd2\xd6\xe7\x00\xf1\x81\x05\x02\x02\x0f\x11\x02\x02\
\x83 \xe3\xf3\xe0\xe2\xf0\xf0\xf0\xed\xea\xec\xf1\xfd\x05\x09\
\x06\x02\xcc\xcc\xdf\xf5\xf7\xfd\x13&&&\x17\x05\x00\xf8\
\xf5\xdf\xcc\x83,0.034**\xe6\xe6<<\
65/-10,'%%%%(,0\x07\
\xf5\xdc\xcf\xcf\xcf\xdd\xf7\x07\x16/<<<<0\x18\
\x00\x13\x81\x81\x03\xfe\xfb\xfb\xfb\x83 \xeb\x0c\x06\x0a\x10\
\x10\x10\x12\x12\x0f\x0b\x05\x01\xfe\xfe\x00BB3\x1a\x08\
\xf7\xdc\xce\xce\xce\xdb\xf2\x02\x0e\x1e5B\x83\x80\x02\x00\
\x0c\x00\x09\x00\x00\x00\x09\x00\x01\x00\x05\xfb\x02\xc7\xc0\x00\
\xc2\x81\x87\x05\xf7\xfc]X\x00T\x81\x87\x00\x80\x02\x00\
\x0c\x00\x0d\x00\x00\x00\x0d\x00\x01\x00\x05\x1a\x1a\xe2\xe2\x00\
\xfc\x81\x81\x01\xff\xff\x83\x05\xe0\xe0\x22\x22\x00\x02\x81\x81\
\x01\x01\x01\x83\x00\x80\x02\x00\x0c\x00K\x00\x00\x00K\x00\
\x01\x00%\xe8\xf5\x09\x09\x09\x09\x09\x10\x10\x09\x09\x09\x09\
\x09\xf5\xe8\xe0\xe0\xe8\xda\xcd\xcd\xcd\xcd\xd7\xe4\xe4\xd7\xcd\
\xcd\xcd\xcd\xda\xe8\xe0\xe0\x00\xec\x81\x81\x0b\xee\xf0\x07\x10\
\x11\x11\xeb\xeb\xec\xf5\x10\x12\x82\x11000'\x10\xf7\
\xfd\x00\xfe\xfe\xfd\xff\x05\xf0\xd9\xd0\xd0\xd0\x84% \x0b\
\xf8\xf8\xf8\xf8\xf8\xee\xee\xf8\xf8\xf8\xf8\xf8\x0b $$\
 /HHHHC<<CHHHH/ \
$$\x00\x16\x81\x81\x0b\xfa\x0a\xe1\xe1\xdd\xdd##\x1f\
\x1f\xf6\x07\x82\x11\xb4\xb4\xb4\xd2\xf0\x0a\x01\x03\x04\xfc\xfe\
\xff\xf6\x10.LLL\x84\x00\x80\x02\x00\x0c\x00K\x00\
\x00\x00K\x00\x01\x00%\xea\xf6\x09\x09\x09\x09\x09\x10\x10\
\x09\x09\x09\x09\x09\xf6\xea\xe0\xe0\xea\xdb\xcd\xcd\xcd\xcd\xd7\
\xe4\xe4\xd7\xcd\xcd\xcd\xcd\xdb\xea\xe0\xe0\x00\xec\x81\x81\x0b\
\xf0\xf2\x07\x10\x11\x11\xeb\xeb\xec\xf5\x0e\x10\x82\x1100\
0$\x0c\xf7\xfd\x00\xfe\xfe\xfd\xff\x05\xf4\xdc\xd0\xd0\xd0\
\x84%\x22\x0c\xf8\xf8\xf8\xf8\xf8\xee\xee\xf8\xf8\xf8\xf8\xf8\
\x0c\x22$$\x220HHHHC<<CHH\
HH0\x22$$\x00\x16\x81\x81\x0b\xfc\x0c\xe1\xe1\xdd\
\xdd##\x1f\x1f\xf4\x05\x82\x11\xb4\xb4\xb4\xcf\xec\x0a\x01\
\x03\x04\xfc\xfe\xff\xf6\x141LLL\x84\x00\x80\x02\x00\
\x0c\x00\x06\x00\x00\x00\x06\x00\x01\x00\x02\xec\x00\xec\x81\x84\
\x02\x16\x00\x16\x81\x84\x00\x80\x02\x00\x0c\x00\x06\x00\x00\x00\
\x06\x00\x01\x00\x02\xec\x00\xec\x81\x84\x02\x16\x00\x16\x81\x84\
\x00\x80\x02\x00\x0c\x00\x0f\x00\x00\x00\x0f\x00\x01\x07\x06\x01\
\x02\x02\x02\x02\x02\x02\x06\x1a\xde\xee\xdc\xee\xdc\xec\x81\x00\
\xd0\x81\x010\x00\x06\xe022&2&\x16\x81\x00L\
\x81\x01\xb4\x00\x00\x80\x02\x00\x0c\x00\x0f\x00\x00\x00\x0f\x00\
\x01\x07\x06\x01\x02\x02\x02\x02\x02\x02\x06\x1a\xde\xee\xdc\xee\
\xdc\xec\x81\x00\xd0\x81\x010\x00\x06\xe022&2&\
\x16\x81\x00L\x81\x01\xb4\x00\x00\x80\x02\x00\x0c\x00\x06\x00\
\x00\x00\x06\x00\x01\x00\x02\xec\x00\xec\x81\x84\x02\x16\x00\x16\
\x81\x84\x00\x80\x02\x00\x0c\x00\x06\x00\x00\x00\x06\x00\x01\x00\
\x02\xec\x00\xec\x81\x84\x02\x16\x00\x16\x81\x84\x00\x80\x02\x00\
\x0c\x00\x1c \x00\x00\x1e\x00\x01\x00\x08\x07\x00\x02\x02\x01\
\x01\x02\x02\x02\x07\xe7\x00\xdc\xdd\xdd\xf2\xf0\xd0\x07\x02\xf8\
\xf2\xe7\xdc\xdc\xf2\xf8\x0d(\x19\x02\x02FD5(\x1b\
\x0d\x0aNN7\x83\x81\x0a\xff\x0e\x0e\x1d@@@\x1d\
\x0e\x0e\xff\x84\x00\x80\x02\x00\x0c\x00$\x00\x00\x00$\x00\
\x01\x00\x02\xe7\xf0\xfb\x81\x0a\xd8\xdb\xe1\xe7\xec\xee\xf0\xce\
\xcd\xd3\xde\x83\x0f\x0c\x0c\x04\xf9\xf4\xf4\xea\xe6\xe6\xe6\xea\
\xf4\xf4\xf9\x04\x0c\x83\x0f#\x1c\x0b\xff\x00>>3#\
\x12\x05\x04DD:*\x83\x0f\xf6\xf6\xf8\x03\x10\x10\x17\
000\x17\x10\x10\x03\xf8\xf6\x83\x00\x80\x02\x00\x0c\x00\
\x0b\x00\x00\x00\x0b\x00\x01\x05\x04\x01\x02\x02\x02\x02\x04\x1a\
\xe2\x1a\xe2\xfc\x80\x01\x17\xe1\x81\x04\xe0\x22\xe0\x22\x02\x80\
\x01\xe1)\x81\x00\x80\x02\x00\x0c\x00\x08\x00\x00\x00\x08\x00\
\x01\x03\x02\x01\x02\x02\x02\x10\xee\xfe\x02\xed\x11\x00\x02\xee\
\x16\x04\x02\x14\xee\x00\x00\x80\x02\x00\x0c\x00N\x00\x00\x00\
N\x00\x01\x00%\xfc\x02\x08\x09\x0a\x0a\x0a\x0a\x09\x06\x02\
\xfe\xf9\xed\xea\xf0,(\x11\xfe\xec\xd5\xca\xca\xca\xd6\xec\
\xfc\x08\x1e-.\xf2\xed\xee\xf6\x00\xfa\x81\x02\x02\x02\x01\
\x81\x1e\x02\xf6\xf6\xf5\xf3\xf0\xf0\xf0\xf6\x01\x07\x07\x16(\
((\x19\x04\xfc\xf3\xdc\xca\xca\xca\xd4\xe5\xec\xec\xf4\xfe\
\x02\x83%\xfd\xfa\xf5\xf0\xee\xee\xee\xee\xf2\xf7\xfd\xff\x08\
\x11\x15\x15\xbf\xc3\xe6\xff\x154DDD1\x11\xfd\xec\
\xd0\xbe\xbd\x13\x12\x0e\x05\x00\x07\x81#\xfe\xfe\xfd\xfc\x00\
\x06\x08\x0f\x15\x16\x14\x14\x14\x0a\xfc\xf6\xf6\xe5\xd0\xd0\xd0\
\xe0\xfa\x07\x150BBB6%\x1c\x1c\x15\x07\xfe\x83\
\x00\x80\x02\x00\x0c\x00\x07\x00\x00\x00\x07\x00\x01\x00\x80\x02\
\x16\x00\xfa\x81\x85\x80\x02\xd7\x00\x07\x81\x85\x00\x80\x02\x00\
\x0c\x00\x13\x00\x00\x00\x13\x00\x01\x00\x07\xfa\x00\xd1\xdb\xdb\
\xee\xc3\xc0\x83\x80\x05\xf2\xf2\xe6\xe6\xf2\xf2\x84\x07\xf7\x00\
K17$oq\x83\x80\x05\x0e\x0e$$\x0e\x0e\x84\
\x00\x80\x02\x00\x0c\x00\x0c\x00\x00\x00\x0c\x00\x01\x00\x03\x0c\
\x0c\xde\xe8\x83\x03\x06\xf4\xf4\x06\x83\x03\xe4\xe42,\x83\
\x03\x04\x1c\x1c\x04\x83\x00\x80\x02\x00\x0c\x00\x14\x00\x00\x00\
\x14\x00\x01\x00\x07\xe7\x00\xc9\xc6\xca\xd1\x9b\xaa\x83\x07\x0e\
\xf4\xf4\xf4\xf4\xf4\xf4\x0e\x83\x07\x01\x00M46%p\
g\x83\x07\xfc\x10\x10\x22\x22\x10\x10\xfc\x83\x00\x80\x02\x00\
\x0c\x00\x07\x00\x00\x00\x07\x00\x01\x00\x80\x02\x22\x00\xfa\x81\
\x85\x80\x02\xc4\x00\x07\x81\x85\x00\x80\x02\x00\x0c\x00\x07\x00\
\x00\x00\x07\x00\x01\x00\x80\x02\x01\x00\xfa\x81\x85\x80\x02\x03\
\x00\x07\x81\x85\x00\x80\x02\x00\x0c\x00\x07\x00\x00\x00\x07\x00\
\x01\x00\x80\x02\x1f\x00\xfa\x81\x85\x80\x02\xcf\x00\x07\x81\x85\
\x00\x80\x02\x00\x0c\x00\x07\x00\x00\x00\x07\x00\x01\x00\x80\x02\
\x18\x00\xfa\x81\x85\x80\x02\xe1\x00\x07\x81\x85\x00\x80\x02\x00\
\x0c\x00\x02\x00\x00\x00\x02\x00\x01\x00\x84\x84\x84\x84\x00\x80\
\x02\x00\x0c\x005\x00\x00\x006\x00\x01\x00\x18\x08\x08\x09\
\x09\x09\x0a\x09\x08\x0b\x10\x10\x10\x0a\x04\x10\x10\xf0\xf0\x0e\
\x09\xff\xea\xea\xea\xfb\x83\x0e\x14\x14\x13\x13\xef\xef\xf0\xf0\
\xf0\xf4\xff\x05\x0e\x0e\x0e\x82\x06\xee\xee\xee\xf1\xfd\x03\x14\
\x83\x18\xff\xf9\xed\xee\xee\xee\xf1\xf6\xf1\xee\xee\xee\xf6\xfe\
\xeb\xeb\x1f\x1f\x0a\x07\x16   \x12\x83\x18\xda\xda\xde\
\xde\x0c\x0b\x08\x08\x08\x00\xfc\xf5\xec\xec\xec\x04\x04\xfe\x06\
\x06\x06\xff\xf5\xe9\xda\x83\x80\x02\x00\x0c\x004\x00\x00\x00\
4\x00\x01\x00\x01\x01\xfe\x83\x12\xff\x01\x03\x09\x09\x09\x03\
\xfe\x0c\x0c\xe6\xe6\x07\x02\xf5\xe1\xe1\xe1\xf2\x83\x0e\x10\x10\
\x10\x10\xe8\xe8\xe8\xe8\xe8\xed\xfa\x03\x0e\x0e\x0e\x81\x07\xfc\
\xea\xea\xea\xee\xf8\xfc\x10\x83\x01\x12\x0a\x83\x12\x01\x09\x04\
\xfe\xfe\xfe\x09\x10\xfe\xfe22\x1b\x18&000#\
\x83\x18\xda\xda\xdc\xdd\x0b\x0a\x08\x08\x08\xff\xfc\xf7\xee\xee\
\xee\x04\x04\xfe\x06\x06\x06\x00\xf5\xe9\xda\x83\x00\x80\x02\x00\
\x0c\x00\x5c\x00\x00\x00Z\x00\x01\x00,\x05\x0d\x14\x15\x14\
\x14\x14\x14\x14\x12\x0a\x03\xfd\xf1\xed\xf2.&\x14\x03\xf2\
\xdf\xd6\xd6\xd6\xe1\xf6\x05\x15*2\xf6\xf1\xf5\xff!!\
\xe9\xe9!!\xe9\xe9\x00\x04\x81'\x04\x04\x02\x00\xff\x02\
\xfa\xfb\xf9\xf6\xf4\xf4\xf4\xf8\x03\x10\x10\x19(((\x19\
\x05\xfe\xf5\xe0\xd0\xd0\xd0\xe1\xf0\xf0\xf9\x02\x04\x00\xe4\xe4\
\x00\x1c\x81\x00\x1c\x83,\xfb\xfd\xfa\xf4\xee\xee\xee\xee\xf3\
\xfa\xfd\xfb\x07\x12\x12\x0e\xbe\xc1\xe3\xfa\x121@@@\
/\x11\xfa\xe2\xbd\xbc\x0c\x0e\x11\x09\xe0\xe0\x1c\x1c\xe0\xe0\
\x1c\x1c\x00\xfe\x81\x22\xf1\xf1\xee\xec\xf1\xf9\xf9\x02\x09\x08\
\x05\x05\x05\xf9\xe7\xe0\xe0\xd1\xc1\xc1\xc1\xd1\xea\xf9\x08$\
555!\x18\x18\x0f\xfd\xf1\x83\x03\xf6\xf6\xf6\xf6\x83\
\x00\x80\x02\x00\x0c\x00Z\x00\x00\x00X\x00\x01\x00*\xfc\
\x05\x0d\x0e\x0d\x0d\x0d\x0d\x0d\x0a\x02\xfa\xf3\xe7\xe2\xe7#\
\x1b\x0a\xfa\xea\xd7\xcf\xcf\xcf\xd9\xee\xfc\x0b\x1f'\xeb\xe6\
\xea\xf5\x18\x18\xe0\xe0\x18\x18\xe0\xe0\x83'\x04\x04\x02\x00\
\xff\x02\xfa\xfb\xf9\xf6\xf4\xf4\xf4\xf8\x03\x10\x10\x19((\
(\x19\x05\xfe\xf5\xe0\xd0\xd0\xd0\xe1\xf0\xf0\xf9\x02\x04\x00\
\xe4\xe4\x00\x1c\x81\x00\x1c\x83*\xfc\xfe\xfb\xf5\xef\xef\xef\
\xef\xf4\xfb\xfe\xfc\x08\x13\x13\x0f\xbf\xc2\xe4\xfb\x132A\
AA0\x12\xfb\xe3\xbe\xbd\x0d\x0f\x12\x0a\xe1\xe1\x1d\x1d\
\xe1\xe1\x1d\x1d\x83\x22\xf1\xf1\xee\xec\xf1\xf9\xf9\x02\x09\x08\
\x05\x05\x05\xf9\xe7\xe0\xe0\xd1\xc1\xc1\xc1\xd1\xea\xf9\x08$\
555!\x18\x18\x0f\xfd\xf1\x83\x03\xf6\xf6\xf6\xf6\x83\
\x00\x80\x02\x00\x0c\x00\x02\x00\x00\x00\x02\x00\x01\x00\x84\x84\
\x84\x84\x00\x80\x02\x00\x0c\x00\x13\x00\x00\x00\x13\x00\x01\x00\
\x80\x06\xfc\xc1\xc0\xef\xdf\xdf\xd2\x83\x80\x01\xf2\xf2\x81\x01\
\x0c\x0c\x84\x80\x06\xf7kf\x1a2,H\x83\x80\x01\x0e\
\x0e\x81\x01\xea\xea\x84\x00\x80\x02\x00\x0c\x00\x14\x00\x00\x00\
\x14\x00\x01\x00\x80\x06\xef\xae\x9b\xd2\xd1\xcd\xca\x83\x07\x0e\
\xf4\xf4\x0e\x0e\x0e\x0e\x0e\x83\x80\x06\x02df\x1931\
K\x83\x07\xfc\x10\x10\xfc\xfc\xea\xea\xfc\x83\x00\x80\x02\x00\
\x0c\x00\x08\x00\x00\x00\x08\x00\x01\x00\x82\x00\xf4\x81\x80\x00\
\x14\x83\x82\x00\x0e\x81\x80\x00\xce\x83\x00\x80\x02\x00\x0c\x00\
\x0e\x00\x00\x00\x0e\x00\x01\x00\x05\xea\x1c\x0a\xd8\x00\xf4\x81\
\x03\x0b\xf8\xc4\xd8\x83\x05$\xe6\xf7B\x00\x0e\x81\x03\xed\
\x06F,\x83\x00\x80\x02\x00\x0c\x00\x04\x00\x00\x00\x04\x00\
\x01\x00\x00\xd6\x83\x84\x009\x83\x84\x00\x80\x02\x00\x0c\x00\
3\x00\x00\x004\x00\x01\x00\x81\x15\xff\xfc\xf8\xf8\xf8\xe4\
\xe8\xef\xf2\xf9\x08\x08\x08\xf9\xf5\xec\xdc\xdc\xdc\xdc\xf2\x01\
\x83\x17\x1c\x04\x04\x04\x05\x15\x1a!\x1f\x1d\x1d\x1d\x16\x0c\
\xff\xf8\xf8\xf8\x07\x13\x15\x12\x1c\x1c\x83\x17\x09\x09!\x1f\
\x11\x11\x11\x10\x11\x0c\x08\x02\xfe\xfe\xfe\x10\x1d/99\
99-!\x83\x17\xe2\x0a\x0a\x0a\xf7\xeb\xeb\xef\xeb\xe6\
\xe6\xe6\xef\xf4\x00\x06\x06\x06\xf6\xf0\xf0\xe6\xe2\xe2\x83\x80\
\x02\x00\x0c\x002\x00\x00\x002\x00\x01\x00\x01\xe9\xf2\x83\
\x11\xf1\xdf\xdc\xdc\xe1\xe6\xe7\xe6\xe5\xf1\xef\xe7\xe6\xe1\xd6\
\xd6\xd6\xe4\x83\x17\x06\x06\xfa\xf2\xf0\xf5\xee\xee\xee\x04\x04\
\x04\x01\xec\xe4\xe4\xe5\xe7\xe7\xe7\xeb\xf5\x01\x06\x83\x01\x1d\
\x0c\x83\x11\x14\x1c11\x1c!+*)\x22#&,\
5;;;(\x83\x17\xf8\xf8\x07\x0d\x0d\x18$$$\
\xfa\xfa\xfa\x05\x0e\x13\x16\x1a\x1e\x1e\x1e\x12\x0d\x01\xf8\x83\
\x00\x80\x02\x00\x0c\x00\x90\x00\x00\x00s \x01\x00?\x05\
\x10\x15\x11\x0c\x0c\x0c\x0c\x10\x13\x0e\x05\xfc\xf7\xfa\xfe\xfe\
\xfe\xfe\xf9\xf5\xfb\x05\x10\x19\x1c\x1c\x1c\x19\x10\x05\xfa\xf1\
\xee\xee\xee\xf1\xfa\x04\x0f\x14\x10\x10\x10\x10\x11\x0d\x04\xfd\
\xf3\xf5\x15\x15\x0d\x04\xfb\xea\xea\xea\xf2\xfd\x04\x0a\x14\x05\
\x14\xf4\xf1\xfb\x00\x0a\x81?\x10\x10\x07\xfe\xff\x0a\x02\x0b\
\x0c\x05\xfe\xfe\xfe\x05\x0c\x0b\x02\x0a\xff\xfe\x07\x10\xf6\xf6\
\xf8\x00\x07\x0c\x14\x18\x18\x18\x14\x0c\x07\x00\xf8\xf6\x0e\x0e\
\x09\x07\x0c\x09\x0e\x09\x02\x02\x02\x07\x0c\x0c\x15!!!\
\x16\x0a\x03\xf6\xee\xee\xee\xf6\x03\xfb\xfb\x06\x0e\x83%$\
\x01\x07\x02\x01\x08\x02\x02\x04\x02\x02\x04\x02\x01\x01\x01\x01\
\x01\x01\x01\x01\x01\x01\x01\x01\x02\x01\x01\x03\x02\x01\x03\x01\
\x01\x01\x01\x01\x02$\xf9\xf6\xf8\xfa\xfe\xfc\xfc\xfe\xfc\xf8\
\xf6\xf8\xf5\xf4\xea\xe0\xe0\xe0\xe0\xe8\xf3\xf5\x05\x13\xd7\xd9\
\xeb\x1a\x1a\x13\xeb\xd7\xd6\x13\x12\x05\xf4$\xf6\xf6\xf6\xf6\
\xf6\xf6\xf6\xf6\xf6\xf6\xf6\xf6\xef\xef\xe9\xea\xf4\xf4\xfe\x00\
\xfd\xfd\xfd\xee\xe7\xdc\xd3\xea\xfb\x0c\x19\x0d\x06\x06\xfe\xef\
\x00\x80\x02\x00\x0c\x00j\x00\x00\x00j\x00\x01\x003\xf3\
\x00\x08\x07\x07\x07\x07\x08\x00\xf3\xe5\xde\xdf\xdf\xdf\xdf\xde\
\xe5\xf7\x1e\x18\xf1\x18\x1e\xf7\xf1\xf3\xfb\x0c\x17\x17\x17\x0d\
\xfc\xf3\xea\xd9\xcf\xcf\xcf\xda\xeb\xef\xf5\xce\xc8\xce\xf5\xef\
\xc8\x00\xe6\x811\x0e\x0e\x07\x02\x06\x00\x05\x00\xf8\xf8\xf8\
\x00\x05\x00\x06\x02\x07\x0e \xf9\xf0\x17\x16\x0d\xe6\xef\xda\
\xda\xe7\xfa\x03\x0c\x1f,,,\x1f\x0c\x03\xfa\xe7\xda \
\x17\xf0\xf9\x16\xef\xe6\x0d\x833\x0b\x0c\x01\xf5\xf5\xf5\xf5\
\x01\x0c\x0b\x09\x15!!!!\x15\x09\x1e\xf2\xfc(\xfc\
\xf2\x1e(\x0b\xfd\xe8\xdd\xdd\xdd\xe8\xfd\x0b\x19.99\
9.\x19\xf8\xee\x1a$\x1a\xee\xf8$\x00\x16\x811\xf2\
\xf2\xf1\xf5\xfc\xfc\x03\x07\x06\x06\x06\x07\x03\xfc\xfc\xf5\xf1\
\xf2\xdb\x09\x13\xe5\xe3\xed\x1b\x11**\x1d\x08\xfc\xf0\xdb\
\xce\xce\xce\xdb\xf0\xfc\x08\x1d*\xdb\xe5\x13\x09\xe3\x11\x1b\
\xed\x83\x00\x80\x02\x00\x0c\x00h\x00\x00\x00h\x00\x01\x00\
\x800\x08\x09\x05\x05\x05\x05\x09\x08\x00\xf7\xf7\xfb\xfb\xfb\
\xfb\xf7\xf7\xf5\x1c\x16\xef\x16\x1c\xf5\xef\x00\x0d%33\
3&\x0e\x00\xf2\xda\xcd\xcd\xcd\xdb\xf3\x0b\x11\xea\xe4\xea\
\x11\x0b\xe4\x831\x0c\x0c\x06\x02\x06\x00\x05\x01\xfa\xfa\xfa\
\x01\x05\x00\x06\x02\x06\x0c \xf9\xf0\x17\x16\x0d\xe6\xef\xd8\
\xd8\xe5\xf9\x03\x0d ... \x0d\x03\xf9\xe5\xd8 \
\x17\xf0\xf9\x16\xef\xe6\x0d\x83\x800\xfd\xf0\xe4\xe4\xe4\xe4\
\xf0\xfd\x00\x02\x10\x1c\x1c\x1c\x1c\x10\x02\x0c\xe0\xea\x16\xea\
\xe0\x0c\x16\x00\xf6\xe4\xd8\xd8\xd8\xe4\xf6\x00\x0a\x1c((\
(\x1c\x0a\xf4\xea\x16 \x16\xea\xf4 \x831\xf0\xf0\xef\
\xf4\xfc\xfc\x04\x09\x08\x08\x08\x09\x04\xfc\xfc\xf4\xef\xf0\xdb\
\x09\x13\xe5\xe3\xed\x1b\x11((\x1c\x08\xfc\xf0\xdc\xd0\xd0\
\xd0\xdc\xf0\xfc\x08\x1c(\xdb\xe5\x13\x09\xe3\x11\x1b\xed\x83\
\x00\x80\x02\x00\x0c\x00Z\x00\x00\x00X\x00\x01\x00,\xfe\
\xfb\xfd\x04\x0a\x0a\x0a\x0a\x04\xfe\xfd\x01\x11\x18\x11\x0d!\
!\xe1\xe1\x13\x13\x07\x0b\x14\x0e\xf3\x04\x18\x1f\x1f\x1f\x1f\
\x1a\x08\xf4\xe1\xd0\xca\xca\xca\xd0\xe1\x00\xf1\x81\x10\x02\x02\
\x06\x08\x05\xff\xf3\xeb\xe7\xeb\xf0\xf0\xf0\xdc\xd8\xee\xe7\x83\
\x15\xfa\xfa\x12\x12\x02\xcc\xcc\xda\xea\xf0\xf8\xfb\x12&&\
&\x11\xfa\xf9\xf4\xdf\xcc\x83,\xea\xe9\xea\xec\xee\xee\xee\
\xee\xeb\xe8\xe7\xe7\xed\xe8\xdb\xd9\xd7\xd7--\xe9\xe9\xe1\
\xe3\xef\xf3\x0e\xfe\xe5\xd7\xd7\xd7\xd7\xe5\xff\x0f 8D\
DD7\x1e\x00\x13\x81\x82\x0d\xff\x01\x03\x09\x0c\x0f\x10\
\x10\x10\x10\x08\x04\x0a\xe9\x83\x15\xf3\xf3\x04\x08\x00BB\
4\x1b\x0c\x00\xf1\xda\xce\xce\xce\xdb\xf4\x06\x184B\x83\
\x00\x80\x02\x00\x0c\x00\x10\x00\x00\x00\x10\x00\x01\x07\x06\x01\
\x02\x02\x02\x02\x02\x02\x06\x05\xcd\x0c\xc6\x05\xcd\xd2\x06\x13\
\x00\xf2\x22\x00\x0a\x00\x06\xf2F\xf4D\xf2F8\x06\xe6\
\x00\x0c\xce\x00\x0c\x00\x00\x80\x02\x00\x0c\x00\x18\x00\x00\x00\
\x18\x00\x01\x0b\x0a\x01\x02\x02\x02\x02\x02\x02\x02\x02\x02\x02\
\x0a\x0c\xc6\x05\xcd\x0c\xc6\x08\xca\x05\xcd\xd2\x0a\xf2\x22\xec\
\xf6\xd4\x04\x16\xe0\x00\x0a\x00\x0a\xf4D\xf2F\xf4D\xf2\
F\xf2F8\x0a\x0c\xce\xf4\x002\xf4\xe0 \x00\x0c\x00\
\x00\x80\x02\x00\x0c\x00\x06\x00\x00\x00\x06\x00\x01\x02\x01\x01\
\x02\x01\xe3\xf1\x01\x0e\x00\x01\x1d\x13\x01\xee\x00\x80\x02\x00\
\x0c\x00\x06\x00\x00\x00\x06\x00\x01\x02\x01\x01\x02\x01\xf7\xf1\
\x01\xfc\x00\x01\x11\x13\x01\xfa\x00\x80\x02\x00\x0c\x00=\x00\
\x00\x007 \x01\x00\x1d\xe3\xef\xff\x06\x06\x06\xff\xef\xe3\
\xd6\xc7\xc0\xc0\xc0\xc7\xd6\xe3\xe3\xe9\xe9\xe9\xe3\xe3\xe4\xdd\
\xdd\xdd\xe4\x00\xc6\x81\x06??4%\x1f\x1a\x0b\x82\x11\
\x0b\x1a\x1f%4?\x1a\x1a\x19\x1f&%%%&\x1f\
\x19\x1a\x83\x11\x10\x01\x01\x01\x02\x01\x03\x01\x01\x02\x01\x02\
\x02\x02\x02\x02\x02\x03\x10\x16\x01\xf6\xf6\x012GRR\
G$\x14\x14$44H\x10\xa6\xb2\xc6\xe0\xf4\x00\xf4\
\xe0\xc6\xb2\xe4\xd8\xcf\xc2\xcf\xd8\x00\x00\x80\x02\x00\x0c\x00\
\x02\x00\x00\x00\x02\x00\x01\x00\x84\x84\x84\x84\x00\x80\x02\x00\
\x0c\x00\x05\x00\x00\x00\x05\x00\x01\x00\x80\x00\xf6\x83\x85\x80\
\x00\x14\x83\x85\x00\x80\x02\x00\x0c\x00\x05\x00\x00\x00\x05\x00\
\x01\x00\x80\x00\xfa\x83\x85\x80\x00\x10\x83\x85\x00\x80\x02\x00\
\x0c\x00\x10\x00\x00\x00\x10\x00\x01\x07\x06\x01\x02\x02\x02\x02\
\x02\x02\x06\x14\xe6\x17\xe3\x17\xe3\xfa\x06\xe9\x19\xf1'\xdb\
\x11\x00\x06\xea\x1e\xe6\x22\xe6\x22\x08\x06$\xdc\x08\xda&\
\xf8\x00\x00\x80\x02\x00\x0c\x00\x0e\x00\x00\x00\x0e\x00\x01\x06\
\x05\x01\x02\x02\x02\x02\x02\x05\x1a\xe6\x1a\xe6\x1a\xe6\x05\xe9\
\x19\xf1'\xdb\x11\x05\xe3\x1d\xe2\x1e\xe2\x1e\x05$\xdc\x08\
\xda&\xf8\x80\x02\x00\x0c\x00\x0e\x00\x00\x00\x0e\x00\x01\x00\
\x05\x0a\xe1\xb1\xda\x00\xbb\x81\x03\xf6\xf5\xf5\xf6\x83\x05\xef\
\xf3GC\x003\x81\x03\xf8\x0f\x0f\xf8\x83\x00\x80\x02\x00\
\x0c\x00r\x00\x00\x00k\x00\x01\x008\x08\x03\x07\x0e\x0e\
\xd4\xd4\xe4\xfd\x08\x1c222#\x0d\x0d\x16$$$\
\x16\x07\x07\x0a\x02\xf7\xf711(\x15\x07\xf6\xe9\xe8\xe8\
\xe8\xfe\x0a\x0a\x08\xf6\xf6\xf6\x01\x0a##\xeb\xeb##\
\xeb\xeb\x00\x08\x81.\x02\x02\x01\xfa\xf1\xf1\xda\xcd\xce\xce\
\xce\xd9\xf2\x04!##\x22\x19\x0c\x00\xfc\xfe\xfe\xfe\xfa\
\x02\x11\x11\x1d,222'\x17\x0c\xf4\xec\xeb\xeb\xeb\
\xe6\xf2\xf9\x00\x02\x83\x00\x1b\x81\x00\x1b\x838\x04\xf4\xe6\
\xe2\xe2..+\x1a\x04\xe6\xd4\xd4\xd4\xe9\xf1\x05\xf7\xe7\
\xe7\xe7\xe8\xef\xf7\x06\x12\x14\x14\xc8\xc8\xce\xe2\xf7\x09#\
111\x1c\x0d\xf9\x0a\x1e\x1e\x1e\x1c\x10\xdf\xdf\x1b\x1b\
\xdf\xdf\x1b\x1b\x00\xfe\x81\x15\xfa\xfa\xfa\xfa\xfb\xfb\x02\x1e\
666\x11\x05\xf4\xdb\xda\xd8\xd9\xe8\xf4\xfc\x01\x82\x15\
\xfe\xfd\xfb\xfb\xf1\xd7\xc4\xc4\xc4\xd2\xe9\xf4\x04\x16\x17\x19\
\x19\x13\x05\xfc\xf8\xfa\x8b\x80\x02\x00\x0c\x00p\x00\x00\x00\
j\x00\x01\x006\xf6\xf3\xf9\x01\x01\xc7\xc7\xd7\xed\xf6\x07\
\x1c\x1c\x1c\x0f\xf7\xff\x08\x16\x16\x16\x07\xf7\xf5\xf6\xec\xe1\
\xe1\x1b\x1b\x12\x01\xf5\xe6\xdb\xda\xda\xda\xef\xfc\xf4\xf4\xe0\
\xe0\xe0\xeb\xf6\x11\x11\xd9\xd9\x11\x11\xd9\xd9\x83.\x01\x01\
\x00\xfa\xf1\xf1\xda\xcc\xcd\xcd\xcd\xd9\xf2\x04 ##$\
\x1b\x0c\x00\xfc\xff\xff\xff\xfb\x02\x11\x11\x1e-333\
(\x17\x0c\xf6\xee\xeb\xeb\xeb\xe5\xf2\xf9\x00\x01\x83\x00\x1b\
\x81\x00\x1b\x836\xfe\xee\xe1\xe0\xe0,,(\x15\xfe\xdf\
\xcb\xcb\xcb\xe2\xeb\xff\xf1\xe4\xe4\xe4\xe3\xe9\xf1\x00\x0a\x0b\
\x0b\xbf\xbf\xc6\xdb\xf1\x04\x1f...\x17\x07\xf3\x05\x15\
\x15\x15\x14\x0b\xd9\xd9\x15\x15\xd9\xd9\x15\x15\x83.\xf8\xf8\
\xf8\xfa\xfb\xfb\x02\x1d444\x12\x05\xf4\xdc\xda\xd8\xda\
\xe7\xf2\xfa\xfe\xfe\xfe\xfe\xfe\xfc\xfb\xfb\xf1\xd6\xc2\xc2\xc2\
\xd0\xe7\xf2\x03\x16\x17\x19\x19\x12\x05\xfd\xf8\xf8\x8b\x00\x80\
\x02\x00\x0c\x00\x1a \x00\x00\x1b\x00\x01\x00\x08\x07\x02\x01\
\x01\x03\x01\x01\x01\x01\x82\x04\xd8\xcc\xcc\xcc\xd8\x07\xfb\xf1\
\xe5\xd8\xe5\xf1\xfb\x0a\x01\x1e\x0c\x82\x06\x0c\x1e/<<\
</\x83\x0b\xee\xee\x01\x0f\x1c000\x1c\x0f\x01\xee\
\x83\x80\x02\x00\x0c\x00\x1b\x00\x00\x00\x16 \x01\x00\x01\xe3\
\xf2\x82\x06\xf2\xe3\xd4\xc6\xc6\xc6\xd4\x83\x0b\x14\x14\x05\xfa\
\xef\xe0\xe0\xe0\xef\xfa\x05\x14\x83\x06\x05\x01\x03\x01\x02\x03\
\x01\x05\x0d\x00\x0d1>1\x05\xea\x14$$\xfa\xea\x80\
\x02\x00\x0c\x00V\x00\x00\x00V\x00\x01\x00)\xfd\x02\x08\
\x0a\x0a\x0a\x0a\x0a\x0a\x09\x03\xfd\xf2\xec\xee\xee\xee\xf1\xf1\
#,,\x1e\x08\xfd\xee\xd8\xcc\xcc\xcc\xd8\xed\xfd\x10%\
)\xef\xf0\xf6\xfd\x00\xf6\x81\x01\x02\x02\x81#\x01\x02\xf6\
\xf5\xf3\xf2\xf0\xf0\xf0\xf5\xfc\x01\x0c\x0c\xe2\xe2\xff\x05\x18\
&&&\x16\x02\xfc\xf3\xdd\xcc\xcc\xcc\xe1\xf3\xf3\xfb\x02\
\x02\x83)\x06\x06\x00\xf6\xee\xee\xee\xee\xf6\xff\x06\x06\x08\
\x13\x1e\x1e\x1e\x10\x10\xfb\xd2\xd2\xdd\xf4\x06\x1b1::\
:/\x17\x06\xed\xcf\xd1\x1d\x1c\x17\x0e\x00\x10\x81'\xfe\
\xfe\xfe\x01\x05\x08\x0a\x0e\x13\x14\x14\x14\x14\x0f\x02\xf8\xe9\
\xe9\x03\x03\xfe\xf4\xe2\xd6\xd6\xd6\xe9\x00\x08\x13+<<\
<\x1e\x0f\x0f\x0e\x06\xfe\x83\x00\x80\x02\x00\x0c\x00\x07\x00\
\x00\x00\x07\x00\x01\x00\x80\x02\x15\x00\xf6\x81\x85\x80\x02\xde\
\x00\x10\x81\x85\x00\x80\x02\x00\x0c\x00\x07\x00\x00\x00\x07\x00\
\x01\x00\x80\x02\x15\x00\xf6\x81\x85\x80\x02\xde\x00\x10\x81\x85\
\x00\x80\x02\x00\x0c\x00\x07\x00\x00\x00\x07\x00\x01\x00\x80\x02\
!\x00\xf6\x81\x85\x80\x02\xcb\x00\x10\x81\x85\x00\x80\x02\x00\
\x0c\x00\x07\x00\x00\x00\x07\x00\x01\x00\x80\x02\x1e\x00\xf6\x81\
\x85\x80\x02\xd6\x00\x10\x81\x85\x00\x80\x02\x00\x0c\x00\x07\x00\
\x00\x00\x07\x00\x01\x00\x80\x02\x1c\x00\xf6\x81\x85\x80\x02\xde\
\x00\x10\x81\x85\x00\x80\x02\x00\x0c\x00\x07\x00\x00\x00\x07\x00\
\x01\x00\x80\x02\x17\x00\xf6\x81\x85\x80\x02\xe8\x00\x10\x81\x85\
\x00\x80\x02\x00\x0c\x00\x07\x00\x00\x00\x07\x00\x01\x00\x80\x02\
\x1e\x00\xf6\x81\x85\x80\x02\xcd\x00\x10\x81\x85\x00\x80\x02\x00\
\x0c\x00\x7f\x00\x00\x00\x82\x00\x01\x00?\xf5\xf4\xfe\x0a\x0a\
\x0a\x17###\x22\x17\x0d\x0d\x0d\x00\xf4\xf5\xf6\xe9\xdd\
\xdd\xdd\xd2\xc8\xc7\xc7\xc7\xd3\xdf\xdf\xdf\xeb\xf6\xf5\x04\x15\
\x1d\x1d\x1d\x14\x02\xf5\xe7\xd5\xcc\xcc\xcc\xd5\xe7\xf5\x05\x1b\
\x1b\x1b\x09\xf5\xe1\xcf\xcf\xcf\xe4\x00\xe9\x81\x0e\x02\x02\x05\
\x01\xf7\x01\x0c\x0a\x02\x02\xff\xfc\x03\x0e\x05\x84)\x05\x0e\
\x03\xfc\xff\x02\x02\x0a\x0d\x02\xf7\x01\x05\x02\xce\xce\xdc\xee\
\xf3\xfa\x0d\x1b\x1b\x1b\x0d\xfa\xf3\xee\xdc\xce\xeb\xeb\x04\x10\
\x19444\x1a\x10\x04\xeb\x83?\x14\x07\xf9\xf4\xf4\xf4\
\xef\xe8\xe7\xe7\xe9\xed\xf1\xf1\xf1\xf6\x06\x14\x22177\
7:?AA?9444/!\x14\x01\xe9\xde\
\xde\xde\xe9\x00\x14(?JJJ?(\x14\xff\xe1\xe1\
\xe1\x00\x14(GGG)\x00(\x81=\xfc\xfc\xf7\xf7\
\xfe\x01\x01\xff\xfe\x02\x01\xfd\xfd\x00\x06\x07\x04\x04\x04\x07\
\x06\x00\xfd\xfd\x01\x02\xfe\xff\x02\x02\xfe\xf7\xf7\xfcBB\
4\x1e\x12\x06\xf0\xe2\xe2\xe2\xf0\x06\x12\x1e4B\x1e\x1e\
\x09\xee\xd3\xbe\xbe\xbe\xd3\xee\x09\x1e\x83\x80\x02\x00\x0c\x00\
\x05\x00\x00\x00\x05\x00\x01\x00\x81\x00\xe4\x81\x84\x81\x00\x06\
\x81\x84\x00\x80\x02\x00\x0c\x00n\x00\x00\x00n\x00\x01\x00\
5\xf2\xfb\x06\x06\x06\x10\x11\x11\x0e\x08\x08\x08\x03\xf9\xf2\
\xec\xe2\xdc\xdc\xdc\xd4\xd3\xd3\xd4\xde\xde\xde\xe9\xf2\x05\x15\
\x15\x15\x05\xf2\xdf\xd0\xd0\xd0\xdf\xf2\xff\x12\x12\x12\xff\xf2\
\xe5\xd1\xd1\xd1\xe5\x00\xe4\x813\x02\x02\x08\x00\x02\x02\x02\
\xff\x00\x03\x02\xfe\xfc\xfe\xfe\xfe\xfc\xfd\x02\x02\x00\xff\x02\
\x02\x01\x00\x07\x02\xd6\xd6\xea\xf5\x00\x14\x14\x14\x00\xf5\xea\
\xd6\xed\xed\xfc\x0c\x1b+++\x1c\x0c\xfb\xed\x835\x03\
\x04\xfb\xfb\xfb\xeb\xea\xea\xea\xf9\xf9\xf9\xff\x04\x03\x03\x08\
\x0d\x0d\x0d\x19\x1a\x1a\x19\x0b\x0b\x0b\x02\x03\xf5\xea\xea\xea\
\xf6\x03\x10\x1c\x1c\x1c\x10\x03\xf8\xe8\xe8\xe8\xf4\x03\x10\x1c\
\x1c\x1c\x0e\x00\x06\x813\xfe\xfe\xfd\x05\xfe\xf8\xff\xff\x02\
\x02\xf9\xfe\x01\x01\x01\x01\x00\xfd\xf9\x02\x02\xff\xff\xf9\xff\
\x05\xfc\xfe\x1d\x1d\x0c\x08\x01\xf0\xf0\xf0\x01\x08\x0c\x1d\x0c\
\x0c\xfe\xf7\xf1\xe2\xe2\xe2\xf1\xf7\xfe\x0c\x83\x00\x80\x02\x00\
\x0c\x00}\x00\x00\x00\x80\x00\x01\x00\x80\x1f\x01\x0d\x19\x19\
\x19%1110%\x1c\x1c\x1c\x0f\x01\x00\xff\xf1\xe4\
\xe4\xe4\xdb\xd1\xcf\xcf\xd0\xdc\xe7\xe7\xe7\xf3\x81\x1a\x0e\x1e\
%%%\x1d\x0c\x00\xf3\xe3\xdb\xdb\xdb\xe2\xf3\x00\x0f\x22\
\x22\x22\x12\x00\xef\xde\xde\xde\xf1\x83\x0e\x02\x02\x05\x01\xf7\
\x02\x0d\x0a\x02\x02\xff\xfc\x03\x0e\x05\x84)\x05\x0e\x03\xfc\
\xff\x02\x02\x0a\x0d\x02\xf7\x01\x05\x02\xce\xce\xdc\xee\xf3\xfa\
\x0d\x1b\x1b\x1b\x0d\xfa\xf3\xee\xdc\xce\xeb\xeb\x04\x10\x1a4\
44\x1a\x10\x04\xeb\x83\x80<\xf4\xe7\xe2\xe2\xe2\xdc\xd6\
\xd5\xd5\xd6\xda\xdf\xdf\xdf\xe4\xf2\x00\x0e\x1c!!!&\
*++*$\x1e\x1e\x1e\x19\x0d\x00\xec\xd3\xc8\xc8\xc8\
\xd4\xec\x00\x14,888-\x14\x00\xeb\xcb\xcb\xcb\xeb\
\x00\x15555\x15\x83=\xfc\xfc\xf7\xf7\xfe\x01\x02\xff\
\xfe\x02\x01\xfd\xfd\x00\x06\x07\x04\x04\x04\x07\x06\x00\xfd\xfd\
\x01\x02\xfe\xff\x02\x02\xfe\xf7\xf7\xfcBB4\x1d\x12\x07\
\xf1\xe2\xe2\xe2\xf1\x07\x12\x1d4B\x1e\x1e\x08\xee\xd4\xbe\
\xbe\xbe\xd4\xee\x08\x1e\x83\x80\x02\x00\x0c\x00\x08\x00\x00\x00\
\x08\x00\x01\x00\x04\x02\xeb\xd4\x00\xca\x81\x86\x04\xfd\x1a7\
\x00B\x81\x86\x00\x80\x02\x00\x0c\x00\x07\x00\x00\x00\x07\x00\
\x01\x00\x80\x02\x17\x00\xf6\x81\x85\x80\x02\xdd\x00\x10\x81\x85\
\x00\x80\x02\x00\x0c\x00\x08\x00\x00\x00\x08\x00\x01\x03\x02\x01\
\x02\x02\x80\x01\xee\xee\x02\xe5\x1b\x00\x80\x01\x12\x12\x02!\
\xeb\x00\x00\x80\x02\x00\x0c\x00\x08\x00\x00\x00\x08\x00\x01\x03\
\x02\x01\x02\x02\x80\x01\xee\xee\x02\xe8\x1e\x00\x80\x01\x12\x12\
\x02\x10\xda\x00\x00\x80\x02\x00\x0c\x00\x08\x00\x00\x00\x08\x00\
\x01\x03\x02\x01\x02\x02\x80\x01\xee\xee\x02\xe5\x1b\x00\x80\x01\
\x12\x12\x02!\xeb\x00\x00\x80\x02\x00\x0c\x00\x08\x00\x00\x00\
\x08\x00\x01\x03\x02\x01\x02\x02\x80\x01\xee\xee\x02\xe8\x1e\x00\
\x80\x01\x12\x12\x02\x10\xda\x00\x00\x80\x02\x00\x0c\x00K\x00\
\x00\x00J\x00\x01\x00$\x14\x14\x22\x22   \xe0\xe0\
\xe0\x06$\x10\x10\xde\xde\xde\xde\xe1\xe2\xe1\xdf\xdc\xe0\xe0\
\xe0   \x0f\xf9\xe4\xd0\xd0\xd0\x00\xf2\x81\x05\xfe\xc6\
\xc6\xc6\xcc\xd7\x81\x10\xd7\xeb\xfe\xfe\x00\xf2\xf2\x07\x07\xf8\
\xef\xf0\xf0\xf0\xf0\xf4\x07\x81\x06\xfb\x0f***\x10\xfd\
\x84$\x07\x07\xef\xea\xd6\xd6\xd6,,,\x18\xf9\xe6\xe6\
**../.)-&,,,\xd6\xd6\xd6\xef\
\x05\x1d<<<\x00\x10\x81\x18\xfc>>>-\x1d\x0d\
\x0d\x0f\x07\xfc\xfc\x00\x12\x12\x0a\x0a\x11\x15\x14\x14\x14\x14\
\x15\x0b\x81\x05\xfc\xe4\xca\xca\xca\xe7\x85\x80\x02\x00\x0c\x00\
\x06\x00\x00\x00\x06\x00\x01\x02\x01\x01\x02\x01\xf6\xf6\x01\xf3\
\x00\x01\x1a\x10\x01\x1c\x00\x80\x02\x00\x0c\x00\x0c\x00\x00\x00\
\x10 \x01\x05\x04\x01\x02\x02\x02\x02\x04\x14\xe6\x14\xe6\xfa\
\x04\xe2\x12\xf7'\x00\x04\x03\x01\x02\x02\x02\x03\xea\x16\xea\
\x16\x03=\xf5\x0b\xc3\x00\x80\x02\x00\x0c\x00\x0a\x00\x00\x00\
\x0a\x00\x01\x04\x03\x01\x02\x02\x02\x03!\xdf!\xdf\x03\xe2\
\x12\xf7'\x03\xe3\x1d\xe3\x1d\x03=\xf5\x0b\xc3\x80\x02\x00\
\x0c\x00w\x00\x00\x00x\x00\x01\x00:\xf0\xfd\x08\x0b\x0a\
\x0a\x0a\x0a\x08\x01\xfc\x06\x0d\x0c\x0b\x0d\x0d\x01\x01\xff\xfb\
\xf7\xff\x04\x08\x08\x01\xfe\xf7\xea\xdc\xd7\xd7\xd7\xd7\xd3\xdd\
\xf0\xff\x0f\x15\x15\x15\x0f\xff\xf2\xe2\xd0\xca\xca\xca\xd2\xe3\
\xea\xfc\xe6\xd4\x00\xe4\x81\x08\x04\x04\x01\xfe\xfc\xfe\x01\x03\
\x02\x82,\xf4\xe8\xe8\xe8\xf3\x18\x1b\x1d     \
\xf2\xf2\xf2\xf2\xf2\xfa\xf2\xdb\xe9\xe9\xf7\x04\xcc\xcc\xdd\xf5\
\x00\x0d$444\x22\x0a\x00\xf7\xde\xcc\x13\xfd\xe2\xf8\
\x83:\x11\x13\x09\xfa\xee\xee\xee\xee\xfb\xfd\xee\xe5\xeb\xf8\
\xfa\xf8\xf8\xeb\xfb\xfe\xfa\x02\xff\xf0\xea\xea\xf1\x01\x01\x10\
'4444!\x10\x12\xfe\xe8\xe0\xe0\xe0\xea\x00\x14\
(<DDD<&\x1b\xfe\xfd\x1a\x00\x22\x818\x02\
\x02\xfd\xf9\xfc\x04\x00\x0c\x05\xf6\xf6\xf6\xfe\x06\x04\x04\xfb\
\xe5\xdb\xd9\xd6\xd6\xd6\xd3\xd2\x0e\x10\x12\x12\x12\x0d\x13$\
$\x0e\x01\x02DD1\x13\x02\xf1\xd5\xc4\xc4\xc4\xd5\xf1\
\x02\x131D\xe2\xf8\x1d\x07\x83\x80\x02\x00\x0c\x00\x07\x00\
\x00\x00\x07\x00\x01\x00\x80\x02\x0b\x00\xf6\x81\x85\x80\x02\xe2\
\x00\x10\x81\x85\x00\x80\x02\x00\x0c\x00P\x00\x00\x00P\x00\
\x01\x00&\x03\x0c\x12\x12\x12\x12\x0d\x00\xf3\xe8\xe6\xe6\x1e\
\x1e\x0d\x00\xf0\xdc\xdc\xdc\xf3\x03\x10\x1e\x1e\xe6\xe6\xea\xf7\
\x08\x08\x08\x08\x08\x08\x08\x08\x00\xf2\x81\x02\x03\x03\x03\x81\
\x1f\xff\xfd\xfd\xfd\x01\x0b\x13\x13\x1c111\x17\x00\xea\
\xcf\xcf\xcf\xe4\xed\xed\xf5\xff\x03\x1a\xf4\xf4\x1a\x0c\xe6\xe6\
\x0c\x83&\xf9\xf0\xe7\xe7\xe7\xe7\xf2\xfb\x05\x14\x1c\x1c\xd2\
\xd2\xe9\xfb\x0e333\x0d\xf9\xe5\xd2\xd2\x1c\x1c\x13\x04\
\xf8\xf8\xeb\xeb\xf8\xf8\xeb\xeb\x00\x10\x81\x02\xfc\xfc\xfe\x81\
\x1f\x03\x04\x04\x04\xfb\xea\xdf\xdf\xd2\xc4\xc4\xc4\xe2\x00\x1e\
<<<.!!\x18\x06\xfc\xf8\x0c\x0c\xf8\xf8\x0c\x0c\
\xf8\x83\x00\x80\x02\x00\x0c\x00N\x00\x00\x00N\x00\x01\x00\
$\x04\x0f\x13\x13\x13\x13\x10\x02\xf4\xea\xe9\xe9!!\x0d\
\x02\xf3\xdd\xdd\xdd\xf5\x04\x12\x1f\x1f\xe7\xe7\xea\xf6\x11\x11\
\x15\x15\x11\x11\x15\x15\x83\x02\x03\x03\x03\x81\x1f\xfe\xfd\xfd\
\xfd\x01\x0a\x13\x13\x1b111\x16\x00\xe9\xcf\xcf\xcf\xe5\
\xed\xed\xf5\xfe\x03\x1a\xf4\xf4\x1a\x0c\xe6\xe6\x0c\x83$\xf2\
\xe9\xe0\xe0\xe0\xe0\xec\xf4\xfe\x0c\x15\x15\xcb\xcb\xe1\xf4\x08\
,,,\x06\xf2\xe0\xcb\xcb\x15\x15\x0b\xfc\xf1\xf1\xe4\xe4\
\xf1\xf1\xe4\xe4\x83\x02\xfc\xfc\xfe\x81\x1f\x02\x04\x04\x04\xfa\
\xe9\xdf\xdf\xd2\xc4\xc4\xc4\xe1\x00\x1e<<</!!\
\x17\x06\xfc\xf8\x0c\x0c\xf8\xf8\x0c\x0c\xf8\x83\x00\x80\x02\x00\
\x0c\x00\x0b\x00\x00\x00\x0b\x00\x01\x05\x04\x01\x02\x02\x02\x02\
\x04\x0d\xcb\x0e\xca\xd8\x80\x01\xd0\xbc\x81\x04\xe2:\xde>\
\x1c\x80\x01&4\x81\x00\x80\x02\x00\x0c\x00\x07\x00\x00\x00\
\x07\x00\x01\x00\x81\x00\xd8\x81\x00\xf2\x83\x81\x00\x1c\x81\x00\
\x12\x83\x00\x80\x02\x00\x0c\x00\x05\x00\x00\x00\x05\x00\x01\x00\
\x81\x00\xd8\x81\x84\x81\x00\x1c\x81\x84\x00\x80\x02\x00\x0c\x00\
&\x00\x00\x00&\x00\x01\x00\x11\x12\x12\x12\xfb\xeb\xef\xef\
\xf1\xe3\xd6\xd6\xd6\x08\x08\xf1\xf1\x00\xf5\x81\x80\x0e\x1b\x0a\
\xfc\xfc\xfc...#\x17\x00\x22\xf6\xf6\x22\x83\x11\xe4\
\xe4\xe4\xf6\x09\x0e\x0e\x15\x22000\xf0\xf0\x0c\x0c\x00\
\x04\x81\x80\x0e\xf5\xfd\x08\x08\x08\xd2\xd2\xd2\xe1\xed\x00\xd0\
\x0c\x0c\xd0\x83\x00\x80\x02\x00\x0c\x00.\x00\x00\x00.\x00\
\x01\x00\x15\x18\x18\x18\x02\xf8\xe8\xdc\xdc\x0a\x0a\xfb\xf4\xe8\
\xdc\xdc\xdc\x0c\x0c\xec\xec\x00\xee\x81\x80\x12\x0d\x01\xfc\xfc\
\xfc\x04\x11\x11\x1e(((\x1e\x11\x00&\xfa\xfa&\x83\
\x15\xe2\xe2\xe2\xf7\x0c\x1a::\xf6\xf6\x07\x13\x1f..\
.\xf0\xf0\x1a\x1a\x00\x1c\x81\x80\x12\xe1\xf5\x06\x06\x06\xfd\
\xeb\xeb\xe1\xd1\xd1\xd1\xe1\xeb\x00\xd4\x10\x10\xd4\x83\x00\x80\
\x02\x00\x0c\x00>\x00\x00\x00>\x00\x01\x00\x1d\x12\x12\x12\
\xfb\xeb\xf5\xf5\xf1\xe3\xd6\xd6\xd6\x05\x05\x05\xee\xde\xe2\xe2\
\xe4\xd6\xc9\xc9\xc9\x08\x08\xe4\xe4\x00\xe8\x81\x80\x09\x1b\x0a\
\xfc\xfc\xfc...#\x17\x81\x0e\x1b\x0a\xfc\xfc\xfc.\
..#\x17\x00\x22\xf6\xf6\x22\x83\x1d\xe2\xe2\xe2\xf4\x07\
\x02\x02\x13 ...\xf8\xf8\xf8\x0a\x1d\x1e\x1e)6\
DDD\xf0\xf0\x1c\x1c\x00\x14\x81\x80\x09\xf5\xfd\x08\x08\
\x08\xd2\xd2\xd2\xe1\xed\x81\x0e\xf5\xfd\x08\x08\x08\xd2\xd2\xd2\
\xe1\xed\x00\xd0\x0c\x0c\xd0\x83\x00\x80\x02\x00\x0c\x00N\x00\
\x00\x00L \x01\x00%\x18\x18\x18\x02\xf7\xe8\xde\xde\x0c\
\x0c\xfd\xf5\xe8\xdc\xdc\xdc\x06\x06\x06\xf0\xe4\xd4\xca\xca\xf8\
\xf8\xe9\xe2\xd6\xca\xca\xca\x0c\x0c\xda\xda\x00\xdc\x81\x80\x0d\
\x15\x09\x02\x02\x02\x0a\x19\x19%...%\x19\x81\x12\
\x13\x07\x02\x02\x02\x08\x17\x17$...$\x17\x00&\
\xfa\xfa&\x83\x18\x17\x01\x01\x01\x01\x01\x01\x02\x02\x02\x02\
\x03\x01\x02\x01\x01\x02\x01\x01\x02\x01\x01\x03\x02\x02\x17\xe2\
\xe2\xf5\x07\x154\xfa\x0a .\xfe\xfe&4V\x12\x12\
#;JJ\xf068\x17\xe1\xf5\x06\x06\x06\xfb\xeb\xd1\
\xd1\xeb\xe1\xf5\x06\x06\xfb\xeb\xe1\xd1\xd1\xe1\xeb\x10\xd4\x00\
\x00\x80\x02\x00\x0c\x00f\x00\x00\x00f\x00\x01\x001\x12\
\x12\x12\xfb\xeb\xf3\xf3\xf1\xe3\xd6\xd6\xd6\x05\x05\x05\xee\xde\
\xe0\xe0\xe4\xd6\xc9\xc9\xc9\x08\x08\xc8\xc8\x08\x08\xf6\xf6\xfc\
\xfc\xc8\xc8\xe7\xf7\x04\x04\x04\xf7\xe7\xd8\xca\xca\xca\xd8\x00\
\xd8\x81\x80\x09\x15\x04\xf6\xf6\xf6(((\x1d\x11\x81\x09\
\x15\x04\xf6\xf6\xf6(((\x1d\x11\x81\x16\xf2\xf2\x00\x1e\
\xf2\xf2\x1e \xf2\xf2 \x16\x16\x06\xfb\xef\xe0\xe0\xe0\xef\
\xfb\x06\x16\x831\xe2\xe2\xe2\xf4\x07\x02\x02\x13 ..\
.\xf8\xf8\xf8\x0a\x1d$$)6DDD\xff\xffU\
U\xf0\xf0\x1f\x1f\x11\x11UU.\x1d\x0d\x0d\x0d\x1d.\
@OOO@\x00;\x81\x80\x09\xf3\xfb\x06\x06\x06\xd0\
\xd0\xd0\xdf\xeb\x81\x09\xf3\xfb\x06\x06\x06\xd0\xd0\xd0\xdf\xeb\
\x81\x16\x12\x12\x00\xd0\x0c\x0c\xd0\xda\x12\x12\xda\xe8\xe8\xf9\
\x07\x15&&&\x15\x07\xf9\xe8\x83\x00\x00\x02\x00\x0c\x00\
v \x00\x00s \x01&%\x01\x01\x01\x01\x01\x01\x02\
\x01\x01\x01\x01\x01\x01\x03\x01\x01\x01\x01\x01\x02\x01\x01\x01\
\x02\x01\x03\x02\x02\x02\x02\x02\x01\x01\x01\x03\x02\x03\x03%\
\x18\x18\x02\xf7\xe8\xde\x0c\x0c\xfe\xf5\xe7\xdc\xdc\x05\x05\xef\
\xe3\xd3\xc9\xf7\xf7\xe9\xe1\xc9\xc9\xf0\xb0\x0c\xe4\xee\xb0\xcd\
\xdd\xea\xdd\xbe\xb0\xc0%\x13\x07\x02\x02\x02\x08\x17#.\
..#\x17\x11\x05\x02\x02\x02\x06\x15\x22..\x22\x15\
\xf2\x00\xf2\x1e\xf2 \x16\x16\x06\xe0\xe0\x06\x00%$\x01\
\x01\x01\x01\x01\x01\x02\x01\x01\x02\x01\x01\x03\x01\x01\x01\x01\
\x01\x02\x01\x01\x02\x01\x01\x03\x02\x02\x02\x02\x02\x02\x02\x02\
\x02\x02\x02\x02$\xe2\xe2\xf5\x07\x154\xfa\xfa\x0b\x1f.\
.\xfd\xfd\x0c\x1d*G\x0d\x0d\x1f9II\x04Z\xf0\
.$Z. .P^P@$\xdf\xf3\x06\x06\x06\
\xf9\xe9\xde\xd1\xd1\xde\xe9\xdf\xf2\x06\x06\x06\xf8\xe9\xde\xd1\
\xd1\xde\xe9\x12\x00\x06\xca\x12\xda\xec\x09&&\x09\xec\x00\
\x00\x80\x02\x00\x0c\x00x\x00\x00\x00x\x00\x01\x00:\x12\
\x12\x12\xfb\xeb\xf5\xf5\xf1\xe3\xd6\xd6\xd6\x05\x05\x05\xee\xde\
\xef\xef\xe4\xd6\xc9\xc9\xc9\xfc\xfc\x07\x0a\x0b\x0b\x0b\xcf\xcf\
\xcf\xda\xf4\x09\x08\x08\xf7\xf7\xfd\xfd\xcf\xcf\xee\xfe\x0b\x0b\
\x0b\xfe\xee\xdf\xd1\xd1\xd1\xdf\x00\xe1\x81\x80\x09\x15\x04\xf6\
\xf6\xf6(((\x1d\x11\x81+\x15\x04\xf6\xf6\xf6((\
(\x1d\x11\x00\xfe\xc6\xc6\xc6\xcf\xdd\xf2\xf2\xdd\xec\xfa\xfe\
\xfe\x1e\xf2\xf2\x1e \xf2\xf2 \x18\x18\x08\xfd\xf1\xe2\xe2\
\xe2\xf1\xfd\x08\x18\x83:\xe2\xe2\xe2\xf4\x07\x02\x02\x13 \
...\xf8\xf8\xf8\x0a\x1d\x1d\x1d)6DDD*\
*\x0a\x08\x05\x05\x05YYYH)\x14\xf0\xf0!!\
\x13\x13YY2!\x11\x11\x11!2DSSSD\
\x00;\x81\x80\x09\xf3\xfb\x06\x06\x06\xd0\xd0\xd0\xdf\xeb\x81\
+\xf3\xfb\x06\x06\x06\xd0\xd0\xd0\xdf\xeb\x00\xfc>>>\
:9\x12\x12-\x1d\x07\xfc\xfc\xd0\x0c\x0c\xd0\xda\x12\x12\
\xda\xe0\xe0\xf1\xff\x0d\x1e\x1e\x1e\x0d\xff\xf1\xe0\x83\x00\x80\
\x02\x00\x0c\x00\x89\x00\x00\x00\x82 \x01\x00?\x18\x18\x18\
\x02\xf7\xe8\xde\xde\x0c\x0c\xfe\xf5\xe6\xdc\xdc\xdc\x05\x05\x05\
\xef\xe4\xd5\xcb\xcb\xf9\xf9\xea\xe2\xd6\xc9\xc9\xc9\xe8\xe8\xf3\
\xf6\xf7\xf7\xf7\xbb\xbb\xbb\xc6\xe0\xf5\x0c\x0c\xe3\xe3\xef\xef\
\xbb\xbb\xda\xea\xf7\xf7\xf7\xea\xda\xcb\xbd\xbd\xbd\x02\xcb\x00\
\xcd\x81\x80\x0d\x0f\x03\x02\x02\x02\x04\x13\x13!...\
!\x13\x81/\x11\x06\x02\x02\x02\x07\x15\x15\x22...\
\x22\x15\x00\xfe\xc6\xc6\xc6\xcf\xdd\xf2\xf2\xdd\xec\xfa\xfe\xfe\
\x1e\xf2\xf2\x1e \xf2\xf2 \x18\x18\x08\xfd\xf1\xe2\xe2\xe2\
\xf1\xfd\x08\x18\x83*)\x01\x02\x01\x01\x01\x02\x02\x02\x02\
\x03\x01\x01\x01\x01\x01\x02\x01\x01\x02\x01\x01\x03\x01\x02\x01\
\x02\x01\x01\x01\x01\x01\x02\x02\x02\x02\x02\x02\x02\x02\x02\x02\
\x02)\xe2\xf5\x07\x154\xfa\x0b\x1e.\xfd\xfd\x0c\x1e,\
I\x0f\x0f :II/\x0f\x0a\x0a^^^M.\
\x19\xf0'\x1d^4&4VdV@)\xdb\x06\x06\
\x06\xf5\xe5\xd1\xd1\xe5\xdf\xf3\x06\x06\x06\xf9\xe9\xde\xd1\xd1\
\xde\xe9>>:9\x12-\x1d\x07\xfc\xfc\x06\xca\x12\xda\
\xe4\x01\x1e\x1e\x01\xe4\x00\x80\x02\x00\x0c\x00J\x00\x00\x00\
J\x00\x01\x00%\x12\x12\x12\xfb\xeb\xf5\xf5\xf1\xe3\xd6\xd6\
\xd6\x05\x05\x05\xee\xde\xee\xee\xe4\xd6\xc9\xc9\xc9\xfc\xfc\xbc\
\xbc\x08\x08\xf0\xf0\xf8\xf8\xbc\xbc\x00\xcc\x81\x80\x09\x1b\x0a\
\xfc\xfc\xfc...#\x17\x81\x01\x1f\x0e\x82\x0422\
2'\x1b\x84\x04\x22\xf6\xf6\x22.\x81\x00.\x83%\xe2\
\xe2\xe2\xf4\x07\x02\x02\x13 ...\xf8\xf8\xf8\x0a\x1d\
\x1e\x1e)6DDD\xfc\xfcRR\xf0\xf0\x1e\x1e\x0c\
\x0cRR\x00:\x81\x80\x09\xf5\xfd\x08\x08\x08\xd2\xd2\xd2\
\xe1\xed\x81\x01\xed\xf5\x82\x04\xcc\xcc\xcc\xdb\xe7\x84\x04\xd0\
\x0c\x0c\xd0\xc8\x81\x00\xc8\x83\x00\x80\x02\x00\x0c\x00g\x00\
\x00\x00^ \x01\x002\x18\x18\x18\x02\xf7\xe8\xde\xde\x0c\
\x0c\xfd\xf5\xe8\xdc\xdc\xdc\x05\x05\x05\xf0\xe4\xd4\xcb\xcb\xf9\
\xf9\xe9\xe2\xd6\xc9\xc9\xc9\xae\xc2\xdd\xea\xea\xea\xaa\xaa\xaa\
\xab\xb0\xb4\xb4\x0c\x0c\xd9\xd9\x00\xbd\x81\x80\x0d\x15\x09\x02\
\x02\x02\x0a\x19\x19%...%\x19\x81\x0d\x13\x08\x02\
\x02\x02\x09\x17\x17$...$\x17\x82\x02\xf9\xea\xdc\
\x81\x09\xdc\xd0\xcc\xcc\xcc\x00&\xfa\xfa&\x83\x1e\x1d\x01\
\x01\x01\x01\x01\x01\x02\x02\x02\x02\x03\x01\x01\x01\x01\x01\x02\
\x02\x04\x02\x01\x01\x01\x01\x02\x01\x04\x03\x02\x02\x1d\xe2\xe2\
\xf5\x07\x154\xfa\x0a .\xfd\xfd\x0e .M\x13\x22\
IW7\x22!!wwg\xf01W\x12\xe1\xf5\x06\
\x06\x06\xfb\xeb\xd1\xd1\xeb\xe1\xf5\x06\x06\x06\xfb\xeb\xd1\xeb\
\x81\x08\x0f+?\x00CJ\x10\xd4\x00\x80\x02\x00\x0c\x00\
`\x00\x00\x00`\x00\x01\x00.\x12\x12\x12\xfb\xeb\xee\xee\
\xf1\xe3\xd6\xd6\xd6\x09\x09\x14\x17\x18\x18\x18\xdc\xdc\xdc\xe7\
\x01\x16\x08\x08\xf6\xf6\x0a\x0a\xdc\xdc\xfb\x0b\x18\x18\x18\x0b\
\xfb\xec\xde\xde\xde\xec\x00\xee\x81\x80+\x1b\x0a\xfc\xfc\xfc\
...#\x17\x00\xfe\xc6\xc6\xc6\xcf\xdd\xf2\xf2\xdd\xec\
\xfa\xfe\xfe\x1e\xf2\xf2\x1e \xf2\xf2 \x18\x18\x08\xfd\xf1\
\xe2\xe2\xe2\xf1\xfd\x08\x18\x83.\xe2\xe2\xe2\xf4\x07\x07\x07\
\x13 ...\x13\x13\xf3\xf1\xee\xee\xeeBBB1\
\x12\xfd\xf0\xf0\x0b\x0b\xfd\xfdBB\x1c\x0b\xfb\xfb\xfb\x0b\
\x1c.===.\x00$\x81\x80+\xf5\xfd\x08\x08\x08\
\xd2\xd2\xd2\xe1\xed\x00\xfc>>>:9\x12\x12-\x1d\
\x07\xfc\xfc\xd0\x0c\x0c\xd0\xda\x12\x12\xda\xe0\xe0\xf1\xff\x0d\
\x1e\x1e\x1e\x0d\xff\xf1\xe0\x83\x00\x00\x02\x00\x0c\x00g \
\x00\x00g \x01! \x01\x01\x01\x01\x01\x01\x02\x01\x01\
\x01\x02\x01\x03\x01\x01\x01\x01\x02\x01\x01\x01\x02\x02\x02\x02\
\x02\x01\x01\x01\x03\x02\x03\x03 \x18\x18\x02\xf7\xe8\xde\x0c\
\x0c\xfd\xf5\xdc\xdc\xfb\x06\x09\x0a\x0a\xce\xce\xce\xd9\x08\x0c\
\xf0\x02\xce\xed\xfd\x0a\xfd\xde\xd0\xe0 \x0b\x00\xfc\xfc\xfc\
\x01\x0f\x1c((\x1c\x0f\xc6\xc6\xc6\xcf\xdd\xf2\xdd\xec\xfa\
\xfe\xf2\x1e\xf2 \x18\x18\x08\xe2\xe2\x08\x00! \x01\x01\
\x01\x01\x01\x01\x02\x01\x01\x02\x01\x01\x03\x01\x02\x01\x02\x01\
\x01\x01\x01\x01\x02\x02\x02\x02\x02\x02\x02\x02\x02\x02\x02 \
\xe2\xe2\xf1\x03\x11.\xf4\xf4\x05\x1f..\x13\xf3\xee\xee\
BBB1\x12\xfd\xf0\x0c\x02B\x18\x0a\x18:H:\
$ \xdf\xf3\x06\x06\x06\xf9\xe9\xde\xd1\xd1\xde\xe9>>\
:9\x12-\x1d\x07\xfc\xfc\x06\xca\x12\xda\xe4\x01\x1e\x1e\
\x01\xe4\x00\x00\x02\x00\x0c\x00I \x00\x00L \x01\x17\
\x16\x00\x01\x01\x01\x01\x02\x01\x01\x01\x01\x03\x02\x02\x02\x02\
\x02\x01\x01\x01\x03\x02\x03\x03\x16\x12\x12\x12\xfb\xeb\xed\xf1\
\xe3\xd6\xd6\x08\x03\x15\xd5\x09\xd5\xf4\x04\x11\x04\xe5\xd7\xe5\
\x80\x15\x1b\x0a\xfc\xfc...#\x17\xf0\x1c\xf2\x00\xf2\
 \x16\x16\x06\xe0\xe0\x06\x00\x18\x17\x00\x01\x01\x01\x01\x02\
\x01\x02\x01\x03\x02\x02\x02\x02\x02\x02\x01\x02\x02\x01\x01\x02\
\x01\x02\x17\xe2\xe2\xe2\xf4\x07\xff\x13..\xf0\x09\xe9?\
\xfb?\x07\xf7\xf7\x18*99*%\x80\x16\xf5\xfd\x08\
\x08\xd2\xd2\xe1\xed\x0c\xd0\x12\x00\x12\xda\xe8\xf9\x15&&\
\x15\xf9\xe8\x00\x00\x00\x02\x00\x0c\x00R \x00\x00I \
\x01\x1a\x19\x01\x01\x01\x01\x01\x01\x02\x01\x01\x01\x01\x01\x01\
\x03\x02\x02\x02\x02\x02\x01\x01\x01\x03\x02\x03\x03\x19\x18\x18\
\x01\xf4\xe3\xd8\x06\x06\xf8\xf2\xe6\xdc\xdc\x0c\xf7\x04\xc4\x01\
\xc4\xe0\xf0\xfd\xf0\xd1\xc3\xd4\x19\x0f\x02\xfc\xfc\xfc\x03\x13\
\x1f(((\x1f\x13\xf2\x1e\xf2\x00\xf2 \x16\x16\x06\xe0\
\xe0\x06\x00\x17\x16\x01\x01\x01\x01\x01\x01\x02\x02\x02\x02\x03\
\x02\x02\x02\x02\x02\x02\x02\x02\x02\x02\x02\x02\x16\xe2\xe2\xf1\
\x02\x0f,\xf2\x03\x1e.\xf0\x13\xea@\x09@\x13\x05\x13\
5C5&\x16\xe1\xf4\x06\x06\x06\xfa\xeb\xd1\xd1\xeb\x06\
\xca\x12\x00\x12\xda\xec\x09&&\x09\xec\x00\x00\x80\x02\x00\
\x0c\x00V\x00\x00\x00V\x00\x01\x00)\xf7\xfb\x05\x0c\x0c\
\xce\xce\xd2\xe4\xf7\x0b\x1c\x1f\x1f\x1f\x1b\x0a\xf7\xee\xe8\xdf\
\x19\x1a\xdf\xdf\xee\xe5\xdf\xe8\xee\xf1\xf3\xef\xe7\xe1\xe1\xe1\
\xe1\xe8\xf3\x00\xed\x81\x15\x02\x02\xfd\xf7\xf6\xf6\xec\xd8\xcc\
\xcc\xcc\xd9\xec\xf6\x00\x12\x1c\x1c\x1c\x15\x0d\x0d\x81\x0f4\
4\x1e\xeb\xe0\xe6\xea\xea\xea\xef\xf5\xf5\xf7\xf7\xfd\x02\x83\
)\x0d\x09\xfc\xf2\xf2HH;#\x0f\x01\xe7\xd6\xd6\xd6\
\xe6\x01\x11\x13+6\xdf\xdf//\xeb\x1f'\x17\x18\x1a\
0*),,,,$\x17\x00\x1c\x81\x15\xfe\xfe\xfc\
\xfe\x06\x06\x162DDD9$\x17\x0a\xf4\xe6\xe6\xe6\
\xe0\xe0\xe0\x81\x0f\xb2\xb2\xbe\xfc\xfd\x06\x1a\x1a\x1a  \
\x15\x17\x0c\x02\xfe\x83\x00\x80\x02\x00\x0c\x00\x05\x00\x00\x00\
\x05\x00\x01\x00\x81\x00\xea\x81\x84\x81\x00\x03\x81\x84\x00\x80\
\x02\x00\x0c\x00P\x00\x00\x00P\x00\x01\x00&\xf6\xf9\x01\
\x07\x07\xd1\xd1\xe0\xf5\x04\x19\x19\x19\x04\xf4\xf1\xe3\xdc\x13\
\x13\xe0\xe0\x05\xe9\xe4\xed\xed\xec\xe3\xe5\xe4\xe2\xe2\xe2\xe2\
\xe7\xf0\x00\xea\x81\x12\x01\x01\x02\xff\xfb\xfb\xed\xd5\xd5\xd5\
\xe5\xf3\xff\x12\x12\x12\x13\x13\x13\x81\x0f11'\xff\xfd\
\xf7\xef\xef\xef\xec\xee\xf3\xf2\xf8\xff\x01\x83&\x02\x01\xfd\
\xfa\xfa\x1e\x1e\x14\x02\xf0\xea\xea\xea\xf0\x02\x06\x0d\x13\xf1\
\xf0\x0c\x0c\x06\x0e\x12\x0d\x09\x06\x06\x06\x07\x09\x09\x09\x09\
\x07\x03\x00\x03\x81\x12\xfe\xfe\x02\x04\x05\x05\x0e\x1e\x1e\x1e\
\x0e\x07\xfe\xf1\xf1\xf1\xf3\xf8\xf8\x81\x0f\xe2\xe2\xed\x0a\x11\
\x0e\x0d\x0d\x0d\x0a\x07\x07\x05\x05\x02\xfe\x83\x00\x80\x02\x00\
\x0c\x00V\x00\x00\x00V\x00\x01\x00(\xff\x05\x11\x19\x19\
\xdd\xdd\xdf\xee\xff\x12\x1f!!!\x1f\x12\xff\xf7\xf5\xec\
'(\xe4\xe4\xfc\xf3\xed\xf6\xfc\xff\xfc\xfb\xf8\xed\xe5\xe5\
\xe5\xe5\xee\xfb\x83\x15\x02\x02\xfd\xf7\xf6\xf6\xec\xd9\xcc\xcc\
\xcc\xd8\xec\xf6\x00\x12\x1c\x1c\x1c\x15\x0d\x0d\x81\x1044\
\x1e\xeb\xe0\xe3\xe8\xea\xea\xea\xef\xf5\xf5\xf7\xf7\xfd\x02\x83\
\x10\xfc\xf8\xeb\xe0\xe088*\x11\xfe\xef\xd5\xc4\xc4\xc4\
\xd5\xf0\x81\x15\x18$\xcd\xcd\x1f\x1f\xdf\x0d\x15\x0b\x0d\x0c\
\x11\x1f\x1a\x19\x1c\x1c\x1c\x1c\x14\x06\x83\x15\xfe\xfe\xfc\xfe\
\x06\x06\x163DDD8$\x17\x0a\xf4\xe6\xe6\xe6\xe0\
\xe0\xe0\x81\x10\xb2\xb2\xbe\xfc\xfd\x03\x10\x1a\x1a\x1a  \
\x15\x17\x0c\x02\xfe\x83\x00\x80\x02\x00\x0c\x003\x00\x00\x00\
3 \x01\x00\x19\x12\x12\x12\xfb\xeb\xfb\xfb\xf1\xe3\xd6\xd6\
\xd6\x08\x08\xfd\xfd\x0a\x0a\xca\xca\x05\x05\xca\xca\x00\xda\x81\
\x80\x01\x1f\x0e\x82\x09222'\x1b\x00\x22\xf6\xf6\x22\
\x83\x00.\x81\x00.\x83\x10\x0f\x00\x01\x01\x01\x01\x02\x01\
\x02\x01\x03\x02\x02\x02\x02\x02\x02\x0f\xe2\xe2\xe2\xf4\x07\x08\
\x13..\xf0\x08\xe6<\xf6<$\x80\x01\xed\xf5\x81\x05\
\xcc\xcc\xdb\xe7\x06\xca\x82\x01\xc8\x00\x00\x80\x02\x00\x0c\x00\
G\x00\x00\x00@ \x01\x00\x22\x18\x18\x18\x04\xf7\xe6\xde\
\xde\x0c\x0c\xfc\xf5\xea\xdc\xdc\xdc\x0c\x0c\xec\xec\xc1\xd5\xf0\
\xfd\xfd\xfd\xbd\xbd\xbd\xbe\xc3\xc7\xc7\x00\xd0\x81\x80\x12\x0f\
\x03\xfc\xfc\xfc\x04\x13\x13\x1f(((\x1f\x13\x00&\xfa\
\xfa&\x81\x02\xf9\xea\xdc\x81\x04\xdc\xd0\xcc\xcc\xcc\x84\x14\
\x13\x01\x01\x01\x01\x01\x01\x02\x02\x04\x03\x02\x01\x01\x01\x01\
\x01\x02\x01\x04\x03\x13\xe2\xe2\xf3\x05\x132\xf8\x07.\xf0\
\x16<\x1c\x07\x06\x06\x5c\x5cL<\x0a\xe1\xf5\x06\x06\x06\
\xfb\xeb\xd1\xeb\x10\xd4\x81\x06\x0f+?\x00CJ\x00\x80\
\x02\x00\x0c\x00\x1d\x00\x00\x00\x1d\x00\x01\x00\x0d\x0a\x0a\x1f\
\xf2\xcf\xcd\xd8\xd8\x0b\x0b\xd1\xd1\x00\xe0\x81\x0a\x1b\xd3\xf4\
\x17\xe3\xeb\xeb\x1b\x00\xf7\xf7\x84\x0d\xec\xec\xc9\x19W]\
..\xee\xee@@\x00(\x81\x0a\xd4\x1b\x04\xdc \x1c\
\x1c\xd4\x00\x0c\x0c\x84\x00\x80\x02\x00\x0c\x00\x05\x00\x00\x00\
\x05\x00\x01\x00\x81\x00\xe2\x81\x84\x81\x00\x0a\x81\x84\x00\x80\
\x02\x00\x0c\x00\x1d\x00\x00\x00\x1d\x00\x01\x00\x0d\x0a\x0a\x1f\
\xf1\xcc\xc9\xdf\xdf\x09\x09\xd6\xd6\x00\xe2\x81\x0a\x1b\xeb\xfc\
\x16\xea\xee\xee\x1b\x00\xf8\xf8\x84\x0d\xfa\xfa\xed\x06\x19\x1b\
\x0d\x0d\xf2\xf2\x14\x14\x00\x0a\x81\x0a\xf0\x19\x18\x09\x10\x0c\
\x0c\xf0\x00\x05\x05\x84\x00\x80\x02\x00\x0c\x00\x1b\x00\x00\x00\
\x1b\x00\x01\x00\x0b\x1c\x1c0\x03\xe1\xdf\xe6\xe6\x18\x18\xde\
\xde\x83\x0a\x1b\xd3\xf4\x17\xe3\xeb\xeb\x1b\x00\xf7\xf7\x84\x0b\
\xe0\xe0\xbd\x0dKQ\x1c\x1c\xdc\xdc..\x83\x0a\xd4\x1b\
\x04\xdc \x1c\x1c\xd4\x00\x0c\x0c\x84\x00\x80\x02\x00\x0c\x00\
\x05\x00\x00\x00\x05\x00\x01\x00\x81\x00\xe2\x81\x84\x81\x00\x0a\
\x81\x84\x00\x80\x02\x00\x0c\x00\x09\x00\x00\x00\x09\x00\x01\x00\
\x05\x0f\x19\xe2\xd8\x00\xe3\x81\x87\x05\xd9\x04*\xff\x00\x03\
\x81\x87\x00\x80\x02\x00\x0c\x00x\x00\x00\x00w\x00\x01\x00\
:\x0e\x10\x0f\x0e\x0e\x0e\x0e\x0e\x18 !!!\x15\x18\
\x1d\x15\x06\x02\x02\x06\x0a\x0a\x0a\x0a\x04\xfe\xfd\x01\x0a\x10\
\x0e\x0b\x17\x17\xe5\xe5\xe5\xef\x00\xf6\x08\x1b####\
\x1f\x0b\xf5\xe1\xd0\xca\xca\xca\xd1\xe4\x00\xf5\x818\x04\x04\
\x05\x06\xd3\xd2\xd2\xd2\xd2\xd5\xe3\xf5\xff\xfa\x08\x03\xf4\xf4\
\xf4\xf7\xf9\xf8\xf4\xe8\xe0\xe0\xe8\xf0\xf0\xf0\xe2\xde\xee\x18\
\xf2\xf2\xf0\xf3\xfc\x04\xba\xba\xca\xdf\xe5\xed\xf1\x0a\x22\x22\
\x22\x0a\xf1\xee\xe8\xcf\xba\x83:\xf9\xf5\xe9\xe8\xe8\xe7\xee\
\xef\xe4\xdc\xdb\xdb\xdb\xd7\xd8\xe4\xea\xe4\xe4\xe7\xeb\xee\xee\
\xee\xee\xec\xec\xea\xea\xe9\xe3\xde\xdd\xe5\xe5)))\x18\
\x00\x0f\x00\xe6\xd7\xd7\xd7\xd7\xe7\xff\x0e\x1e7DDD\
6\x1e\x00\x0f\x81\x0f\xf3\xf3\xf3\xf3:;;;;.\
\x11\xfa\x04\xf4\xff\x03\x82%\xfd\xfa\xfb\xff\x05\x08\x0c\x0f\
\x10\x10\x10\x0e\x0b\x0a\x04\x12\x12\x02\xfc\xf5\xf3>>2\
\x1c\x0d\xf7\xe8\xd4\xca\xca\xca\xd8\xf1\x02\x13/>\x83\x80\
\x02\x00\x0c\x00\x07\x00\x00\x00\x07\x00\x01\x00\x80\x02\x16\x00\
\xf5\x81\x85\x80\x02\xca\x00\x0f\x81\x85\x00\x80\x02\x00\x0c\x00\
\x07\x00\x00\x00\x07\x00\x01\x00\x80\x02\x1f\x00\xf5\x81\x85\x80\
\x02\xc2\x00\x0f\x81\x85\x00\x80\x02\x00\x0c\x00\x07\x00\x00\x00\
\x07\x00\x01\x00\x80\x02\x12\x00\xf5\x81\x85\x80\x02\xd3\x00\x0f\
\x81\x85\x00\x80\x02\x00\x0c\x00\x07\x00\x00\x00\x07\x00\x01\x00\
\x80\x02\x18\x00\xf5\x81\x85\x80\x02\xd4\x00\x0f\x81\x85\x00\x80\
\x02\x00\x0c\x00x\x00\x00\x00x\x00\x01\x00:\xdd\xdc\xd6\
\xd6\xd6\xd8\xd9\xdd\xf5\x0c\x0c\x0c\xfa\xe2\xda\xd8\xd8\xe8\xf2\
\x01\x0a\x0a\x0a\x04\xf7\xec\xe2\xd4\xce\xce\xce\x0e\x0e\x0e\xff\
\xec\xec\xe2\xd2\xca\xca\xca\xce\xd9\xe3\xdd\xce\xc8\xcc\xcc\xcc\
\xd3\xdb\x0e\x0e\x04\x04\x00\xda\x81\x1d\x01\x01\x03\x03\xcf\xcf\
\xcd\xcd\xcd\xe3\xf5\x07\x18\x1d\x1d\x1d\xef\xef\xef\xf9\x08\x10\
\x17'000&\x15\x0a\x81\x18\x12\x08\xfc\xfc\xfc\xfc\
\x00\x06\x0b\x0d\x0e\x0d\x0d\xff\xff\x02\xff\xf7\xfc\x01\x01$\
\xf6\xf6$\x83:;74664''\x0b\xfe\xfe\
\xfe\x0e%/**4$\x14\x0e\x0e\x0e\x11\x1c)8\
BBBB\xec\xec\xec\x12))8Rdddk\
kc]ZUTTTC6\xec\xec\xec\xec\x00G\
\x81\x1d\xfe\xfe\x00\x02BA>>>\x1e\x15\x03\xea\xdc\
\xdc\xdc\x14\x14\x14\x04\xf0\xe8\xe3\xd3\xc4\xc4\xc4\xd6\xee\xf6\
\x81\x15\xfe\x05\x04\x04\x04\x04\x03\xfa\xef\xf4\xf8\xf8\xf8\x04\
\x04\x08\x0b\x09\xf9\xf7\xfe\xc8\x81\x00\xc8\x83\x00\x80\x02\x00\
\x0c\x00\x02\x00\x00\x00\x02\x00\x01\x00\x84\x84\x84\x84\x00\x80\
\x02\x00\x0c\x00\x0b\x00\x00\x00\x0b\x00\x01\x00\x03\xf2\x00\xb9\
\xc0\x83\x80\x01\xf2\xf2\x84\x03\x04\x00UV\x83\x80\x01\x0e\
\x0e\x84\x00\x80\x02\x00\x0c\x00\x0c\x00\x00\x00\x0c\x00\x01\x00\
\x03\xde\x00\xb4\xa8\x83\x03\x0e\xf4\xf4\x0e\x83\x03\xe5\x00P\
;\x83\x03\xfc\x10\x10\xfc\x83\x00\x80\x02\x00\x0c\x00\x1e\x00\
\x00\x00\x1a\x00\x01\x00\x0d\x08\x08\xee\xee\xee\x08\x08\xee\x1e\
\x1e\x16\x16\x00\xf6\x81\x0b\x1c\xeb\xf2!\x0f\x16\xe6\xe1\x1b\
\xe5\xe5\x1b\x83\x0d\xf8\xf8\x10\x10\x10\xf8\xf8\x10\xd4\xd4\xd4\
\xd4\x00\x08\x81\x07\xca\x14\x0e\xc8\xea\xe446\x87\x00\x80\
\x02\x00\x0c\x00&\x00\x00\x00&\x00\x01\x00\x11\x06\x06\xf0\
\xf0\x08\x08\xee\xee\xee\x08\x08\xee\x1e\x1e\x16\x16\x00\xf6\x81\
\x0f\x14\xe4\xe4\x14\xf8\xca\xe4\x0e\xfd\x17\xea\xd4\x0b\xd5\xd5\
\x0b\x83\x11\xf8\xf8\x10\x10\xf8\xf8\x10\x10\x10\xf8\xf8\x10\xc6\
\xc6\xc6\xc6\x00\x08\x81\x0f\xf133\xf1\x18]R\x1a2\
&qpFFFF\x83\x00\x80\x02\x00\x0c\x00\x07\x00\
\x00\x00\x09\x00\x01\x00\x80\x02\xc8\x00\x9c\x81\x85\x80\x01Z\
\x00@\x00\x90\x81\x85\x00\x80\x02\x00\x0c\x00\x07\x00\x00\x00\
\x09\x00\x01\x00\x80\x02\xc8\x00\x9c\x81\x85\x80\x01Z\x00@\
\x00\x90\x81\x85\x00\x80\x02\x00\x0c\x00\x06\x00\x00\x00\x09\x00\
\x01\x00\x02\x9c\x00\x9c\x81\x84@\x00\x90\x80@\x00\x90\x81\
\x84\x80\x02\x00\x0c\x00\x06\x00\x00\x00\x09\x00\x01\x00\x02\x9c\
\x00\x9c\x81\x84@\x00\x90\x80@\x00\x90\x81\x84\x80\x02\x00\
\x0c\x00\x14\x00\x00\x00\x15\x00\x01\x00\x09\x12\x18\x18\x0b\xd0\
\xd9\xd9\xd2\x00\xd4\x81\x80\x01\x07\xfb\x81\x00\xfe\x85\x09\xe6\
\xe4\xe4\xe6\x5cTT\x5c\x006\x81\x80\x01\xfd\x05\x81\x01\
\x0a\xf6\x84\x80\x02\x00\x0c\x00\x15\x00\x00\x00\x15\x00\x01\x00\
\x09\x12\x18\x18\x0b\xce\xd9\xd9\xd0\x00\xd4\x81\x80\x01\x08\xfa\
\x81\x01\xfd\x01\x84\x09\xe6\xe2\xe2\xe6ZRRZ\x006\
\x81\x80\x01\xfe\x04\x81\x01\x09\xf7\x84\x00\x80\x02\x00\x0c\x00\
\x06\x00\x00\x00\x06\x00\x01\x00\x02\xd4\x00\xd4\x81\x84\x026\
\x006\x81\x84\x00\x80\x02\x00\x0c\x00\x06\x00\x00\x00\x06\x00\
\x01\x00\x02\xd4\x00\xd4\x81\x84\x026\x006\x81\x84\x00\x80\
\x02\x00\x0c\x001\x00\x00\x001\x00\x01\x00\x18\x10\x10\xd0\
\xd0\xd7\xd7\xdb\xde\xdd\xdb\xdd\xe0\xe0\xe0   \x12\xf9\
\xe5\xd0\xd0\xd0\x00\xf2\x81\x82\x09E\x12\x03\xf4\xf0\xf0\xf0\
\xf0\xf5\x07\x81\x06\xfb\x0c***\x18\x0a\x84\x18\xe6\xe6\
<<<<=815/,,,\xd6\xd6\xd6\xf1\
\x05\x1f<<<\x00\x10\x81\x82\x09\x14\x14\x19\x18\x14\x14\
\x14\x14\x11\x09\x81\x06\xfc\xe1\xca\xca\xca\xee\x0b\x84\x00\x80\
\x02\x00\x0c\x00\x06\x00\x00\x00\x06\x00\x01\x02\x01\x01\x02\x01\
\xf9\xf2\x01\xfd\x00\x01\x01\x10\x01\xfb\x00\x80\x02\x00\x0c\x00\
\x13\x00\x00\x00\x13\x00\x01\x00\x07\xed\xe9\xb0\xc1\x00\xfc\xc3\
\xd4\x83\x80\x01\xf2\xf2\x81\x01\xf2\xf2\x84\x07\x1a'VR\
\x00\x0d<8\x83\x80\x01\x0e\x0e\x81\x01\x0e\x0e\x84\x00\x80\
\x02\x00\x0c\x00\x14\x00\x00\x00\x14\x00\x01\x00\x03\xe4\xe3\x9f\
\xba\x81\x01\xbc\xd6\x83\x07\x0e\xf4\xf4\x0e\x0e\xf4\xf4\x0e\x83\
\x07\x0e\x14@N\x00\x062@\x83\x07\xfc\x10\x10\xfc\xfc\
\x10\x10\xfc\x83\x00\x80\x02\x00\x0c\x00\x08\x00\x00\x00\x08\x00\
\x01\x03\x02\x01\x02\x02\x02\x1c\xdc\xf8\x02\xe5\x1b\x00\x02\xe2\
$\x06\x02.\xde\x00\x00\x80\x02\x00\x0c\x00\x08\x00\x00\x00\
\x08\x00\x01\x03\x02\x01\x02\x02\x02\x1c\xdc\xf8\x02\xe3\x1e\x00\
\x02\xe2$\x06\x02)\xdb\x00\x00\x00\x02\x00\x0c\x00% \
\x00\x00+ \x01\x0b\x0a\x01\x02\x02\x02\x01\x01\x01\x03\x02\
\x03\x03\x0a\x14\xd4\x0c\xd4\xf3\x03\x10\x03\xe4\xd6\xe4\x0a\xf2\
\x00\xf2 \x16\x16\x06\xe0\xe0\x06\x00\x0d\x0c\x01\x02\x02\x02\
\x02\x01\x02\x02\x01\x01\x02\x01\x02\x0c\xe6<\xf2<\x04\xf4\
\xf4\x15'66'\x22\x0c\x12\x00\x12\xda\xe8\xf9\x15&\
&\x15\xf9\xe8\x00\x80\x02\x00\x0c\x00\x07\x00\x00\x00\x07\x00\
\x01\x00\x80\x02\x03\x00\xe4\x81\x85\x80\x02\xf1\x00\x22\x81\x85\
\x00\x80\x02\x00\x0c\x00\x07\x00\x00\x00\x07\x00\x01\x00\x80\x02\
\x03\x00\xe4\x81\x85\x80\x02\xf1\x00\x22\x81\x85\x00\x80\x02\x00\
\x0c\x00\x07\x00\x00\x00\x07\x00\x01\x00\x80\x02\x0c\x00\xe4\x81\
\x85\x80\x02\xe9\x00\x22\x81\x85\x00\x80\x02\x00\x0c\x00\x07\x00\
\x00\x00\x07\x00\x01\x00\x80\x02\x0a\x00\xe4\x81\x85\x80\x02\xf1\
\x00\x22\x81\x85\x00\x80\x02\x00\x0c\x00\x07\x00\x00\x00\x07\x00\
\x01\x00\x80\x02\x05\x00\xe4\x81\x85\x80\x02\xfb\x00\x22\x81\x85\
\x00\x80\x02\x00\x0c\x00\x0c\x00\x00\x00\x0c\x00\x01\x05\x04\x01\
\x02\x02\x02\x02\x04\x14\xd4\x0c\xd4\xe4\x04\xf2\x00\xf2 \x00\
\x04\xe6<\xf2<\x22\x04\x12\x00\x12\xda\x00\x00\x80\x02\x00\
\x0c\x00\x07\x00\x00\x00\x07\x00\x01\x00\x80\x02\x0c\x00\xe4\x81\
\x85\x80\x02\xe0\x00\x22\x81\x85\x00\x80\x02\x00\x0c\x00\x07\x00\
\x00\x00\x07\x00\x01\x00\x80\x02\x05\x00\xe4\x81\x85\x80\x02\xf0\
\x00\x22\x81\x85\x00\x80\x02\x00\x0c\x00\x07\x00\x00\x00\x07\x00\
\x01\x00\x80\x02\xee\x00\xe4\x81\x85\x80\x02\x1a\x00\x22\x81\x85\
\x00\x80\x02\x00\x0c\x00\x07\x00\x00\x00\x07\x00\x01\x00\x80\x02\
\xf9\x00\xe4\x81\x85\x80\x02\xf5\x00\x22\x81\x85\x00\x80\x02\x00\
\x0c\x00= \x00\x00@\x00\x01\x00\x13\x12\x01\x01\x01\x01\
\x01\x02\x01\x01\x01\x02\x02\x02\x01\x01\x01\x03\x02\x03\x03\x12\
\xfc\x09\x0c\x0d\x0d\xd1\xd1\xd1\xdc\x0b\x05\xd1\xf0\x00\x0d\x00\
\xe1\xd3\xe3\x12\xca\xca\xca\xd3\xe1\xf2\xe1\xf0\xfe\x02\xf2 \
\x18\x18\x08\xe2\xe2\x08\x00\x1e\x08\x08\xec\xea\xe7\xe7\xe7;\
;;*\x0b\xf6\xf1\xf1;;\x14\x03\xf3\xf3\xf3\x03\x14\
&555&\x00\x1d\x81\x1c\xfe@@@<;\x12\
\x12/\x1f\x09\xfe\xfe\xda\x12\x12\xda\xe0\xe0\xf1\xff\x0d\x1e\
\x1e\x1e\x0d\xff\xf1\xe0\x83\x80\x02\x00\x0c\x00\x07\x00\x00\x00\
\x07\x00\x01\x00\x80\x02\x10\x00\xe3\x81\x85\x80\x02\xe5\x00\x1d\
\x81\x85\x00\x80\x02\x00\x0c\x00(\x00\x00\x00(\x00\x01\x00\
\x12\xfc\xfc\x09\x0c\x0d\x0d\x0d\xd1\xd1\xd1\xdc\xf6\x0b\x05\x05\
\xd1\xd1\x00\xe3\x81\x10\x02\xca\xca\xca\xd3\xe1\xf2\xf2\xe1\xf0\
\xfe\x02\x02 \xf2\xf2 \x83\x12\x08\x08\xec\xea\xe7\xe7\xe7\
;;;*\x0b\xf6\xf1\xf1;;\x00\x1d\x81\x10\xfe@\
@@<;\x12\x12/\x1f\x09\xfe\xfe\xda\x12\x12\xda\x83\
\x00\x80\x02\x00\x0c\x00\x19\x00\x00\x00\x19\x00\x01\x00\x0d\xf7\
\xd4\xda\xeb\xad\xa4\x9c\xb1\x10\x10\xd0\xd0\x00\xb9\x81\x80\x05\
\xfd\xfd\xf2\xf2\x02\xe6\x88\x0d\xfe$2\x15n\x7fxZ\
\xe6\xe6<<\x00X\x81\x80\x05\x09\x09\x12\x12\xfe#\x88\
\x00\x80\x02\x00\x0c\x00\x07\x00\x00\x00\x07\x00\x01\x00\x80\x02\
\xf9\x00\xb9\x81\x85\x80\x02\xfd\x00X\x81\x85\x00\x80\x02\x00\
\x0c\x00\x0a\x00\x00\x00\x0a\x00\x01\x05\x04\x01\x02\x02\x02\x02\
\x04\x0c\xcc\x04\xcc\xdc\x82\x01.\x00\x04\xe8>\xf4>&\
\x82\x01\xc8\x00\x00\x80\x02\x00\x0c\x00\x1e\x00\x00\x00\x1e \
\x01\x00\x0e\xd8\xec\x07\x14\x14\x14\xd4\xd4\xd4\xd5\xda\xde\xde\
\x00\xe7\x81\x81\x02\xf9\xea\xdc\x81\x04\xdc\xd0\xcc\xcc\xcc\x84\
\x09\x08\x00\x01\x01\x01\x01\x02\x01\x04\x03\x08\x1e\xfe\xe9\xe8\
\xe8>>.\x1e\x81\x06\x0f+?\x00CJ\x00\x00\x80\
\x02\x00\x0c\x00\x07\x00\x00\x00\x07\x00\x01\x00\x80\x02\x02\x00\
\xdc\x81\x85\x80\x02\xee\x00&\x81\x85\x00\x80\x02\x00\x0c\x00\
\x07\x00\x00\x00\x07\x00\x01\x00\x80\x02\x15\x00\xe7\x81\x85\x80\
\x02\xee\x00\x1e\x81\x85\x00\x80\x02\x00\x0c\x00\x06\x00\x00\x00\
\x06\x00\x01\x02\x01\x01\x02\x01\xce\xdc\x01\x0e\x00\x01.&\
\x01\xee\x00\x80\x02\x00\x0c\x00\x06\x00\x00\x00\x06\x00\x01\x02\
\x01\x01\x02\x01\xd6\xe7\x01\x0c\x00\x01.\x1e\x01\xee\x00\x80\
\x02\x00\x0c\x00\x07\x00\x00\x00\x07\x00\x01\x00\x80\x02\xfd\x00\
\xdc\x81\x85\x80\x02\xf9\x00&\x81\x85\x00\x80\x02\x00\x0c\x00\
\x07\x00\x00\x00\x07\x00\x01\x00\x80\x02\x09\x00\xe7\x81\x85\x80\
\x02\xee\x00\x1e\x81\x85\x00\x80\x02\x00\x0c\x00\x08\x00\x00\x00\
\x08\x00\x01\x00\x02\xf6\x00\xf6\x81\x00\x02\x83\x02\x08\x00\x08\
\x81\x00\xfe\x83\x00\x80\x02\x00\x0c\x00&\x00\x00\x00$\x00\
\x01\x00\x11\x06\x06\xf0\xf0\xee\x08\x08\xee\x08\x08\xee\xee\xe0\
\xe0\xd8\xd8\x00\xf6\x81\x0f\x14\xe4\xe4\x14\xf8\x0e\xe5\xcb\xfe\
\xd4\xea\x18\x0d\xd7\xd7\x0d\x83\x0f\xf8\xf8\x10\x10\x10\xf8\xf8\
\x10\xf8\xf8\x10\x10BBBB\x83\x0f\xf133\xf1\x18\
\x19Wc7oq,CCCC\x83\x00\x80\x02\x00\
\x0c\x00\x14\x00\x00\x00\x14\x00\x01\x00\x08\x14\x14\xe0\xe0\x11\
\x11\xf4\x00\xf4\x81\x06\x19\xe9\xe9./\xfc\x19\x83\x08\xea\
\xea++\xef\xef\x16\x00\x15\x81\x06\xe6..\xe2\xe3\x0d\
\xe6\x83\x00\x80\x02\x00\x0c\x00$\x00\x00\x00$\x00\x01\x00\
\x11\x13\x13\xfe\xfe\xda\xda\xc2\xc2\x0c\x0c\xcc\xcc\x04\x04\xcc\
\xcc\x00\xdc\x81\x07'\xfe\xf4\x1d\x0d\xe4\xd8\x01\x83\x00.\
\x81\x00.\x83\x11\xf6\xf6\x13\x13\x13\x13,,\xe8\xe8>\
>\xf4\xf4>>\x00&\x81\x07\xd5\x11\x1e\xe2\xe2\x1e(\
\xec\x83\x00\xc8\x81\x00\xc8\x83\x00\x80\x02\x00\x0c\x00/\x00\
\x00\x00/\x00\x01\x00\x16\x07\x07\xfc\xfc\xd8\xd8\xc1\xc1\xd8\
\xec\x07\x14\x14\x14\xd4\xd4\xd4\xd5\xda\xde\xde\x00\xe8\x81\x07\
!\xf8\xf4\x1d\x0d\xe4\xd9\x02\x81\x02\xf9\xea\xdc\x81\x04\xdc\
\xd0\xcc\xcc\xcc\x84\x16\xf4\xf4\x1b\x1b\x18\x1800\x1e\xfe\
\xe9\xe8\xe8\xe8>>>:7..\x00\x1e\x81\x07\xcf\
\x0b\x1e\xe2\xe2\x1e(\xec\x81\x02\x0f+?\x81\x04CF\
JJJ\x84\x00\x80\x02\x00\x0c\x00[\x00\x00\x00[\x00\
\x01\x00,\x10\x10\xde\xde\xde\xde\xde\xde\xde\xdc\xdb\xd9\xd8\
\xd8\xe4\xe4\xe2\xe2\xe2\xe0\xdf\xdd\xdc\xdc\xdc\x1c\x1c\x1c\x0f\
\xfa\xe6\xd6\xd6\xd6\x16\x16\x16\x09\xf4\xe0\xd0\xd0\xd0\x00\xee\
\x81\x80\x16\xf3\xf3\x07\x07\xf8\xef\xf0\xf0\xf0\xf0\xf1\xfa\x07\
\x07\xf8\xef\xf0\xf0\xf0\xf0\xf1\xfa\x07\x81\x06\xfa\x09**\
*\x0b\xfc\x81\x06\xfa\x09***\x0b\xfc\x84,\xe6\xe6\
**..02043366(()*\
(,+,000\xda\xda\xda\xf1\x04\x19666\
\xe0\xe0\xe0\xf7\x0a\x1f<<<\x00\x14\x81\x80\x16\x12\x12\
\x09\x09\x11\x15\x14\x14\x14\x14\x15\x11\x09\x09\x11\x15\x14\x14\
\x14\x14\x15\x11\x09\x81\x06\xf9\xde\xca\xca\xca\xe2\xfd\x81\x06\
\xf9\xde\xca\xca\xca\xe2\xfd\x84\x00\x80\x02\x00\x0c\x00\x02\x00\
\x00\x00\x02\x00\x01\x00\x84\x84\x84\x84\x00\x80\x02\x00\x0c\x00\
\x06\x00\x00\x00\x06\x00\x01\x02\x01\x01\x02\x80\x00\xcc\x01\xe5\
\x0e\x80\x00R\x01!\xe8\x80\x02\x00\x0c\x00\x06\x00\x00\x00\
\x06\x00\x01\x02\x01\x01\x02\x80\x00\xc0\x01\xed\x16\x80\x00N\
\x01\x19\xe0\x80\x02\x00\x0c\x00V\x00\x00\x00V\x00\x01\x00\
*\x0e\x0e\xce\xce\xce\xdc\xf2\x01\x11\x18\x18\x18\xd8\xd8\xd8\
\xda\xe2\xd8\xd8\xdb\xeb\x03\x13\x13\x0e\x08\x06\x06\x06\x06\x08\
\xfd\xf4\xf1\xee\xdd\xdd\xd5\xce\xce\xce\x00\xd5\x81\x80\x10\xf1\
\xf1\xf6\xe6\xc8\xc8\xc8\xd8\xec\xf4\xf1\xf1\xdc\xd0\xcc\xcc\xcc\
\x82\x12\xf6\xdf\xcc\xdd\xdd\xf1\xff\x02\x02\x02\x02\x09\x0c\x05\
\x06\x0b\x14\x1e\x22\x84*\xe6\xe6<<<$\x0f\x00\xe8\
\xda\xda\xda000,)  \x10\xf2\xde\xdf\xdf\xec\
\xea\xea\xe8\xee\xfc\xfa\xf6\xf4\xf8\xfc\x13\x13\x1e)))\
\x00\x10\x81\x80\x10\x11\x11\x15/HHH:\x1f\x0d\x11\
\x11CFJJJ\x82\x12\x11-?\x03\x03\xfd\xfb\xfe\
\xfe\xfe\xfe\x0d\x17\x0d\x1e\x1b\x12\x04\xf6\x84\x00\x80\x02\x00\
\x0c\x00\x08\x00\x00\x00\x08\x00\x01\x03\x02\x01\x02\x02\x02\x14\
\xe6\xfa\x02\xe9\x19\x00\x02\xea\x1e\x08\x02$\xdc\x00\x00\x80\
\x02\x00\x0c\x00\x06\x00\x00\x00\x06\x00\x01\x02\x01\x01\x02\x01\
\x1a\xe6\x01\xe8\x18\x01\xe3\x1d\x01$\xdc\x80\x02\x00\x0c\x00\
\x0e\x00\x00\x00\x0e\x00\x01\x00\x05 \x10\xdc\xec\x00\xfc\x81\
\x00\x18\x81\x00\x18\x83\x05\xdc\xd8,0\x00\x08\x81\x00\xcc\
\x81\x00\xcc\x83\x00\x80\x02\x00\x0c\x00\x16\x00\x00\x00\x16\x00\
\x01\x00\x09\x0a\xe4\xf0\x16\xf4\xe4\x06\x16\x00\xfa\x81\x07\x1b\
\xf5\xe8\x0e\x1c\x09\xe7\xfa\x83\x09\xf6&\x12\xe2\x12&\xf6\
\xe2\x00\x08\x81\x07\xde\x0e\x22\xf2\xde\xf2\x22\x0e\x83\x00\x80\
\x02\x00\x0c\x00\x14\x00\x00\x00\x14\x00\x01\x00\x07\xf6\xe8\x0a\
\x18\x0e\xe8\xf2\x18\x83\x07\x1c\x09\xe7\xfa\x1b\xf5\xe8\x0e\x83\
\x07\x09'\xf7\xd9\xf7'\x09\xd9\x83\x07\xd9\xf7'\x09\xd9\
\x09'\xf7\x83\x00\x80\x02\x00\x0c\x003\x00\x00\x002\x00\
\x01\x00\x18\x10\x10\xde\xde\xde\xde\xe1\xe2\xe1\xdf\xdc\xe0\xe0\
\xe0   \x0f\xf9\xe4\xd0\xd0\xd0\x00\xf2\x81\x80\x0b\xf2\
\xf2\x07\x07\xf8\xef\xf0\xf0\xf0\xf0\xf4\x07\x81\x06\xfb\x0f*\
**\x10\xfd\x84\x18\xe6\xe6**../.)-\
&,,,\xd6\xd6\xd6\xef\x05\x1d<<<\x00\x10\x81\
\x80\x0b\x12\x12\x0a\x0a\x11\x15\x14\x14\x14\x14\x15\x0b\x81\x05\
\xfc\xe4\xca\xca\xca\xe7\x85\x80\x02\x00\x0c\x00\x07\x00\x00\x00\
\x07\x00\x01\x00\x80\x02\x11\x00\xf2\x81\x85\x80\x02\xdf\x00\x10\
\x81\x85\x00\x80\x02\x00\x0c\x00\x05\x00\x00\x00\x05\x00\x01\x00\
\x80\x00\x10\x81\x83\x80\x00\xe8\x81\x83\x00\x80\x02\x00\x0c\x00\
\x07\x00\x00\x00\x07\x00\x01\x00\x80\x02\x1d\x00\xf2\x81\x85\x80\
\x02\xcc\x00\x10\x81\x85\x00\x80\x02\x00\x0c\x00\x07\x00\x00\x00\
\x07\x00\x01\x00\x80\x02\x09\x00\xf2\x81\x85\x80\x02\xef\x00\x10\
\x81\x85\x00\x80\x02\x00\x0c\x00\x06\x00\x00\x00\x06\x00\x01\x00\
\x02\xf1\x00\xf1\x81\x84\x02%\x00%\x81\x84\x00\x80\x02\x00\
\x0c\x00\x05\x00\x00\x00\x02\x00\x01\x00\x81\x00\xe5\x81\x84\x84\
\x84\x80\x02\x00\x0c\x00\x5c\x00\x00\x00Z\x00\x01\x00\x0a\xf1\
\xeb\xdf\xd9\xd9\xd9\xd9\xe6\xf1\xf7\xff\x81\x1f\xf9\xef\xf0\xf5\
\x03\x0f\x0f\x0f\x04\x04\x06\x04\x04\x0a\x0a\x0a\xf5\xee\xdf\xd2\
\xd2\xd2\xde\xed\x00\x0b\x0b\x0b\x06\xf9\x00\xe5\x81\x09\xfe\xfe\
\x00\x02\x01\x00\x04\x01\x01\x01\x81\x1e\xd2\xd2\xd2\xd2\xd2\xdb\
\xed\xfd\xf5\x15\x13\x0d\x0d\x0d\x0f\x0a\x00\xfe++\x16\x08\
\xfa\xe5\xe5\xe5\xfb\x09\x10\x1f+\x83\x0a\xff\x0c\x0f\x0a\x0a\
\x0a\x0a\x03\x07\x01\xff\x81\x1d\xfb\xfc\x07\xfe\xf0\xe7\xe7\xe7\
\xed\xed\xeb\xf5\xf8\xf9\xf9\xf9\xfd\x00\x0d\x19\x19\x19\x0c\xfc\
\xec\xe5\xe5\xe5\xec\xf7\x83*\x02\x02\xf5\xf0\xfd\xf4\xfb\xff\
\xff\xff\xff\xfe\x1d\x1e\x1e\x1e\x1e\x14\x02\xf6\xcf\xfa\xf3\xff\
\xff\xff\xfd\x01\x06\x02\xe3\xe3\xf8\x01\x0a\x1b\x1b\x1b\x07\x01\
\xfc\xed\xe3\x83\x00\x80\x02\x00\x0c\x00\x04\x00\x00\x00\x04\x00\
\x01\x00\x00\xfd\x83\x84\x00\x01\x83\x84\x00\x80\x02\x00\x0c\x00\
\x07\x00\x00\x00\x07\x00\x01\x00\x80\x02\x07\x00\xf2\x81\x85\x80\
\x02\xe3\x00\x10\x81\x85\x00\x80\x02\x00\x0c\x00\x1f\x00\x00\x00\
\x1f\x00\x01\x00\x11\x0b\x0d\xd5\xd3\x08\x0a\xd2\xd0\x04\x04\xdc\
\xdc\x02\x02\xda\xda\x00\xde\x81\x87\x07\x12\xe8\xe8\x12\x18\xee\
\xee\x18\x83\x0b\xec\xec\x22\x22\x06\x06<<\xfc\xfc((\
\x81\x03,,\x00(\x81\x87\x07\xe0\x10\x10\xe0\xf0  \
\xf0\x83\x00\x80\x02\x00\x0c\x00R\x00\x00\x00R\x00\x01\x00\
'\xf5\xfb\x02\x08\x0a\x0a\x0a\x0a\x08\x02\xfa\xf5\xf0\xe8\xe2\
\xe0\xe0\xe0\xe0\xe2\xe8\xef\xf5\x05\x17   \x17\x04\xf5\
\xe6\xd3\xca\xca\xca\xd3\xe6\x00\xea\x81%\x02\x02\x01\x00\xff\
\xff\xf3\xf4\xf3\xf1\xf0\xf0\xf0\xf1\xf3\xf4\xf3\xff\xff\x00\x01\
\x02\xca\xca\xdb\xf1\xf9\x02\x18(((\x18\x02\xf9\xf1\xdb\
\xca\x83'\x03\x00\xf8\xf2\xee\xee\xee\xee\xf3\xf9\x01\x03\x06\
\x0d\x13\x18\x18\x18\x18\x14\x0e\x06\x03\xf1\xd3\xc2\xc2\xc2\xd3\
\xf0\x03\x153DDD3\x16\x00\x06\x81%\xfe\xfe\xfa\
\xf9\xfd\x04\x0a\x13\x18\x17\x14\x14\x14\x17\x18\x13\x0a\x04\xfd\
\xf9\xfa\xfe@@/\x16\x07\xf9\xe0\xd2\xd2\xd2\xe0\xf9\x07\
\x16/@\x83\x00\x80\x02\x00\x0c\x00\x07\x00\x00\x00\x07\x00\
\x01\x00\x80\x02\x0d\x00\xea\x81\x85\x80\x02\xdb\x00\x06\x81\x85\
\x00\x80\x02\x00\x0c\x00\x07\x00\x00\x00\x07\x00\x01\x00\x80\x02\
\x0d\x00\xea\x81\x85\x80\x02\xdb\x00\x06\x81\x85\x00\x80\x02\x00\
\x0c\x00\x07\x00\x00\x00\x07\x00\x01\x00\x80\x02\x16\x00\xea\x81\
\x85\x80\x02\xd3\x00\x06\x81\x85\x00\x80\x02\x00\x0c\x00\x07\x00\
\x00\x00\x07\x00\x01\x00\x80\x02\x14\x00\xea\x81\x85\x80\x02\xdb\
\x00\x06\x81\x85\x00\x80\x02\x00\x0c\x00\xa2\x00\x00\x00\xa1\x00\
\x01\x00?\xf6\xfc\x04\x09\x0a\x0a\x0a\x0a\x08\x03\xfb\xf6\xee\
\xe9\xeb\xee\xee\x16\x16\x1a\x1e\x1d\x17\x0d\x07\x08\x08\x08\xe1\
\xe1=FF9#\x17\x08\xf2\xe6\xe6\xe6\xf2\x07\x17*\
?C\x09\x0a\x16\x17\x1e \x1c\x16\x16\xee\xee\xea\xe8\xed\
\xf6\x06\x19\x0e\x22\x22\x22\x19\x06\xf6\xe7\xd3\xca\xca\xca\xd3\
\xe6\x00\x10\x81?\x02\x02\x02\x01\xff\xff\xf3\xf3\xf2\xf0\xf0\
\xf0\xf0\xf2\xf5\xf6\xf4\xf4\xf5\xf4\xf2\xf0\xf0\xf0\xf4\xfb\x01\
\x0c\x0c\xe2\xe2\xff\x05\x19(((\x17\x02\xfc\xf3\xdc\xca\
\xca\xca\xe4\xf6\xf6\x03\x02\x02\x02\xff\xfe\xfe\x02\x02\xfe\xfd\
\xff\x02\xca\xca\xdb\x0c\xf1\xf9\x02\x18(((\x17\x01\xf9\
\xf2\xdc\xca\x83?\xfe\xfb\xf6\xf1\xee\xee\xee\xee\xf1\xf6\xfc\
\xfe\xfe\x01\x06\x09\x09\xd7\xd7\xdb\xe0\xe4\xe4\xe7\xef\xf6\xf6\
\xf6\x12\x12\xd3\xaa\xaa\xb6\xcd\xde\xf2\x09\x12\x12\x12\x07\xef\
\xde\xc5\xa7\xa9\xf5\xf4\xef\xe4\xe6\xe3\xdd\xd7\xd7\x09\x08\x04\
\x01\xfe\x04\xf2\xd5\x0e\xc4\xc4\xc4\xd5\xf2\x04\x163DD\
D3\x16\x00\xe8\x81\x81?\xfe\xfc\xff\x05\x0b\x13\x17\x16\
\x14\x14\x14\x17\x19\x14\x0a\x0a\x0e\x12\x14\x14\x14\x14\x0d\x00\
\xf8\xeb\xeb\x01\x01\x00\xf6\xe4\xd8\xd8\xd8\xe9\xff\x08\x14+\
:::!\x12\x12\x10\xfe\xfe\xfe\xfe\x00\x03\x08\x08\xfe\
\xf9\xfc\x00BB2\x18\x08\x0a\xf9\xe0\xd2\xd2\xd2\xdf\xf8\
\x08\x193B\x83\x80\x02\x00\x0c\x00.\x00\x00\x00,\x00\
\x01\x00\x14\xf8\x05\x11\x11\x11\x07\xfc\xf6\xe6\xeb\xed\xe9\xe9\
\xe9\xf2\xf4\xeb\xea\xea\xeb\xf5\x83\x14\x04\x04\xfd\xf6\xf4\xf7\
\xf0\xec\x00\x04\x05\xf6\xec\xe2\xdc\xdc\xdc\xdc\x04\x04\x04\x83\
\x14\x13\x05\xf6\xf6\xf6\xe3\xdb\xdf\x0e\x09\x22444.\
'#\x1a\x1a\x1b\x12\x83\x81\x11\x0f\x17\x17\x19\x1d(\x00\
\xf3\x04\x1d)3<<<:\xfe\xff\x84\x00\x80\x02\x00\
\x0c\x000\x00\x00\x000\x00\x01\x00\x15\xf5\x04\x13\x13\x13\
\x09\x00\xf7\xe6\xf0\xec\xe9\xe9\xe9\xf2\xef\xef\xe9\xea\xea\xeb\
\xf3\x83\x15\x0a\x0a\xf8\xf3\xf1\xe8\xe9\xe7\x00\x04\xfc\xf3\xe9\
\xdc\xe0\xe0\xe0\xe0\xe0\x0a\x0a\x0a\x83\x15\x0d\x01\xf0\xf0\xf0\
\xe3\xe1\xdf\x0f\x12#222, #\x1c\x18\x18\x19\
\x10\x83\x15\xfc\xfc\x06\x12\x15\x16\x1f%\x00\xfa\x02\x19#\
(88888\xfa\xfb\xfc\x83\x00\x80\x02\x00\x0c\x00\
\x07\x00\x00\x00\x07\x00\x01\x00\x80\x02\x16\x00\xea\x81\x85\x80\
\x02\xca\x00\x06\x81\x85\x00\x80\x02\x00\x0c\x00\x07\x00\x00\x00\
\x07\x00\x01\x00\x80\x02\x14\x00\xea\x81\x85\x80\x02\xd9\x00\x06\
\x81\x85\x00\x80\x02\x00\x0c\x00\x07\x00\x00\x00\x07\x00\x01\x00\
\x80\x02\x0f\x00\xea\x81\x85\x80\x02\xda\x00\x06\x81\x85\x00\x80\
\x02\x00\x0c\x00\x0a\x00\x00\x00\x0e \x01\x05\x04\x01\x01\x02\
\x02\x02\x04\x18\xf6\x0c\xd8\xf4\x01\x1c4\x82\x04\x03\x02\x02\
\x02\x02\x03\xda\xf44\x0a\x00\xb0\x82\x00\x80\x02\x00\x0c\x00\
\x05\x00\x00\x00\x05\x00\x01\x00\x81\x00\xf4\x81\x84\x81\x00\x02\
\x81\x84\x00\x80\x02\x00\x0c\x00\x0a\x00\x00\x00\x0a\x00\x01\x05\
\x04\x01\x01\x02\x02\x02\x04\x15\x0e\x06\xdb\xf4\x01.3\x82\
\x04\xef\xff\xfa\x14\x02\x01\xee\xe2\x82\x00\x80\x02\x00\x0c\x00\
\x0e\x00\x00\x00\x13 \x01\x06\x05\x01\x01\x02\x02\x02\x02\x05\
\x1e\xfc'\xde0\xd9\x01\x1c4\x81\x01\xcc\x00\x05\x04\x02\
\x02\x02\x02\x02\x04\xd8\xcc2\xc04\x00\xb0\x81\x01P\x00\
\x00\x80\x02\x00\x0c\x00\x08\x00\x00\x00\x08\x00\x01\x00\x80\x03\
\xee\xd1\x00\xc1\x81\x86\x80\x03\x0e\x11\x00\x10\x81\x86\x00\x80\
\x02\x00\x0c\x00\x08\x00\x00\x00\x08\x00\x01\x00\x80\x03\xee\xd6\
\x00\xb8\x81\x86\x80\x03\x0e \x00*\x81\x86\x00\x80\x02\x00\
\x0c\x00\x05\x00\x00\x00\x05\x00\x01\x00\x81\x00\xf4\x81\x84\x81\
\x00\x02\x81\x84\x00\x80\x02\x00\x0c\x00`\x00\x00\x00_\x00\
\x01\x00+\x06\x06\x0f\x0f\x0f\x01\xef\xed\xf8\x06\x0a\x09\x05\
\xfa\xf1\xf0\xea\xe0\xd8\xd8\xd8\x01\x05\x08\x08\x08\xff\xf3\xee\
\x08\x08\xeb\xdd\xcf\xcf\xcf\xe0\xeb\xf3\x03\x0f\x0f\x05\x06\x81\
\x00\xe5\x81,\x05\x03\x03\x0b\x17&&&&$#\xf2\
\xf3\xf5\xf7\xf7\xf7\xfc\x03\x08\x05\x05\x05\x01\xff\xf9\xf5\xf6\
\xf6\xf6\x12\x12\x12\x05\xfa\xed\xe0\xe0\xe0\xe6\xf4\xfe\x08\x07\
\x05\x83\x81,\xf3\xf3\xf3\x06\x16\x1c\x14\xff\xf5\xf5\xf8\x06\
\x15\x19\x17(:::\x00\xfa\xf5\xf5\xf5\x01\x12\x1a\xfd\
\xfd\x1d->>>*\x1d\x16\x03\xf3\xf3\x01\xff\x04\x00\
*\x81,\xf6\xf9\xf9\xed\xde\xcc\xcc\xcc\xcd\xcd\xcd\x08\x08\
\x08\x09\x09\x09\x08\xff\xf2\xf6\xf6\xf6\xfa\xfb\x02\x03\x02\x02\
\x02\xe7\xe7\xe7\xf7\x04\x13\x22\x22\x22\x1c\x0c\xfc\xf4\xf7\xf6\
\x83\x80\x02\x00\x0c\x00J\x00\x00\x00J\x00\x01\x00#\xf6\
\xfb\x01\x06\x06\x06\x06\x01\xfa\xf6\xf2\xeb\xe6\xe6\xe6\xe6\xea\
\xf2\xf6\x03\x16!!!\x16\x03\xf6\xe9\xd5\xcb\xcb\xcb\xd5\
\xe9\x00\xec\x81!\x07\x07\x08\x07\x03\xfc\xf8\xf6\xf7\xf7\xf7\
\xf6\xf8\xfc\x03\x07\x08\x07\xd8\xd8\xe4\xf7\x00\x09\x1b''\
'\x1b\x09\x00\xf8\xe4\xd8\x83#\x13\x0c\xff\xf8\xf8\xf8\xf8\
\x00\x0c\x13\x1a&----&\x1b\x13\x04\xef\xe3\xe3\
\xe3\xef\x05\x13\x226BBB7\x22\x00%\x81!\xf4\
\xf4\xf1\xf3\xf9\x00\x07\x09\x07\x07\x07\x09\x07\x00\xf9\xf3\xf1\
\xf4//\x1f\x08\xfd\xf0\xda\xcd\xcd\xcd\xdb\xf1\xfd\x09\x1f\
/\x83\x00\x80\x02\x00\x0c\x00Z\x00\x00\x00Z\x00\x01\x00\
+\x1a\x0c\xdc\xea\xf5\xfb\x02\x08\x0a\x0a\x0a\x0a\x08\x02\xfa\
\xf5\xf0\xe8\xe2\xe0\xe0\xe0\xe0\xe2\xe8\xef\xf5\x05\x17  \
 \x17\x04\xf5\xe6\xd3\xca\xca\xca\xd3\xe6\x00\xea\x81)\x10\
\xf2\xf2\x10\x02\x02\x01\x00\xff\xff\xf3\xf4\xf3\xf1\xf0\xf0\xf0\
\xf1\xf3\xf4\xf3\xff\xff\x00\x01\x02\xca\xca\xdb\xf1\xf9\x02\x18\
(((\x18\x02\xf9\xf1\xdb\xca\x83+\xfa\xf8\x0e\x10\x03\
\x00\xf8\xf2\xee\xee\xee\xee\xf3\xf9\x01\x03\x06\x0d\x13\x18\x18\
\x18\x18\x14\x0e\x06\x03\xf1\xd3\xc2\xc2\xc2\xd3\xf0\x03\x153\
DDD3\x16\x00\x06\x81)\xf2\x0e\x0e\xf2\xfe\xfe\xfa\
\xf9\xfd\x04\x0a\x13\x18\x17\x14\x14\x14\x17\x18\x13\x0a\x04\xfd\
\xf9\xfa\xfe@@/\x16\x07\xf9\xe0\xd2\xd2\xd2\xe0\xf9\x07\
\x16/@\x83\x00\x80\x02\x00\x0c\x00\x07\x00\x00\x00\x07\x00\
\x01\x00\x80\x02\x03\x00\xea\x81\x85\x80\x02\xdf\x00\x06\x81\x85\
\x00\x80\x02\x00\x0c\x00\x5c\x00\x00\x00[\x00\x01\x00,\x10\
\x10\xde\xde\xe0\xdb\xd7\xde\xed\xef\xee\xea\xe7\xe7\xe7\xe7\xed\
\xf3\xf4\xef\xdc\xd8\xe3\xe8\xd0\xd0\xfc\x0e!'''\x1f\
\x0c\xfc\xea\xd9\xd2\xd2\xd2\xd2\xd6\xe7\x00\xf1\x81\x80)\xf2\
\xf2\xfd\xf0\xde\xe1\xf0\xf0\xf0\xee\xec\xef\xf3\xff\x06\x0a\x06\
\x02\x02\x02\x17\x18\xfc\x0b\x00\xcc\xcc\xe0\xf6\xf9\xff\x15&\
&&\x17\x05\x00\xf8\xf5\xdf\xcc\x83,\xe6\xe6**,\
*&&,+(&%%%%+02/(\
.9<<<\x07\xf5\xdc\xcf\xcf\xcf\xdc\xf6\x07\x16/\
<<<<0\x18\x00\x13\x81\x80\x10\x12\x12\x0b\x09\x04\
\x09\x10\x10\x10\x13\x14\x12\x0d\x07\x02\xff\xfe\x82\x15\x01\xf8\
\xeb\x05\x00BB4\x1b\x0a\xf9\xde\xce\xce\xce\xdb\xf2\x02\
\x0e\x1e5B\x83\x80\x02\x00\x0c\x00! \x00\x00!\x00\
\x01\x00\x0b\x0a\x00\x01\x04\x01\x01\x02\x02\x02\x02\x02\x02\x0a\
\x03\x0a\x06\x0a\x03\x176\xf3\xf4\xb3\xcb\x02\x1d\x1d\x08\x81\
\x00\x1d\x84\x13\x03\xfa\xfe\xfe\xfe\xfe\xfa\x03\x13\x13\x19\x19\
++\x19\x19++\x00\x09\x81\x05\xd8\xd8\xe3\xec\xec\xf4\
\x82\x00\xd8\x8b\x00\x80\x02\x00\x0c\x00)\x00\x00\x00'\x00\
\x01\x00\x13(&\x22\x1e\x1e\x1e!%(\xde\xe0\xe1\xe0\
\xe0\xe0\xe2\xe1\xde\x00\xec\x81\x80\x00\x01\x81\x03\xff\xfe\xfc\
\xfd\x81\x06\xfe\xff\x01\xff\xfc\xfe\x01\x84\x13\xc2\xca\xd8\xe0\
\xe0\xe0\xda\xcf\xc8\x2218666,\x22\x22\x00\x16\
\x81\x81\x04\xfd\xfe\x02\x07\x05\x82\x06\x02\x01\x00\x02\x05\x03\
\xfe\x84\x00\x80\x02\x00\x0c\x00)\x00\x00\x00(\x00\x01\x00\
\x13('!\x1c\x1c\x1c &(\xde\xe0\xdf\xde\xde\xde\
\xe0\xe1\xde\x00\xec\x81\x80\x06\x01\x03\x03\x01\xff\xfc\xfe\x81\
\x06\xfe\x00\x02\x01\xfe\x00\x02\x84\x13\xbe\xc7\xd7\xe2\xe2\xe2\
\xd9\xcc\xc4\x1e.9888- \x1e\x00\x16\x81\x80\
\x06\x02\x03\x03\x04\x06\x03\xff\x82\x05\xfe\xff\x04\x09\x08\x02\
\x84\x80\x02\x00\x0c\x00\x06\x00\x00\x00\x06\x00\x01\x00\x02\xec\
\x00\xec\x81\x84\x02\x16\x00\x16\x81\x84\x00\x80\x02\x00\x0c\x00\
\x06\x00\x00\x00\x06\x00\x01\x00\x02\xec\x00\xec\x81\x84\x02\x16\
\x00\x16\x81\x84\x00\x80\x02\x00\x0c\x00\x84\x00\x00\x00\x84\x00\
\x01\x00?\xf7\x0a\xdb\xc8\x03\x0b\x10\x10\x10\x10\x10\x0f\x09\
\x03\xfc\xf7\xf6\xf6\xf6\xf6\xf6\xfa\x03\x11   \x12\x03\
\xf4\xe6\xe6\xe6\xf5\xd3\xdb\xe0\xe0\xe0\xe0\xe0\xdf\xd9\xd3\xcc\
\xc7\xc6\xc6\xc6\xc6\xc6\xca\xd3\xe1\xf0\xf0\xf0\xe2\xd3\xc4\xb6\
\xb6\xb6\xc5\x80\x00\xd6\x81\x83;\x0c\x0c\x09\x08\x0b\xfd\xfd\
\xfc\xfc\xfc\xfc\xfc\xfd\xfd\x0b\x08\x09\x0c\xe4\xe4\xf9\x05\x0c\
$$$\x0c\x04\xf9\xe4\x04\x04\x01\x00\x03\xf5\xf5\xf4\xf4\
\xf4\xf4\xf4\xf5\xf5\x03\x00\x01\x04\xdc\xdc\xf1\xfd\x04\x1c\x1c\
\x1c\x04\xfc\xf1\xdc\x83?\xfb\xed;I\x00\xfd\xf3\xeb\xeb\
\xeb\xeb\xf3\xfd\x00\x03\x0d\x15\x15\x15\x15\x0d\x03\x00\xec\xd7\
\xd7\xd7\xec\x00\x14)))\x1563)!!!!\
)369CKKKKC96\x22\x0d\x0d\x0d\
\x226J___K\x80\x006\x81\x83!\xf4\xf4\xf5\
\xf9\xfe\xfe\x03\x07\x08\x08\x08\x07\x03\xfe\xfe\xf9\xf5\xf4*\
*\x0d\xfe\xef\xd2\xd2\xd2\xef\xfe\x0d*\xf6\xf6\xf7\xfb\x81\
\x06\x05\x09\x0a\x0a\x0a\x09\x05\x81\x0e\xfb\xf7\xf6,,\x0f\
\x00\xf1\xd4\xd4\xd4\xf1\x00\x0f,\x83\x00\x80\x02\x00\x0c\x00\
\x07\x00\x00\x00\x07\x00\x01\x03\x02\x01\x02\x02\x02\x1c\xd8\xf4\
\x00\xbc\x81\x02\xdf/\x0e\x00L\x81\x00\x80\x02\x00\x0c\x00\
\x07\x00\x00\x00\x07\x00\x01\x00\x81\x00\xf4\x81\x00\x16\x83\x81\
\x00\x0e\x81\x00\xe8\x83\x00\x80\x02\x00\x0c\x00\x07\x00\x00\x00\
\x07\x00\x01\x00\x81\x00\xf4\x81\x00!\x83\x81\x00\x0e\x81\x00\
\xd3\x83\x00\x80\x02\x00\x0c\x00\xc1\x00\x00\x00\xc0\x00\x01\x00\
?\xf7\x0a\xdb\xc8\x03\x0b\x10\x10\x10\x10\x10\x0f\x09\x03\xfc\
\xf7\xf6\xf6\xf6\xf6\xf6\xfa\x03\x11   \x12\x03\xf4\xe6\
\xe6\xe6\xf5\xd3\xdb\xe0\xe0\xe0\xe0\xe0\xdf\xd9\xd3\xcc\xc7\xc6\
\xc6\xc6\xc6\xc6\xca\xd3\xe1\xf0\xf0\xf0\xe2\xd3\xc4\xb6\xb6\xb6\
\xc5\x1f\xc2\xca\xcf\xcf\xcf\xcf\xcf\xce\xc8\xc2\xbb\xb6\xb5\xb5\
\xb5\xb5\xb5\xb9\xc2\xd0\xdf\xdf\xdf\xd1\xc2\xb3\xa5\xa5\xa5\xb4\
\x00\xc5\x81\x83?\x0c\x0c\x09\x08\x0b\xfd\xfd\xfc\xfc\xfc\xfc\
\xfc\xfd\xfd\x0b\x08\x09\x0c\xe4\xe4\xf9\x05\x0c$$$\x0c\
\x04\xf9\xe4\x04\x04\x01\x00\x03\xf5\xf5\xf4\xf4\xf4\xf4\xf4\xf5\
\xf5\x03\x00\x01\x04\xdc\xdc\xf1\xfd\x04\x1c\x1c\x1c\x04\xfc\xf1\
\xdc\x04\x04\x01\x00\x19\x03\xf5\xf5\xf4\xf4\xf4\xf4\xf4\xf5\xf5\
\x03\x00\x01\x04\xdc\xdc\xf1\xfd\x04\x1c\x1c\x1c\x04\xfc\xf1\xdc\
\x83?\xfb\xed;I\x00\xfd\xf3\xeb\xeb\xeb\xeb\xf3\xfd\x00\
\x03\x0d\x15\x15\x15\x15\x0d\x03\x00\xec\xd7\xd7\xd7\xec\x00\x14\
)))\x1563)!!!!)369C\
KKKKC96\x22\x0d\x0d\x0d\x226J__\
_K\x1f?<2****2<?BLT\
TTTLB?+\x16\x16\x16+?Shhh\
T\x00?\x81\x83!\xf4\xf4\xf5\xf9\xfe\xfe\x03\x07\x08\x08\
\x08\x07\x03\xfe\xfe\xf9\xf5\xf4**\x0d\xfe\xef\xd2\xd2\xd2\
\xef\xfe\x0d*\xf6\xf6\xf7\xfb\x81\x06\x05\x09\x0a\x0a\x0a\x09\
\x05\x81\x12\xfb\xf7\xf6,,\x0f\x00\xf1\xd4\xd4\xd4\xf1\x00\
\x0f,\xf6\xf6\xf7\xfb\x81\x06\x05\x09\x0a\x0a\x0a\x09\x05\x81\
\x0e\xfb\xf7\xf6,,\x0f\x00\xf1\xd4\xd4\xd4\xf1\x00\x0f,\
\x83\x80\x02\x00\x0c\x00\x0c\x00\x00\x00\x0c\x00\x01\x05\x04\x01\
\x02\x02\x02\x02\x04\x16\xe4\x14\xe6\xfa\x04\xf4\x0e\xe9\x19\x00\
\x04\xdc,\xea\x1e\x08\x04\x12\xee$\xdc\x00\x00\x80\x02\x00\
\x0c\x00\x0a\x00\x00\x00\x0a\x00\x01\x04\x03\x01\x02\x02\x02\x03\
\x19\xe7\x1a\xe6\x03\xe5\x1b\xe8\x18\x03\xd8(\xe3\x1d\x03\x0e\
\xf2$\xdc\x80\x02\x00\x0c\x00\x1e\x00\x00\x00\x1c \x01\x00\
\x0d\x0a\x0a\xdc\xdc\x0b\x0b\xdb\xdb\x0a\x0a\xdc\xdc\x00\xe6\x81\
\x0b\xf4\xc4\xc4\xf4\xd8\xce\xcd\xd7\xea\xba\xba\xea\x83\x08\x07\
\x01\x02\x01\x01\x01\x01\x02\x02\x07\xf0\x10\xdb\xdb%%\xf0\
\x10\x07\x0b\xce\x0c \x1f\x0b4\xf6\x00\x80\x02\x00\x0c\x00\
\x5c\x00\x00\x00Z \x01\x00,!!\x0f\x12\x18\x11\x02\
\xff\x00\x05\x0a\x0a\x0a\x0a\x04\xfd\xfb\xfe\x07\x0c\x0a\x07\x13\
\x13\xe1\xe1\xf3\x04\x18\x1f\x1f\x1f\x1f\x1a\x08\xf3\xe1\xd0\xca\
\xca\xca\xd0\xe1\x00\xf1\x81\x80)\x01\xfc\x10\x0f\x02\x02\x02\
\x04\x04\x00\xfb\xef\xe7\xe5\xea\xf0\xf0\xf0\xe3\xe1\xf0\x04\xf2\
\xf2\x00\xc8\xc8\xd6\xe6\xec\xf4\xf7\x0e\x22\x22\x22\x0d\xf7\xf5\
\xef\xda\xc8\x83\x1d\x1c\x01\x01\x01\x01\x01\x01\x01\x01\x01\x01\
\x01\x01\x02\x04\x01\x01\x01\x02\x02\x01\x02\x01\x03\x01\x03\x01\
\x03\x01\x03\x1c\xd7\xdd\xde\xea\xef\xe7\xe6\xe8\xeb\xee\xee\xee\
\xed\xe9\xe4\xde\xdd\xe9-\x0e\xe5\xd7\xd7\xe5 8D7\
\x13\x03\x04\xec\xfd\x04\x82\x15\xfe\xfb\xfc\xff\x05\x0d\x10\x0f\
\x0d\x0c\x12\x00>0\x17\xed\xd6\xca\xd7\x13/\x00\x00\x80\
\x02\x00\x0c\x00I\x00\x00\x00I\x00\x01\x00#\x13\x13\xf2\
\x00\x1a\x1a\x1a\x10\xfe\xf0\xe8\xd6\xcc\xcc\x0a\x0a\x0a\x00\xf0\
\xe9\xe2\xde\xde\xde\xde\xe4\xed\xf1\xd1\xd3\x15\x15\xd1\xd1\x00\
\xf4\x81\x19\xd0\xce\xce\xce\xe9\x01\x0e%444)\x10\
\xfd\xfd\x04\x04\xfe\xfe\xfe\xfe\xff\x00\x02\x04\x03\x81\x04\xe6\
\xd0\x00\xbc\xbc\x84#\xde\xde\xfe\xe7\xd0\xd0\xd0\xdf\xf6\x02\
\x140@@\xee\xee\xf7\x04\x08\x10\x1c\x22\x22\x22\x22\x19\
\x0d\x0722\xdc\xdc44\x00\x0e\x81 $\x14\x14\x14\
\xfa\xe8\xd8\xc3\xba\xba\xba\xc8\xe1\xf2\xf2\xfc\x03\x02\x02\x02\
\x02\xfc\xf1\xf1\xe7\xe3\xe3\xe0\xec$\x0044\x84\x00\x80\
\x02\x00\x0c\x00\x08\x00\x00\x00\x08\x00\x01\x00\x02\xf4\x00\xf4\
\x81\x00\xf3\x83\x02\x0e\x00\x0e\x81\x00\x12\x83\x00\x80\x02\x00\
\x0c\x00\x06\x00\x00\x00\x06\x00\x01\x00\x02\xf4\x00\xf4\x81\x84\
\x02\x0e\x00\x0e\x81\x84\x00\x80\x02\x00\x0c\x00\x07\x00\x00\x00\
\x07\x00\x01\x00\x80\x02\xce\x00\xca\x81\x85\x80\x02N\x00V\
\x81\x85\x00\x80\x02\x00\x0c\x00\x07\x00\x00\x00\x07\x00\x01\x00\
\x81\x00\xd0\x81\x00\xcd\x83\x81\x00X\x81\x00\x1b\x83\x00\x80\
\x02\x00\x0c\x00\x08\x00\x00\x00\x08\x00\x01\x00\x02\xd0\x00\xd0\
\x81\x00*\x83\x02X\x00X\x81\x00\xd2\x83\x00\x80\x02\x00\
\x0c\x00\x07\x00\x00\x00\x07\x00\x01\x00\x80\x02\xe2\x00\xd0\x81\
\x85\x80\x026\x00X\x81\x85\x00\x80\x02\x00\x0c\x00\x08\x00\
\x00\x00\x08\x00\x01\x00\x02\xee\x00\xee\x81\x00*\x83\x02\x22\
\x00\x22\x81\x00\xd2\x83\x00\x80\x02\x00\x0c\x00<\x00\x00\x00\
<\x00\x01\x00\x1c\x08\x08\x07\x03\x01\x02\x02\x02\xf1\xf4\xfc\
\xfc\x06\x16\x16\x16\x06\xfb\xf8\xed\xe4\xe4\xe4\xe4\xee\xff\x0b\
\x00\xee\x81\x1a0\x18\x18\x18\x16\x1f/\x157755\
5'\x1a\x0e\xfc\xfc\xfc\xfe\x09\x16\x1a *00\x83\
\x1c\xf4\xf4\x11\x0b\x04\x02\x02\x02\x0b\x0b\x06\x00\xf6\xe8\xe8\
\xe8\xf6\x08\x14%....(\x18\x08\x00\x22\x81\x1a\
\xce\x02\x02\x02\xfa\xf2\xf2\xf0\xd9\xd7\xd2\xd2\xd2\xdd\xe8\xf2\
\x04\x04\x04\xf9\xe4\xd6\xde\xe1\xd9\xce\xce\x83\x00\x80\x02\x00\
\x0c\x00\x07\x00\x00\x00\x07\x00\x01\x00\x81\x00\xee\x81\x00\xcd\
\x83\x81\x00\x22\x81\x00\x1b\x83\x00\x80\x02\x00\x0c\x00\x08\x00\
\x00\x00\x08\x00\x01\x03\x02\x01\x02\x02\x02\x18\xe4\xfc\x80\x01\
\x18\x00\x02\xda.\x08\x80\x01\xcc\x00\x00\x80\x02\x00\x0c\x00\
#\x00\x00\x00#\x00\x01\x00\x10\x10\x10\xde\xde\xd8\xd8\xd6\
\xe7\xe6\xe6\xef\xdc\xd0\xd0\xd0\x00\xec\x81\x80\x0c\xf2\xf2\xef\
\xef\xeb\xf0\xf0\xf0(((\x1a\x08\x84\x10\xe6\xe6**\
,,&\x1a\x1e\x1e\x16)<<<\x00\x0e\x81\x80\x0c\
\x12\x12\xfe\xfe\xfd\x14\x14\x14\xce\xce\xce\xe1\xf3\x84\x00\x80\
\x02\x00\x0c\x00%\x00\x00\x00%\x00\x01\x00\x11\x10\x10\xe0\
\xe0\xd8\xd8\xd6\xd7\xdc\xec\xec\xf0\xe2\xd0\xd0\xd0\x00\xf2\x81\
\x80\x0d\xf2\xf2\xf8\xf8\xed\xeb\xf0\xf0\xf0(((\x16\x08\
\x84\x11\xe6\xe6&&&&/3.\x1c\x1c'3<\
<<\x00\x10\x81\x80\x0d\x12\x12\xca\xca\xf0\x0f\x14\x14\x14\
\xce\xce\xce\xd8\xe3\x84\x00\x80\x02\x00\x0c\x00\x07\x00\x00\x00\
\x07\x00\x01\x00\x80\x02\x0b\x00\xec\x81\x85\x80\x02\xe1\x00\x0e\
\x81\x85\x00\x80\x02\x00\x0c\x00\x07\x00\x00\x00\x07\x00\x01\x00\
\x80\x02\x01\x00\xf2\x81\x85\x80\x02\xe3\x00\x10\x81\x85\x00\x80\
\x02\x00\x0c\x00\x07\x00\x00\x00\x07\x00\x01\x00\x80\x02\x17\x00\
\xec\x81\x85\x80\x02\xce\x00\x0e\x81\x85\x00\x80\x02\x00\x0c\x00\
\x07\x00\x00\x00\x07\x00\x01\x00\x80\x02\x0d\x00\xf2\x81\x85\x80\
\x02\xd0\x00\x10\x81\x85\x00\x80\x02\x00\x0c\x00\x07\x00\x00\x00\
\x07\x00\x01\x00\x80\x02\x01\x00\xec\x81\x85\x80\x02\xf7\x00\x0e\
\x81\x85\x00\x80\x02\x00\x0c\x00\x07\x00\x00\x00\x07\x00\x01\x00\
\x80\x02\x01\x00\xf2\x81\x85\x80\x02\xe6\x00\x10\x81\x85\x00\x80\
\x02\x00\x0c\x00\x80\x00\x00\x00G \x01\x00\x80\x02\x03\x04\
\x02\x83\x06\x01\x02\x02\x00\xff\xfe\xff\x83,\xfe\xfc\xfe\x00\
\x0f\x1a\x1a\x1a\x1a\x1a\x0f\x00\xf1\xe7\xe6\xe6\xe6\xe7\xf1\x0f\
\x0f\xf5\xf5\x0e\x03\xe8\xf0\x03\x03\x01\x0a\x0c\x0c\x0c\x0a\x01\
\x03\x03\x09\x02\xf1\xf1\xf1\x02\x09\x83?\x02\x02\xfe\xfb\xfc\
\x02\xfc\x00\x02\x00\xfe\xfe\xfe\x00\x02\x00\xfc\x02\xfc\xfb\xfe\
\x02\xea\xea\xf3\xfe\x00\x01\x0b\x16\x16\x16\x0b\x01\x00\xfe\xf3\
\xea\x02\xfc\xfc\x02\x02\x11\x11\x02\x14\xfe\xfe\xfe\x04\x08\x0d\
\x12\x12\x12\xfc\xfc\xfc\x03\x08\x0e\x14\x14\x83\x17\x16\x00\x16\
\x11\x02\x01\x01\x01\x01\x02\x01\x01\x01\x02\x01\x01\x02\x01\x01\
\x01\x01\x01\x01\x01\x81\x14\xee\x12\xed\x0b*\x0f\xfe\x02\xfd\
\xf2\xf2\xfd\x02\xfe\x08\x14\x15\x15\x15\x14\x08\x07\xf8\xf8\xfe\
\xf4\xf4\xfa\xfa\xf4\x82\x0b\xfb\xe8\xe4\xe4\xfe\xfe\xfe\xfa\xf2\
\xe9\xe6\xe6\x80\x02\x00\x0c\x00~\x00\x00\x00~\x00\x01\x00\
\x14\x05\xfd\x02\x0e\x0e\x0e\x08\x05\x0a\x0a\xf0\xdc\xdc\xdc\xe0\
\x07\xfd\x0c\x0c\xda\xda\x81&\xe8\xe8\x0c\x0c\x0c\x0d\x08\x07\
\x06\x05\x11\x0d\x0c\x0c\xff\xfc\xff\xea\xe7\xe7\xea\xf3\x02\xf4\
\xe0\xda\xd2\xda\xe0\xe0\xdf\xde\xdc\xdb\xda\xda\xda\x00\xf0\x81\
;\x02\x02\x01\xf8\xef\xf1\xf2\xf2\xf2\x1b\x1b\x01\xed\xe4\xd4\
\xd4\xd4\xf3\x0e\x0e\x02\x18\xf2\xf2\x18\xfc\x02\x09\x09\x0e\x0f\
\x14\x16\x0e\x02\xfc\xf9\xfc\xfc\xfc\xfa\xfa*+***\
$\x17\x07\xf9\xf4\xf3\xf0\xef\xee\xed\xf9\x02\xfc\x83\x14\x0b\
\xf7\xed\xf0\xf0\xf0\xea\xef\xfe\xfe\x13000\x19\x0d\xfd\
\xfe\x02::\x81&&&\x02\x02\x02\x0b\x13\x16\x0d\x0e\
\x0c\xfe\x01\x05\x06\x15!$((%\x1a\x1a$/2\
41.,/1,.:::\x00\x1e\x81;\xfe\
\xfe\x03\x05\x04\x08\x11\x17\x17\xf4\xf4\xf7\x04\x10\x1c\x1c\x1c\
\x22\xf8\xf8\xfe\xed\x15\x15\xed\x09\x05\xfd\xeb\xe5\xe2\xe5\xe3\
\xdf\xeb\xf7\x05\x0c\x0c\x0c\x09\x08\xdc\xdd\xde\xde\xde\xe4\xec\
\xf2\x00\x04\x07\x05\x05\x08\x08\x09\x05\x09\x83\x00\x80\x02\x00\
\x0c\x00|\x00\x00\x00|\x00\x01\x00;\x10\x07\x0d\x19\x19\
\x19\x13\x10\x15\x15\xfb\xe7\xe7\xe7\xf4\x12\x08\x17\x17\xe5\xe5\
\x0c\x0c\xf1\xf1\x17\x17\x17\x18\x13\x0b\x0e\x11\x1b\x18\x17\x17\
\x0e\x07\x0a\xf6\xf2\xf2\xf5\xfd\x0c\xff\xea\xe3\xdb\xe4\xea\xeb\
\xe9\xe5\xe3\xe4\xe5\xe5\xe5\x83;\x02\x02\x01\xf8\xef\xf1\xf2\
\xf2\xf2\x1b\x1b\x01\xed\xde\xd4\xd4\xd4\xf3\x0e\x0e\x02\x18\xf2\
\xf2\x18\xfc\x02\x09\x09\x0e\x14\x16\x15\x0d\x02\xfc\xfb\xfc\xfc\
\xfc\xfa\xfa*+***$\x17\x08\xf9\xf4\xf3\xf1\xf0\
\xf0\xed\xfb\x02\xfc\x83;\xff\xed\xe4\xe7\xe7\xe7\xe2\xe5\xf2\
\xf2\x07%%%\x0c\x00\xf2\xf1\xf5//\xf4\xf4\x15\x15\
\xf5\xf5\xf5\xfe\x08\x04\x04\x01\xff\xf2\xf5\xf8\xfb\x08\x17\x1a\
\x1f\x1f\x1b\x08\x0d\x17#&)&\x22\x1e$'\x1f\x22\
///\x83;\xfe\xfe\x03\x05\x04\x08\x11\x17\x17\xf4\xf4\
\xf8\x04\x10\x1c\x1c\x1c\x22\xf8\xf8\xfe\xed\x15\x15\xed\x09\x05\
\xfc\xeb\xe4\xe4\xe4\xe3\xdd\xec\xf8\x05\x0c\x0c\x0c\x0a\x08\xdc\
\xde\xde\xde\xde\xe4\xec\xf4\x00\x04\x08\x05\x03\x09\x09\x0b\x05\
\x09\x83\x00\x80\x02\x00\x0c\x00\x02\x00\x00\x00\x02\x00\x01\x00\
\x84\x84\x84\x84\x00\x00\x02\x00\x0c\x00( \x00\x00( \
\x01\x0c\x0b\x01\x01\x02\x03\x01\x02\x03\x03\x01\x02\x03\x01\x00\
\xfc\x81\x08\xf5\xf0\xf0\x02\x0a\x02\xef\xe6\xef\x80\x0a\xfc\xf0\
\xec\xf0\xfc\xe6\xfd\x06\x06\xef\xe6\x0c\x0b\x00\x02\x02\x02\x02\
\x02\x03\x03\x01\x02\x03\x01\x00\x15\x81\x08\x15**\x0e\x03\
\x0e\x1c'\x1c\x0b\xff\x05\x13\x19\x13\x05 \x03\xf8\xf8\x15\
 \x80\x02\x00\x0c\x002\x00\x00\x00( \x01\x00\x01\xf2\
\xf6\x82\x08\xf6\xf2\xee\xe4\xe4\xe4\xee\xf2\xfb\x82\x06\xfb\xf2\
\xe9\xe4\xe4\xe4\xe9\x83\x17\x0c\x0c\x0a\x04\xff\xfc\xfc\xfc\xff\
\x04\x0a\x0c\xf2\xf2\xff\x04\x0a\x16\x16\x16\x0a\x04\xff\xf2\x83\
\x0c\x0b\x01\x01\x02\x01\x02\x01\x02\x01\x02\x03\x03\x03\x00\x0a\
\x81\x08\x0a\x14\x1e\x1e\x14\x03\xf6\x1b(\x0b\xf8\xf6\x06\x04\
\x04\x06\xf6\xf8\x13\xf5\xe9\x07\x00\x80\x02\x00\x0c\x00Z\x00\
\x00\x00Z\x00\x01\x00+\xf6\x00\x0f\x11\xd7\xd5\xe7\xf6\x0c\
\x15\x15\x15\xfb\xfa\xf4\xff\x15\x15\x15\x09\xfb\xf6\xe9\xd9\xd7\
\x11\x13\x02\xf6\xe5\xdb\xdb\xdb\xea\xf1\xf7\xe5\xdb\xdb\xdb\xe7\
\xf5\x00\xec\x81)\x02\x02\x01\xf6\xf6\xe1\xce\xce\xce\xe6\xf4\
\x06\x17\x17\x18\x18\x11\x05\xf9\xf1\xf2\xf2\xf2\xf2\x01\x01\x12\
&&&\x0e\x03\xfb\xe6\xe5\xe4\xe6\xee\xf2\xfa\x01\x02\x83\
+\x12\x03\xec\xe9/1,\x16\xf9\xe8\xe8\xe8\xf2\xf5\x09\
\xeb\xe7\xe7\xe7\xef\xfd\x05\x1a24\xee\xeb\xf6\x03\x1c/\
//+%\x11%000,\x1f\x00\x1a\x81)\xfe\
\xfe\x07\x13\x13\x19,,,\x0e\x01\xf5\xeb\xea\xe8\xeb\xfe\
\x01\x0b\x11\x12\x12\x12\x01\xf5\xf5\xee\xe4\xe4\xe4\xfc\x0b\x14\
$$&$\x12\x0b\x04\xff\xfe\x83\x00\x80\x02\x00\x0c\x00\
\x07\x00\x00\x00\x07\x00\x01\x00\x80\x02\x0f\x00\xec\x81\x85\x80\
\x02\xe0\x00\x1a\x81\x85\x00\x80\x02\x00\x0c\x00\x07\x00\x00\x00\
\x07\x00\x01\x00\x80\x02\x1b\x00\xec\x81\x85\x80\x02\xcd\x00\x1a\
\x81\x85\x00\x80\x02\x00\x0c\x00\x07\x00\x00\x00\x07\x00\x01\x00\
\x80\x02\xf5\x00\xec\x81\x85\x80\x02\x0f\x00\x1a\x81\x85\x00\x80\
\x02\x00\x0c\x00\x07\x00\x00\x00\x07\x00\x01\x00\x80\x02\x18\x00\
\xec\x81\x85\x80\x02\xd8\x00\x1a\x81\x85\x00\x80\x02\x00\x0c\x00\
\x07\x00\x00\x00\x07\x00\x01\x00\x80\x02\x01\x00\xec\x81\x85\x80\
\x02\xf5\x00\x1a\x81\x85\x00\x80\x02\x00\x0c\x00\x07\x00\x00\x00\
\x07\x00\x01\x00\x80\x02\xce\x00\xca\x81\x85\x80\x02N\x00V\
\x81\x85\x00\x80\x02\x00\x0c\x00\xa6\x00\x00\x00\xa8\x00\x01\x00\
\x80?\x0e \x22\xe8\xe6\xf5\x00\x1a$$$\x1f\x16\x12\
\x14\x17\x1b\x1e\x1e\x1e\x22% \xe6\xe0\xe1\xe4\xe4\xe4\xe9\
\xf0\xf3\xf2\xf0\xec\xea\xea\xea\xf7\xec\x0b\x0b\x1c\x1c\x1c\x15\
\x0d\x0a\x0c\x13\x19\x1d\x1d\x1d\x12\x05\x02\xf6\xe9\xe6 \x22\
\x0d\xff\x0e\xf0\xe2\xe2\xe2\xe8\xef\xf2\xf1\xeb\xe6\xe2\xe2\xe2\
\xe7\xec\x83?\x1a\x1a\x0f\xf8\xf8\xef\xe6\xe6\xe6\x02\x0a\x11\
\x18\x1a\x1a\x19\x16\x11\x0a\x06\x07\x02\xfc\xfa\x17\x10\x0c\x07\
\xfc\xf4\xee\xed\xed\xee\xf2\xf6\xfa\xfc\x0e\x1a\x11\xf3\xef\xfb\
\x00\x0a\x15\x18\x17\x16\x12\x0c\x04\xfe\xf7\xef\xeb\xeb\xeb\xf6\
\xff\xff\x10\x1f\x0f\x1f\x1f\x0b\x01\xfa\xf1\xec\xeb\xec\xee\xf2\
\xfa\x00\x0b\x0e\x0c\x83?\x01\xf4\xdc\xd9\x1f!\x1c\x03\xf4\
\xe0\xe0\xe0\xe7\xf0\xf4\xf4\xee\xea\xe6\xe6\xe6\xf2\x00\xff\x14\
\x09\x18...'\x1d\x19\x19\x1d!$$$\x0f\x0e\
\xea\xe8\xe5\xe5\xe5\xea\xf3\xf7\xf5\xef\xe8\xe3\xe3\xe3\xec\xfd\
\x09\x1e30\xee\xee\xf9\x11\x05\x19)))!\x14\x0f\
\x12\x1c&----!\x00\x12\x81?\xef\xef\xff\x0e\
\x0e\x13\x1d\x1d\x1d\x0e\xfc\xf4\xeb\xe6\xe4\xe4\xe6\xe9\xed\xf0\
\xf9\x06\x0b\x06\xf9\xf2\xf0\xfd\x0a\x10\x17\x19\x1a\x19\x17\x10\
\x05\xfc\xf2\xef\xeb\x0c\x09\x02\xfe\xf4\xec\xe9\xe8\xe9\xed\xf2\
\xf8\xfb\x01\x0e\x17\x17\x17\x05\xf2\xf2\xf0\xea\x0f\xea\xea\xfa\
\x03\x12\x1e\x22#!\x1b\x15\x0f\x0c\x06\xfe\xf3\x83\x00\x80\
\x02\x00\x0c\x00\x0a \x00\x00\x0a\x00\x01\x00\x02\x01\x01\x02\
\x01\xfe\xf4\x01\x14\x00\x00\xfc\x81\x00\x0e\x81\x80\x00\xce\x83\
\x00\x80\x02\x00\x0c\x00\x1e\x00\x00\x00\x1e\x00\x01\x00\x0d\x16\
\x13\x12\x10\x10\xdc\xdc\xd3\x10\x10\xde\xde\x00\xe6\x81\x80\x02\
144\x81\x02E\x00 \x81\x00 \x83\x0d\xff\xb8\xb1\
\xec\xec@@a\xec\xec22\x00,\x81\x80\x02\xb2\xba\
\xba\x81\x02\x10\x00\xb8\x81\x00\xb8\x83\x00\x80\x02\x00\x0c\x00\
\x05\x00\x00\x00\x05\x00\x01\x00\x81\x00\xe1\x81\x84\x81\x00\x09\
\x81\x84\x00\x80\x02\x00\x0c\x00\x1e\x00\x00\x00\x1c \x01\x00\
\x0d\x03%)\x0b\x0b\xd7\xd7\xc6\x0b\x0b\xde\xde\x00\xe1\x81\
\x80\x020--\x81\x02\x02\x00+\x81\x00+\x83\x08\x07\
\x00\x02\x02\x02\x01\x02\x02\x02\x07\xf4\xeb\xf8\x0e\x1c\xf8\x15\
\x09\x80\x02\xe2\x00\xdd\x81\x01\xed\x00\x00\x80\x02\x00\x0c\x00\
#\x00\x00\x00#\x00\x01\x00\x10\x0f\x0f\x0f\x0b\x18\x18\x04\
\x04\xd9\xd9\xd5\xd3\xd3\xd3\xd3\x00\xdd\x81\x80\x05\x0d -\
744\x81\x04C?2\x1e\x0d\x84\x10\xe3\xe3\xe3\xdc\
\xdd\xd9\xfc\xfc1108AAA\x00-\x81\x80\x05\
\x0a\xf7\xc4\xae\xb2\xb2\x81\x04\x96\xa8\xd2\xfb\x0a\x84\x00\x80\
\x02\x00\x0c\x00\x12\x00\x00\x00\x12\x00\x01\x08\x07\x00\x01\x01\
\x02\x02\x01\x02\x02\x07\x19\x14\x12#\xdb\xd6#\xf1\x80\x03\
14\x00D\x81\x00&\x07\xdf\xa5\x9d\xd6*A\xd6\x1c\
\x80\x03\xb2\xba\x00\x0f\x81\x00\xb4\x80\x02\x00\x0c\x00!\x00\
\x00\x00!\x00\x01\x00\x0e\x1f\x1f\x1f\x16##\x15\x15\xe4\
\xe4\xe0\xe1\xe3\xe3\xe3\x83\x80\x05\x0d\x1e,744\x81\
\x04C>0\x1c\x0d\x84\x0e\xd1\xd1\xd1\xc9\xc9\xc5\xe8\xe8\
\x1d\x1d\x1c&///\x83\x80\x05\x0a\xf6\xc5\xae\xb2\xb2\
\x81\x04\x94\xa6\xd1\xf9\x0a\x84\x00\x80\x02\x00\x0c\x00i\x00\
\x00\x00g\x00\x01\x003\xf5\x0a\x18\x17\x10\x10\x10\x10\xfe\
\x02\xf4\xf5\xf2\xf2\xf6\xf2\x03\xfa\xe3\xd4\xd4\xd4\xe0\xe0\xda\
\xdc\xe6\xe6\xe5\xe5\xe5\xe5\xe9\xf0\xf5\x04\x17!!!\x17\
\x01\xee\xdc\xcf\xcd\xcd\xcd\xd8\xea\x00\xf1\x81\x18\x04\x04\xf4\
\xe5\xe7\xf9\xe7\xf6\xfe\xfe\xfe\xfe\xfd12222$\
\x04\xec\x9e\xf7\xed\xf3\x82\x15\xfd\xfe\x03\x09\x09\x04\xce\xce\
\xe0\xf9\x03\x0d\x22222 \x09\x02\xfa\xe1\xce\x833\
\x0d\x0c\x00\xf2\xe8\xe8\xe8\xe8\xfa\x12\x10(***\x10\
\x10\x1e1<<<,,,-.-2999\
&\x11\x07\xf8\xe7\xe1\xe1\xe1\xe7\xf6\x03\x13(222\
,\x19\x00%\x81\x07\xfe\xfe\xfb\xfa\xfb\xff\xf7\x03\x84$\
\xb6\xb5\xb6\xb6\xb6\xca\xe7\xf6\xcd$\x1f\x1a\x18\x18\x18\x1a\
\x1a\x14\x09\x00\xfeDD6\x1f\x10\x02\xe9\xdc\xdc\xdc\xea\
\x02\x11\x1c4D\x83\x00\x80\x02\x00\x0c\x00\x05\x00\x00\x00\
\x02\x00\x01\x00\x81\x00\xe5\x81\x84\x84\x84\x80\x02\x00\x0c\x00\
]\x00\x00\x00\x5c\x00\x01\x00-\xf5\xfb\x06\x0c\x0c\x0c\x0c\
\x00\xf5\xf6\xea\xe6\xe6\xe6\xed\xf5\xf6\xf1\xe3\xd7\xd7\xd7\xe1\
\xe1\xdf\xe1\xe2\xdb\xdb\xdb\xf0\xf8\x08\x13\x13\x13\x08\xf8\xe7\
\xdb\xdb\xdb\xe0\xed\x00\xe5\x81\x06\x02\x02\x00\xff\x00\x01\xfd\
\x82!\xff\xff//////&\x13\x02\x0c\xec\xee\
\xf3\xf3\xf3\xf0\xf6\xff\x02\xd4\xd4\xeb\xf8\x06\x1a\x1a\x1a\x05\
\xf8\xf0\xe0\xd4\x83+\x01\xf4\xf1\xf6\xf6\xf6\xf6\xfd\xfa\xff\
\xff\x01\x01\x0c\x0d\x01\xf9\x01\x10\x19\x19\x19\x12\x12\x15\x0a\
\x08\x07\x07\x07\x03\x01\xf4\xe7\xe7\xe7\xf4\x04\x16\x1c\x1c\x1c\
\x15\x09\x83+\xfe\xfe\x0b\x10\x04\x0d\x06\x01\x01\x01\x01\x01\
\xe4\xe2\xe2\xe3\xe3\xe3\xec\xfe\x0a1\x06\x0e\x01\x01\x01\x03\
\xff\xf9\xfe\x1d\x1d\x08\xff\xf6\xe4\xe4\xe4\xfa\x00\x04\x12\x1d\
\x83\x80\x02\x00\x0c\x00g\x00\x00\x00h\x00\x01\x001\xfa\
\x0f\x1e\x1d\x17\x17\x17\x17\x01\x09\xfc\xfc\xfa\xfa\xfd\xfa\x0a\
\x00\xea\xdb\xdb\xdb\xe7\xe7\xe5\xe8\xf1\xec\xea\xea\xea\xea\xee\
\xf5\xfa\x0c\x1f&&&\x1a\x06\xf8\xe5\xd6\xd4\xd4\xd4\xe0\
\xf2\x83\x18\x04\x04\xf4\xe3\xe3\xf3\xe0\xf5\xff\xff\xff\xff\xfe\
23333$\x04\xec\xf7\xf7\xf2\xf7\x82\x15\xfd\xfe\
\x03\x09\x09\x04\xce\xce\xde\xf6\x03\x0b!222!\x0a\
\x01\xfb\xe2\xce\x831\xf6\xf6\xee\xe2\xd9\xd9\xd9\xd9\xe5\xfb\
\xf8\x0c\x0d\x0d\x0e\xf8\xf9\x08 ---!!##\
\x1f\x16\x16\x1c\x1c\x1c\x0b\xf8\xf0\xe2\xce\xc4\xc4\xc4\xc9\xdc\
\xf0\x02\x18###\x1c\x07\x831\xfe\xfe\xfc\xf8\xf7\xf9\
\xf1\x03\x01\x01\x01\x01\x01\xb7\xb6\xb7\xb7\xb7\xc8\xe5\xf6$\
$#\x1c\x16\x16\x16\x19\x19\x13\x08\x00\xfeDD4\x1c\
\x10\x00\xe8\xdc\xdc\xdc\xeb\x03\x10\x1e5D\x83\x80\x02\x00\
\x0c\x00\x09\x00\x00\x00\x09\x00\x01\x00\x05\xff\xff\xc3\xc3\x00\
\xc2\x81\x87\x05\xf7\xfb]Y\x00T\x81\x87\x00\x80\x02\x00\
\x0c\x00\x08\x00\x00\x00\x08\x00\x01\x03\x02\x01\x02\x02\x02\x1e\
\xea\x08\x02\xe5\x1b\x00\x02\xe4\x1b\xff\x02.\xde\x00\x00\x80\
\x02\x00\x0c\x00+\x00\x00\x00-\x00\x01\x00\x14\xb2\xef\x12\
\xe0\x04A\xf9\xed\xed\x05\x05\x12\x12\xe0\xe0\xed\xed\x05\x05\
\x00\xf2\x81\x81\x01**\x81\x01b*\x81\x05*\x0e&\
&\x0e)\x81\x00)\x83\x14q\x05\xdf5\x0f\xa2\x0a\x05\
\x05\x0f\x0f\xdf\xdf55\x05\x05\x0f\x0f\x00\x12\x81\x81\x01\
\xdb\xdb\x81@\xffo\x00\xdb\x81\x01\xdb\xd6\x81\x01\xd6\xdb\
\x81\x00\xdb\x83\x00\x80\x02\x00\x0c\x00)\x00\x00\x00)\x00\
\x01\x00\x12\xdd\x1a\x1c\xe4\xe7$\x00\x18\x18\xe8\xe8\x1c\x1c\
\xe4\xe4\x18\x18\xe8\xe8\x83\x81\x01,,\x81\x01^*\x81\
\x05*\x0e&&\x0e)\x81\x00)\x83\x12f\x05\xd1/\
\xfb\x99\x00\x05\x05\xfb\xfb\xd3\xd3--\x05\x05\xfb\xfb\x83\
\x81\x01\xdb\xdb\x81\x01\x8d\xdb\x81\x01\xdb\xd6\x81\x01\xd6\xdb\
\x81\x00\xdb\x83\x00\x80\x02\x00\x0c\x00\x05\x00\x00\x00\x05\x00\
\x01\x00\x80\x00\x10\x81\x83\x80\x00\xe8\x81\x83\x00\x80\x02\x00\
\x0c\x00B\x00\x00\x00C\x00\x01\x00 \x10\x10\x10\x02\xf2\
\xf2\xea\xe6\xe8\xe8\xe5\xeb\xf1\xf0\xed\xe2\xda\xda\xda\x04\x04\
\x16\x16\x04\x04\xe0\xe0\x1a\x1a\xea\xea\x00\xf0\x81\x81\x0f\x0b\
\xfe\xfe\xfe\xfd\xfa\xf9-.1222/\x1e\x07\x81\
\x09\xd0\xd0\x00\x10\xea\xea\x10\x00\xec\xec\x84 \xec\xec\xec\
\x0b\x13\x11\x13\x18\x18\x18\x18\x13\x10\x15\x19,<<<\
\xfc\xfc\xdc\xdc\xfc\xfc$$\xdc\xdc\x18\x18\x00\x10\x81\x80\
\x10\xf6\x02\x04\x04\x04\x04\x03\x04\xc4\xc3\xc4\xc4\xc4\xc4\xca\
\xdf\xf6\x81\x09@@\x00\xfc22\xfc\x0088\x84\x80\
\x02\x00\x0c\x00@\x00\x00\x00A\x00\x01\x00\x1e\x17\x17\x17\
\x08\xf9\xfd\xf5\xed\xef\xef\xec\xf5\xfc\xf7\xf3\xe8\xe1\xe1\xe1\
\x13\x13\x1d\x1d\x13\x13\xdf\xdf!!\xf1\xf1\x83\x81\x0f\x08\
\xfe\xfe\xfe\xfd\xfa\xf9-.1222-\x1c\x07\x81\
\x09\xd0\xd0\x00\x10\xea\xea\x10\x00\xec\xec\x84\x1e\xdb\xdb\xdb\
\xf6\x08\x0a\x0e\x12\x13\x13\x12\x0e\x0a\x0a\x06\x17+++\
\xeb\xeb\xd7\xd7\xeb\xeb\x1b\x1b\xd7\xd7\x13\x13\x83\x80\x10\xf6\
\x00\x04\x04\x04\x04\x03\x04\xc4\xc3\xc4\xc4\xc4\xc4\xca\xdf\xf6\
\x81\x09@@\x00\xfc22\xfc\x0088\x84\x80\x02\x00\
\x0c\x00\x06\x00\x00\x00\x06\x00\x01\x02\x01\x01\x02\x01\x09\xf7\
\x01\xe6\x18\x01\xf2\x0e\x01$\xdc\x80\x02\x00\x0c\x00\x06\x00\
\x00\x00\x06\x00\x01\x02\x01\x01\x02\x01\x12\xee\x01\xee\x12\x01\
\xf4\x0c\x01\x0f\xf1\x80\x02\x00\x0c\x00(\x00\x00\x00(\x00\
\x01\x00\x12\xdf\xef\x03\x0d\x0d\x0d\xd1\xd1\xd1\xda\xe1\xe6\xe6\
\x02\x02\xe6\xe6\x00\xf2\x81\x04\x01\x01\xfa\xe7\xd5\x81\x09\xd9\
\xd1\xc9\xc9\xc9\x01\x1e\xf2\xf2\x1e\x83\x12\x1d\xff\xeb\xea\xea\
\xeb766.(\x16\x16\xf6\xf6\x16\x16\x00\x0a\x81\x04\
\xfe\xfe\x08\x1b+\x81\x0928@@@\xfe\xd6\x12\x12\
\xd6\x83\x00\x80\x02\x00\x0c\x005\x00\x00\x002\x00\x01\x00\
\x19\xfc\x07\x12\x12\x12\xd6\xd6\xd6\xe8\xf6\x05\x16\x16\xe6\xe6\
\xf1\x0a\x0a\xe2\xe2\x12\x12\xd6\xd6\x00\xf4\x81\x81\x15\xf6\xef\
\x08\x08\xef\xde\xd0\xd0\xd0\xde\xef\xef\xf3\x00\x1e\xf2\xf2\x1e\
\x08\xfa\xfa\x08\x83\x17\x06\xf1\xe4\xe4\xe4000\x19\x0c\
\x00\xe4\xe4\x16\x16\x1b\xf2\xf2\x22\x22\xe4\xe400\x83\x81\
\x01\x0e\x1c\x81\x10\x1c2BBB2\x1c\x1c\x0e\x00\xd6\
\x12\x12\xd6\x00\x08\x08\x84\x80\x02\x00\x0c\x00\x07\x00\x00\x00\
\x07\x00\x01\x00\x80\x02\xea\x00\xf2\x81\x85\x80\x02\x02\x00\x0a\
\x81\x85\x00\x80\x02\x00\x0c\x00\x06\x00\x00\x00\x07 \x01\x02\
\x01\x01\x02\x01\xf2\xf4\x01\xff\x00\x01\x00\x01\x00\x0c\x00\x02\
\x00\x80\x02\x00\x0c\x00\x06\x00\x00\x00\x06\x00\x01\x02\x01\x01\
\x02\x01\xd7\xf2\x01\x0e\x00\x01/\x0a\x01\xee\x00\x80\x02\x00\
\x0c\x00\x06\x00\x00\x00\x07 \x01\x02\x01\x01\x02\x01\xd0\xf4\
\x01\x0e\x00\x01\x00\x01\x00\x22\x00\xee\x00\x80\x02\x00\x0c\x00\
\x05\x00\x00\x00\x07\x00\x01\x00\x82\x00\xf2\x81\x85\x80\x02\x09\
\x00\x0a\x81\x85\x00\x80\x02\x00\x0c\x00\x07\x00\x00\x00\x05\x00\
\x01\x00\x80\x02\x07\x00\xf4\x81\x85\x80\x00\xfd\x83\x85\x00\x80\
\x02\x00\x0c\x00\x07\x00\x00\x00\x07\x00\x01\x00\x80\x02\x0c\x00\
\xf2\x81\x85\x80\x02\xef\x00\x0a\x81\x85\x00\x80\x02\x00\x0c\x00\
\x07\x00\x00\x00\x05\x00\x01\x00\x80\x02\x13\x00\xf4\x81\x85\x80\
\x00\xe3\x83\x85\x00\x80\x02\x00\x0c\x00Y\x00\x00\x00Z\x00\
\x01\x00,\x10\x10\xd0\xd0\xdc\xd7\xd4\xdc\xe7\xea\xec\xe9\xe7\
\xe7\xe7\xe7\xed\xf3\xf3\xed\xdd\xd9\xe3\xe8\xd0\xd0\xfc\x0e!\
''' \x0d\xfc\xeb\xd9\xd2\xd2\xd2\xd2\xd6\xe7\x00\xf1\
\x81\x82\x0e\x05\xf2\xe0\xe1\xee\xee\xee\xe9\xe6\xea\xf2\x00\x0a\
\x0e\x07\x82\x15\x15\x16\xfa\x09\x00\xca\xca\xdc\xf1\xf5\xfb\x12\
$$$\x15\x03\xfe\xf6\xf3\xdd\xca\x83,\xe6\xe6<<\
FD9153.(%%%%+01-\
)/9<<<\x07\xf5\xdc\xcf\xcf\xcf\xdd\xf7\x07\x16\
/<<<<0\x18\x00\x13\x81\x82'\xf3#\x10\x07\
\x0a\x0a\x0a\x0b\x0d\x0c\x0a\x06\x04\x02\xff\xfe\xfe\xfe\xfe\xf4\
\xe7\x01\x00@@/\x14\x04\xf3\xd8\xc8\xc8\xc8\xd6\xee\xfe\
\x0a\x1a2@\x83\x80\x02\x00\x0c\x00T\x00\x00\x00T\x00\
\x01\x00(\xf9\x01\x09\x0c\x0c\xce\xce\xe3\xf9\x06\x1a$$\
$\x10\xfa\xf7\xf3\xf0\x07+/\x0b\x0b\xf5\xf5\xa4\xe3\xe6\
\xf3\xf9\xf1\xe9\xe6\xe6\xe6\xe6\xe9\xf0\x00\xf2\x81\x16\x02\x02\
\xfe\xfc\xff\xff\xe9\xcc\xcc\xcc\xd9\xee\xfa\x10((((\
&\xf8:44\x81\x0dK\xe7\xed\xf5\xfc\xfc\xfc\xfc\xfc\
\xf9\xfb\xfa\xfe\x02\x83(\x0e\x0a\xfc\xf2\xf2HH'\x0e\
\xfe\xe4\xd4\xd4\xd4\xf6\x0d\x0f\x0f\x10\xed\xa0\xa1\xf4\xf43\
3\x13\x05\x09\x0f\x0c\x12 **** \x12\x00\x18\
\x81\x16\xfe\xfe\xfd\x00\x08\x08%DDD9!\x0f\xf4\
\xd6\xd6\xd6\xd3\xd0\x04\xb4\xb2\xb2\x81\x0d\xe6\xee\x10\x10\x0e\
\x0e\x0e\x14\x13\x08\x0a\xff\xfb\xfe\x83\x00\x80\x02\x00\x0c\x00\
\x05\x00\x00\x00\x05\x00\x01\x00\x81\x00\xed\x81\x84\x81\x00\x01\
\x81\x84\x00\x80\x02\x00\x0c\x00L\x00\x00\x00L\x00\x01\x00\
$\xf6\xfc\x07\x07\xd1\xd1\xe6\xf6\x06\x1b\x1b\x1b\x07\xf6\xf2\
\xf3\xf2\x0956\x05\x05\xe2\xe2\xe3\xf6\xf3\xf2\xf6\xf0\xe3\
\xe3\xe3\xe3\xf0\x00\xed\x81\x14\x01\x01\x01\xfc\xfc\xe9\xd5\xd5\
\xd5\xe6\xf7\x09\x1c\x1c\x1c\x1e\x1f\xfd111\x81\x0b\x19\
\x05\xf4\xf6\xf8\xf8\xf8\xf3\xfb\xfa\x02\x01\x83\x15\x01\xfc\xfa\
\xfa\x1e\x1e\x0f\x01\xf4\xe3\xe3\xe3\xf2\x00\x01\x05\x07\xfa\xdc\
\xdb\xfa\xfa\x81\x0c.\x0d\x0a\x05\x00\x05\x07\x07\x07\x07\x06\
\x00\x01\x81\x14\xfe\xfe\x04\x01\x01\x0d\x1e\x1e\x1e\x0e\x03\xf7\
\xea\xea\xea\xea\xeb\x05\xde\xe2\xe2\x81\x0b\xd8\x0c\x0a\x07\x03\
\x03\x03\x02\x04\x03\x03\xfe\x83\x00\x80\x02\x00\x0c\x00R\x00\
\x00\x00R\x00\x01\x00\x80%\x09\x15\x1a\x1a\xdc\xdc\xed\x00\
\x0b\x1c$$$\x15\x01\xfa\xf8\xf6\x11.2\x19\x19\xf7\
\xf7\xaf\xf0\xf6\xf8\x05\xfa\xec\xe6\xe6\xe6\xe6\xeb\xf6\x83\x16\
\x02\x02\xfe\xfc\xff\xff\xe9\xcc\xcc\xcc\xd9\xee\xfa\x10((\
(&%\xfd:44\x81\x0dK\xec\xf0\xf7\xfc\xfc\xfc\
\xfc\xfc\xf9\xfb\xfa\xfe\x02\x83&\xff\xfa\xed\xe3\xe399\
\x19\xff\xee\xd4\xc5\xc5\xc5\xe7\xfe\xfe\xfd\xfe\xdf\x93\x94\xe5\
\xe5&&\x0a\xf4\xfe\xff\x00\x05\x12\x1b\x1b\x1b\x1b\x11\x03\
\x83\x16\xfe\xfe\xfc\x00\x08\x08%DDD9!\x0f\xf4\
\xd6\xd6\xd6\xcf\xcc\x05\xb4\xb2\xb2\x81\x0d\xe6\xf2\x10\x11\x0e\
\x0e\x0e\x14\x14\x08\x0a\xff\xfb\xfe\x83\x00\x80\x02\x00\x0c\x00\
\x08\x00\x00\x00\x08\x00\x01\x00\x80\x03\xf2\xda\x00\xbc\x81\x86\
\x80\x03\x09\x1b\x00%\x81\x86\x00\x80\x02\x00\x0c\x00\x05\x00\
\x00\x00\x05\x00\x01\x00\x81\x00\xed\x81\x84\x81\x00\x01\x81\x84\
\x00\x80\x02\x00\x0c\x00\x02\x00\x00\x00\x02\x00\x01\x00\x84\x84\
\x84\x84\x00\x80\x02\x00\x0c\x004\x00\x00\x004\x00\x01\x00\
\x17\xed\xf0\xf6\xfa\xfd\xfe\x00\x05\x05\x00\x01\x00\xfc\xf9\xf5\
\xf0\xed\xeb\xe9\xe4\xe3\xe8\xe7\xea\x83\x17\x0d\x0d\x0e\x0e\x0f\
\x0f\x0f\x0e\x0a\xdb\xe4\xe5\xe5\xe5\xe4\xe4\xe3\xe3\xe3\xe4\xe8\
\x17\x0e\x0d\x83\x172,&#\x1e\x19\x12\x0b\x0a\x00\x03\
\x0b\x16\x1d\x22%*/7=>HE=\x83\x17\xe9\
\xe9\xea\xea\xeb\xeb\xeb\xeb\xef+*+++**)\
)))%\xe9\xea\xe9\x83\x00\x80\x02\x00\x0c\x004 \
\x00\x004\x00\x01\x00\x10\x0f\x00\x02\x04\x01\x01\x01\x01\x01\
\x01\x02\x04\x01\x01\x01\x01\x01\x0f\xda\xe8\xfa\x02\x05\x00\xff\
\xfa\xf5\xe7\xd5\xcc\xc9\xce\xcf\xd4\x0f\x12\x13\x15\x15\x11\xe1\
\xe7\xeb\xeb\xea\xe8\xe9\xec\x1c\x16\x12\x170*#\x1e\x18\
\x15\x0a\x08\x08\x00\x04\x09\x13\x19 %*.9<<\
DA:\x83\x17\xdd\xdd\xe0\xe4\xe7\xe7\xe7\xe4\xe6$%\
'''$ \x1d\x1d\x1d!\x1e\xe0\xdf\xdd\x83\x00\x80\
\x02\x00\x0c\x00#\x00\x00\x00#\x00\x01\x11\x10\x01\x01\x01\
\x01\x01\x02\x02\x01\x01\x01\x01\x02\x02\x02\x02\x02\x02\x10\xec\
\xbe\xd4\xd7\xec\xbe\xde\xd8\xc6\xe9\xd6\xce\x0f\xed\x0c\xf0\xce\
\x81\x0e\xee\xee\x00\x06\x13\x13\x05\x05\x13\x06$\x06\x00\x1a\
\x00\x10\x08Q0,\x0bT 0>\x1e,:\xe7\x1f\
\xf2\x14@\x81\x03##\x00\xf4\x81\x08\xee\xee\x00\xf4\xd0\
\xf4\x00\xd0\x00\x00\x80\x02\x00\x0c\x00O\x00\x00\x00O\x00\
\x01\x00&\x10\x10\x10\x0d\x06\x02\x15\x1a'''\x0c\xfd\
\xee\xd4\xd4\x12\x12\x15\x0e\xfd\xee\xe6\xe7\xe7\xe7\xe7\xed\xfc\
\xe8\xd9\xd0\xd0\xd0\xdd\xf0\xf0\x00\xf4\x81\x80\x22\xe6\xe1\xdc\
\xd8\xd7\xe2\xe5\xf5\x03\x19444\x19\x03\x03\x08\x04\xfe\
\xfe\xfe\x04\x07\x02\x04\x07\x0e\x13\x07\xff\xec\xe2\xea\xcc\xcc\
\x84&\xea\xea\xea\xf2\xfb\xff\xe5\xde\xcb\xcb\xcb\xea\x04\x1c\
>>\xe8\xe8\xf1\xfe\x04\x09\x17!!!! \x07!\
7@@@/\x16\x16\x00\x12\x81\x80\x22(,7<\
<,'\x10\xfc\xd9\xbc\xbc\xbc\xd7\xf2\xf2\xfb\x01\x02\x02\
\x02\x04\x01\xfb\xfd\xf7\xf5\xec\xfc\x07\x19(`NN\x84\
\x00\x80\x02\x00\x0c\x00\x05\x00\x00\x00\x05\x00\x01\x00\x81\x00\
\xf0\x81\x84\x81\x00\xff\x81\x84\x00\x80\x02\x00\x0c\x00I\x00\
\x00\x00H\x00\x01\x00#\x0c\x0c\x0c\x04\xfe\x0f\x15\x1e\x1e\
\x1e\x0a\xfb\xec\xd7\xd7\x0d\x0d\x04\xfb\xf4\xea\xea\xea\xea\xe8\
\xfa\xe8\xda\xd6\xd6\xd6\xe1\xef\xef\x00\xf0\x81\x80\x1f\xea\xe6\
\xde\xdd\xe7\xea\xfa\x05\x19,,,\x19\x07\x07\x02\xff\xff\
\xff\x00\x04\x03\x06\x09\x0f\x05\xfd\xf0\xe6\xcc\xcf\xcf\x84\x1f\
\xf6\xf6\xf6\xfb\xfc\xed\xe8\xe3\xe3\xe3\xf3\xfd\x07\x19\x19\xf5\
\xf5\xf1\xfd\x08\x06\x06\x06\x06\x05\xfc\x0b\x10\x11\x11\x11\x0a\
\x82\x00\xff\x81\x80\x1f\x09\x0e\x15\x15\x0e\x0c\x02\xfe\xf1\xe2\
\xe2\xe2\xf1\xfd\xfd\xfa\x01\x01\x01\xfb\xfe\xfd\xfe\xfc\xf9\x00\
\x02\x08\x0b\x09\x19\x19\x84\x80\x02\x00\x0c\x00M\x00\x00\x00\
N\x00\x01\x00$\x1a\x1a\x1a\x14\x0b\x06\x1b\x1c'''\
\x11\x03\xf5\xde\xde\x1c\x1c\x1e\x15\x03\xf3\xe8\xe7\xe7\xe7\xe7\
\xee\x02\xec\xdf\xda\xda\xda\xe7\xf2\xf2\x83\x80\x22\xe6\xe1\xdc\
\xd9\xd7\xe2\xe2\xf2\x01\x19444\x19\x03\x03\x08\x04\xfe\
\xfe\xfe\x04\x07\x00\x02\x05\x0b\x13\x07\x00\xec\xe2\xea\xcc\xcc\
\x84$\xe0\xe0\xe0\xe7\xf1\xf7\xe5\xda\xc3\xc3\xc3\xe2\xfc\x15\
44\xde\xde\xe8\xf6\xfc\x01\x0f\x19\x19\x19\x19\x0e\xfc\x0e\
%444%\x0e\x0e\x83$\x01*-9@>,\
#\x0d\xfa\xd9\xbc\xbc\xbc\xd7\xf2\xf2\xfb\x01\x02\x02\x02\x03\
\x00\xf9\xfb\xf3\xe9\xe9\xfb\x07\x19*`OO\x01\x83\x80\
\x02\x00\x0c\x00\x05\x00\x00\x00\x05\x00\x01\x00\x81\x00\xf0\x81\
\x84\x81\x00\xff\x81\x84\x00\x80\x02\x00\x0c\x004\x00\x00\x00\
4\x00\x01\x00\x18\x08\x08\x0e\x0e\x0e\xce\xce\xce\xdc\xf2\x08\
\x18\x18\x18\xd8\xd8\x0a\x0a\x0a\x0a\x09\x07\x06\x00\xe8\x81\x0e\
\x02\x02\xff\xeb\xf1\xf1\xf6\xe6\xc8\xc8\xc8\xe2\xf0\xf1\xf1\x81\
\x05\xe7\xe7\xf8\x02\x02\x02\x83\x18\xe6\xe7\xe6\xe6\xe6<<\
<$\x0f\xf8\xda\xda\xda00\xec\xec\xea\xea\xe9\xe8\xea\
\x00\x16\x81\x0e\xfe\xfe\xfd\x07\x11\x11\x15/HHH)\
\x0d\x11\x11\x81\x05\x03\x03\xfd\xfb\xfe\xfe\x83\x00\x80\x02\x00\
\x0c\x00.\x00\x00\x00.\x00\x01\x00\x15\xfa\xf4\x02\x12\x12\
\x12\xd2\xd2\xd2\xde\xfa\x17\x22\x22\x22\xe2\xe2\xe2\xf3\xff\x00\
\xf4\x81\x13\x02\x02\xfe\xf2\xe4\xf2\xf2\xf4\xdc\xc8\xc8\xc8\xdd\
\xf4\xf2\xf2\xe4\xf2\xff\x02\x83\x15\x03\xeb\xde\xe0\xe0\xe06\
66\x1a\x03\xed\xd0\xd0\xd0&&&(\x1a\x00\x06\x81\
\x13\xfe\xfe\x00\x03\x06\x12\x12\x13.HHH.\x13\x12\
\x12\x06\x03\x00\xfe\x83\x00\x80\x02\x00\x0c\x00\x07\x00\x00\x00\
\x07\x00\x01\x00\x80\x02\x0b\x00\xe8\x81\x85\x80\x02\xe3\x00\x16\
\x81\x85\x00\x80\x02\x00\x0c\x00\x07\x00\x00\x00\x0a \x01\x00\
\x80\x02\x12\x00\xf4\x81\x85\x02\x01\x01\x02\x01\xdb\x06\x01\xee\
\x00\x80\x02\x00\x0c\x00\x07\x00\x00\x00\x07\x00\x01\x00\x80\x02\
\x0b\x00\xe8\x81\x85\x80\x02\xe3\x00\x16\x81\x85\x00\x80\x02\x00\
\x0c\x00\x07\x00\x00\x00\x0a \x01\x00\x80\x02\x12\x00\xf4\x81\
\x85\x02\x01\x01\x02\x01\xdb\x06\x01\xee\x00\x80\x02\x00\x0c\x00\
\x07\x00\x00\x00\x07\x00\x01\x00\x80\x02\x14\x00\xe8\x81\x85\x80\
\x02\xdb\x00\x16\x81\x85\x00\x80\x02\x00\x0c\x00\x07\x00\x00\x00\
\x0a \x01\x00\x80\x02\x1b\x00\xf4\x81\x85\x02\x01\x01\x02\x01\
\xd3\x06\x01\xee\x00\x80\x02\x00\x0c\x00\x07\x00\x00\x00\x07\x00\
\x01\x00\x80\x02\x12\x00\xe8\x81\x85\x80\x02\xe3\x00\x16\x81\x85\
\x00\x80\x02\x00\x0c\x00\x07\x00\x00\x00\x0a \x01\x00\x80\x02\
\x19\x00\xf4\x81\x85\x02\x01\x01\x02\x01\xdb\x06\x01\xee\x00\x80\
\x02\x00\x0c\x00\x07\x00\x00\x00\x07\x00\x01\x00\x80\x02\x14\x00\
\xe8\x81\x85\x80\x02\xd2\x00\x16\x81\x85\x00\x80\x02\x00\x0c\x00\
\x07\x00\x00\x00\x0a \x01\x00\x80\x02\x1b\x00\xf4\x81\x85\x02\
\x01\x01\x02\x01\xca\x06\x01\xee\x00\x80\x02\x00\x0c\x00\x07\x00\
\x00\x00\x07\x00\x01\x00\x80\x02\x12\x00\xe8\x81\x85\x80\x02\xe1\
\x00\x16\x81\x85\x00\x80\x02\x00\x0c\x00\x07\x00\x00\x00\x0a \
\x01\x00\x80\x02\x19\x00\xf4\x81\x85\x02\x01\x01\x02\x01\xd9\x06\
\x01\xee\x00\x80\x02\x00\x0c\x00\x07\x00\x00\x00\x07\x00\x01\x00\
\x80\x02\x0d\x00\xe8\x81\x85\x80\x02\xe2\x00\x16\x81\x85\x00\x80\
\x02\x00\x0c\x00\x07\x00\x00\x00\x0a \x01\x00\x80\x02\x14\x00\
\xf4\x81\x85\x02\x01\x01\x02\x01\xda\x06\x01\xee\x00\x80\x02\x00\
\x0c\x00\x08\x00\x00\x00\x08\x00\x01\x03\x02\x01\x02\x02\x80\x01\
\xee\xee\x02\xf4 \x00\x80\x01\x12\x12\x02\x0c\xcc\x00\x00\x80\
\x02\x00\x0c\x00\x07\x00\x00\x00\x07\x00\x01\x00\x80\x02\xf2\x00\
\xe8\x81\x85\x80\x02 \x00\x16\x81\x85\x00\x80\x02\x00\x0c\x00\
\x0a \x00\x00\x07\x00\x01\x00\x02\x01\x01\x02\x01\x1c\xf4\x01\
\x07\x00\x80\x02\x04\x00\x06\x81\x85\x80\x02\x00\x0c\x00\x07\x00\
\x00\x00\x07\x00\x01\x00\x80\x02\xfb\x00\xe8\x81\x85\x80\x02\xf6\
\x00\x16\x81\x85\x00\x80\x02\x00\x0c\x00\x07\x00\x00\x00\x0a \
\x01\x00\x80\x02\x02\x00\xf4\x81\x85\x02\x01\x01\x02\x01\xee\x06\
\x01\xee\x00\x80\x02\x00\x0c\x00\x07\x00\x00\x00\x07\x00\x01\x00\
\x80\x02\x01\x00\xe8\x81\x85\x80\x02\xe7\x00\x16\x81\x85\x00\x80\
\x02\x00\x0c\x00\x07\x00\x00\x00\x0a \x01\x00\x80\x02\x08\x00\
\xf4\x81\x85\x02\x01\x01\x02\x01\xdf\x06\x01\xee\x00\x80\x02\x00\
\x0c\x00\x1d\x00\x00\x00\x1d\x00\x01\x00\x0d\x1b\x0e\xcb\xdb\x0f\
\x0f\xcf\xcf\x00\x13\xd5\xc4\x00\xdd\x81\x80\x01\xf2\xf2\x81\x01\
\xd2\xd2\x81\x01\xf2\xf2\x84\x0d\xdc\xf4J+\xfe\xfe;;\
\x10\xf2BX\x002\x81\x80\x01\x12\x12\x81\x01LL\x81\
\x01\x12\x12\x84\x00\x80\x02\x00\x0c\x005\x00\x00\x005\x00\
\x01\x00\x19\xf6\x07\xbc\xca\xfc\xee\xd6\xc6\x09\x09\xce\xce\x16\
\x0e\xd3\xde\xf4\xf4\xb2\xb2\xe2\xef\xb8\xad\x00\xc0\x81\x80\x01\
\xf3\xf3\x81\x01\xf1\xf1\x81\x01\xd2\xd2\x81\x01\xf2\xf2\x81\x01\
\xd2\xd2\x81\x01\xf2\xf2\x84\x19\x22\x18TF\x0e\x18LO\
10/0\xee\xf4J=+,+**#rq\
\x00b\x81\x80\x01\x12\x12\x81\x01\x10\x10\x81\x01LL\x81\
\x01\x12\x12\x81\x01LL\x81\x01\x12\x12\x84\x00\x80\x02\x00\
\x0c\x00\x07\x00\x00\x00\x07\x00\x01\x00\x80\x02\xf7\x00\xc0\x81\
\x85\x80\x02\x0b\x00b\x81\x85\x00\x80\x02\x00\x0c\x00\x05\x00\
\x00\x00\x07\x00\x01\x00\x82\x00\xc0\x81\x85\x80\x02\x03\x00b\
\x81\x85\x00\x80\x02\x00\x0c\x00\x07\x00\x00\x00\x07\x00\x01\x00\
\x80\x02\xfe\x00\xc0\x81\x85\x80\x02\x0b\x00b\x81\x85\x00\x80\
\x02\x00\x0c\x00\x05\x00\x00\x00\x07\x00\x01\x00\x82\x00\xc0\x81\
\x85\x80\x02\xfa\x00b\x81\x85\x00\x80\x02\x00\x0c\x00$\x00\
\x00\x00%\x00\x01\x00\x11\x0c\x1b%\x14\xcd\xef\xed\x0f\xce\
\xc2\xb7\xca\x11\xee\xf0\xcb\x00\xda\x81\x80\x08\xfa\xf9\xf2\xf2\
\xdd\xdd\xf2\xf2\xfd\x82\x01\x19\x19\x84\x11\xea\xce\xcd\xe6@\
\x18\x1a\xf4I_`E\xeb\x15\x13?\x006\x81\x80\x09\
\x11\x0b\x12\x12&&\x12\x12\xff\x03\x81\x01\xe8\xe8\x84\x80\
\x02\x00\x0c\x002\x00\x00\x001\x00\x01\x00\x17\xee\xee\xd4\
\xd6\xde\xe9\xee\x0b\xcd\xb4\xb4\xbb\xca\xd8\x0a\x0a\xcb\xcb\x0b\
\x0a\xc9\xd1\x00\xd9\x81\x15\x06\xce\xce\xce\xce\xd4\xe0\xf2\xf2\
\xec\xf2\xfe\x06\x06\x02\xd0\xd0\x02\x02\xf2\xf2\x02\x83\x17\x0e\
\x0e@5&\x1b\x16\xea8YYZJ2\x1a\x1a\x1a\
\x1a\xd0\xeeB\x22\x00\x1e\x81\x10\xf46661$\x1b\
\x12\x12\x11\x02\xf6\xf4\xf4\x00<<\x81\x01\x12\x12\x84\x80\
\x02\x00\x0c\x00\x07\x00\x00\x00\x07\x00\x01\x00\x80\x02\xff\x00\
\xd9\x81\x85\x80\x02\xec\x00\x1e\x81\x85\x00\x80\x02\x00\x0c\x00\
\x07\x00\x00\x00\x07\x00\x01\x00\x80\x02\x08\x00\xd9\x81\x85\x80\
\x02\xe4\x00\x1e\x81\x85\x00\x80\x02\x00\x0c\x00\x07\x00\x00\x00\
\x07\x00\x01\x00\x80\x02\x06\x00\xd9\x81\x85\x80\x02\xec\x00\x1e\
\x81\x85\x00\x80\x02\x00\x0c\x002\x00\x00\x002\x00\x01\x00\
\x0d\x15\x08\xc4\xeb\xfe\xc8\xdc\x05\xc6\xb5\x02\x02\xc6\xc6\x81\
\x01\xc8\xc8\x81\x03\xc8\xc8\x00\xcc\x81\x00\x0b\x81\x03\xdf\xde\
\xde\xdf\x81\x0c\x0b\x00\xfe\xfe\x00\x12\xec\xec\x12\x04\xde\xde\
\x04\x83\x17\xf8\xfcR'6\x0a\x19\xea<D\xf6\xf6F\
F\x04\x0444\x04\x0444\x008\x81\x00\xf2\x81\x03\
;<<;\x81\x0c\xf2\x00\xf6\xf6\x00\xf2\x06\x06\xf2\xf2\
\x06\x06\xf2\x83\x00\x80\x02\x00\x0c\x000\x00\x00\x000\x00\
\x01\x00\x15.\x1e\xda\x04\x17\xe1\xf5!\xe2\xce\x1b\x1b\xdf\
\xdf\x1b\x1b\xdf\xdf\x1b\x1b\xdf\xdf\x83\x00\x0b\x81\x03\xdf\xde\
\xde\xdf\x81\x0c\x0b\x00\xfe\xfe\x00\x12\xec\xec\x12\x04\xde\xde\
\x04\x83\x15\xdc\xdd3\x0b\x1a\xee\xfd\xd1#(\xda\xda*\
*\xe8\xe8\x18\x18\xe8\xe8\x18\x18\x83\x00\xf2\x81\x03CD\
DC\x81\x0c\xf2\x00\xf6\xf6\x00\xf2\x06\x06\xf2\xf2\x06\x06\
\xf2\x83\x00\x80\x02\x00\x0c\x00\x07\x00\x00\x00\x07\x00\x01\x00\
\x80\x02\x08\x00\xd9\x81\x85\x80\x02\xdb\x00\x1e\x81\x85\x00\x80\
\x02\x00\x0c\x00%\x00\x00\x00%\x00\x01\x00\x11\x05\x057\
.4.\x08\x08\xf3\xf3\xc1\xca\xc2\xc9\xf2\xf2\x00\xf6\x81\
\x80\x0d\xc5)' \x22\x22\xf2\xf2-\xc9\xcd\xd5\xd0\xd0\
\x84\x11\xe4\xe4\xb6\xb6\xac\xb3\xea\xea..\x5c\x5cd^\
$$\x00\x12\x81\x80\x0d\x06\xd0\xd0\xd8\xd4\xd4\x12\x12\x0c\
BD=>>\x84\x00\x80\x02\x00\x0c\x00\x07\x00\x00\x00\
\x07\x00\x01\x00\x80\x02\x1c\x00\xf6\x81\x85\x80\x02\xe6\x00\x12\
\x81\x85\x00\x80\x02\x00\x0c\x00\x07\x00\x00\x00\x07\x00\x01\x00\
\x80\x02(\x00\xf6\x81\x85\x80\x02\xd3\x00\x12\x81\x85\x00\x80\
\x02\x00\x0c\x00\x07\x00\x00\x00\x07\x00\x01\x00\x80\x02\x1e\x00\
\xf6\x81\x85\x80\x02\xf0\x00\x12\x81\x85\x00\x80\x02\x00\x0c\x00\
F\x00\x00\x00F\x00\x01\x00!\xf3\x03\x11\x14\x12\x12\x12\
\x12\x11\x05\xf3\xe2\xd6\xd5\xd5\xd5\xd5\xd3\xd6\xe3\xf3\x01\x17\
\x17\x17\x00\xf3\xe7\xd0\xd0\xd0\xe5\x00\xe7\x81\x1f\x02\x02\xfb\
\xf7\xfc\x09\xf5\x06\x07\xfe\xfe\xfe\x07\x06\xf5\x09\xfc\xf7\xfb\
\x02\xc8\xc8\xe9\x01\x17888\x17\xff\xe8\xc8\x83!\x0d\
\x06\xfb\xf2\xec\xec\xec\xec\xf5\x04\x0d\x16%....\
( \x14\x0d\xef\xd6\xd6\xd6\xef\x0d+DDD+\x00\
\x1a\x81\x1f\xfe\xfe\xfe\xff\xff\xfe\x02\x01\x01\x02\x02\x02\x01\
\x01\x02\xfe\xff\xff\xfe\xfeRR-\x00\xd3\xae\xae\xae\xd3\
\x00-R\x83\x00\x80\x02\x00\x0c\x00\x05\x00\x00\x00\x05\x00\
\x01\x00\x81\x00\xea\x81\x84\x81\x00\x04\x81\x84\x00\x80\x02\x00\
\x0c\x00B\x00\x00\x00B\x00\x01\x00\x1f\xf4\xfd\x07\x0b\x0b\
\x0b\x0b\x06\xfc\xf4\xed\xe3\xdf\xdf\xdf\xdf\xe3\xec\xf4\x06\x16\
\x16\x16\x05\xf4\xe4\xd2\xd2\xd2\xe3\x00\xea\x81\x0e\x01\x01\x00\
\xff\x03\xfd\x00\x01\xff\xff\xff\x01\x00\xfd\x03\x81\x0c\x01\xcc\
\xcc\xe6\x01\x1c444\x1c\x00\xe4\xcc\x83\x1f\x02\xf9\xf4\
\xf6\xf6\xf6\xf6\xf5\xfa\x02\x0a\x0e\x0e\x0e\x0e\x0e\x10\x0b\x02\
\xf6\xe7\xe7\xe7\xf8\x02\x0d\x1c\x1c\x1c\x0e\x00\x04\x81\x1d\xfe\
\xfe\x04\x04\xfb\x06\xfd\xfd\x01\x01\x01\xfd\xfd\x06\xfb\x04\x04\
\xfe  \x0e\x00\xf2\xdf\xdf\xdf\xf3\x01\x0d \x83\x00\x80\
\x02\x00\x0c\x00H\x00\x00\x00H\x00\x01\x00\x80 \x15 \
\x1c\x1c\x1c\x1c\x1d\x12\x00\xed\xe3\xe4\xe4\xe4\xe4\xe1\xeb\x00\
\x04\x16&&&\x15\x03\x00\xfd\xeb\xda\xda\xda\xea\xfc\x83\
!\x04\x04\xf9\xf7\x06\xfa\x09\x08\xfe\xfe\xfe\x08\x09\xfa\x06\
\xf7\xf9\x04\xcc\xcc\xd4\xea\x02\x18.666.\x17\x00\
\xe9\xd4\xcc\x83\x80 \xf7\xe9\xe1\xe1\xe1\xe1\xe9\xf7\x00\x08\
\x17\x1f\x1f\x1f\x1f\x17\x09\x00\xef\xd7\xcb\xcb\xcb\xd7\xef\x00\
\x12)555)\x12\x83\x03\xfe\xfe\xfe\xfe\x81\x06\x02\
\x02\x02\x02\x02\x02\x02\x81\x12\xfe\xfe\xfeTT<\x16\x00\
\xe9\xc2\xac\xac\xac\xc3\xe9\x00\x16=T\x83\x00\x00\x00\
\x00\x00\x135\
\x89\
PNG\x0d\x0a\x1a\x0a\x00\x00\x00\x0dIHDR\x00\
\x00\x02\x00\x00\x00\x02\x00\x08\x06\x00\x00\x00\xf4x\xd4\xfa\
\x00\x00\x00\x09pHYs\x00\x00\x18L\x00\x00\x18L\
\x01\x887\xfc\xdb\x00\x00\x12\xe7IDATx\x9c\xed\
\xdd\xbd\xcb\xa5\xdbY\xc7\xf1\xdf\xc4hP\x82\x88\x18\x85\
CF\xac<\xa0\xf8\x16D\xb0\x11\x05\x836\xc2]\x84\
\xa0\x226)mb\xc0\x7f\xc0&`\x15\x04\x0b\x0dQ\
\x13$h\x08\x01+K\x15\x04\xb1\xd3F!\x95q@\
Q\x1b\x05\xb5\xd2\x8c\xc5>'3\xe7\x99\xe7e\xbf\xac\
u\xdfk\xad\xeb\xf3)\xc3\xc9\x9e93\xcf\xb3\xf7\xf7\
\xb9\xd7\xb5\xae\xf3\xec\xe5\xcb\x97\x01\x00jy\xdf\xd1\xbf\
\x01\x00`\x7f\x02\x00\x00\x0a\x12\x00\x00P\x90\x00\x00\x80\
\x82\x04\x00\x00\x14$\x00\x00\xa0 \x01\x00\x00\x05\x09\x00\
\x00(H\x00\x00@A\x02\x00\x00\x0a\x12\x00\x00P\x90\
\x00\x00\x80\x82\x04\x00\x00\x14$\x00\x00\xa0 \x01\x00\x00\
\x05\x09\x00\x00(H\x00\x00@A\x02\x00\x00\x0a\x12\x00\
\x00P\x90\x00\x00\x80\x82\x04\x00\x00\x14$\x00\x00\xa0 \
\x01\x00\x00\x05\x09\x00\x00(H\x00\x00@A\x02\x00\x00\
\x0a\x12\x00\x00P\x90\x00\x00\x80\x82\x04\x00\x00\x14$\x00\
\x00\xa0 \x01\x00\x00\x05\x09\x00\x00(H\x00\x00@A\
\x02\x00\x00\x0a\x12\x00\x00P\x90\x00\x00\x80\x82\x04\x00\x00\
\x14$\x00\x00\xa0 \x01\x00\x00\x05\x09\x00\x00(H\x00\
\x00@A\x02\x00\x00\x0a\x12\x00\x00P\x90\x00\x00\x80\x82\
\x04\x00\x00\x14$\x00\x00\xa0 \x01\x00\x00\x05\x09\x00\x00\
(H\x00\x00@A\x02\x00\x00\x0a\x12\x00\x00P\x90\x00\
\x00\x80\x82\x04\x00\x00\x14$\x00\x00\xa0 \x01\x00\x00\x05\
\x09\x00\x00(H\x00\x00@A\x02\x00\x00\x0a\x12\x00\x00\
P\x90\x00\x00\x80\x82\x04\x00\x00\x14$\x00\x00\xa0 \x01\
\x00\x00\x05\x09\x00\x00(H\x00\x00@A\x02\x00\x00\x0a\
\x12\x00\x00P\x90\x00\x00\x80\x82\x04\x00\x00\x14$\x00\x00\
\xa0 \x01\x00\x00\x05\x09\x00\x00(H\x00\x00@A\x02\
\x00\x00\x0a\x12\x00\x00P\x90\x00\x00\x80\x82\x04\x00\x00\x14\
$\x00\x00\xa0 \x01\x00\x00\x05\x09\x00\x00(H\x00\x00\
@A\x02\x00\x00\x0a\x12\x00\x00P\x90\x00\x00\x80\x82\x04\
\x00\x00\x14$\x00\x00\xa0 \x01\x00\x00\x05\x09\x00\x00(\
H\x00\x00@A\x02\x00\x00\x0a\x12\x00\x00P\x90\x00\x00\
\x80\x82\x04\x00\x00\x14$\x00\x00\xa0 \x01\x00\x00\x05\x09\
\x00\x00(H\x00\x00@A\x02\x00\x00\x0a\x12\x00\x00P\
\xd0\xfb[\xbe\xd8\x8b\x17/Z\xbe\x1c\xd0\xde\xdbI~\
>\xc9\xf7%y\xeb\x9d\xff\xed\x9f\x93\xfcc\x92?K\
\xf2\xd5C~W\xc0\x93\x9e?\x7f\xde\xf4\xf5\x9a\x06\x00\
0\xa4\xf7%\xf9D\x92_K\xf2#\x8f\xfcs\x9fI\
\xf2\xb7I~'\xc9\xef'\xf9z\xef\xdf\x18p\x1cG\
\x00\xb0\xb6\x8f$\xf9\x9b$\xbf\x97\xc7?\xfc\xdf\xf5\xa3\
I>\x9b\xe4\xaf\x93\xfcX\xbf\xdf\x16p4\x01\x00\xeb\
\xfa\x99$\x7f\x99\xe4\xc7\xaf\xf8\xff\xfeD\x92\xbfJ\xf2\
sM\x7fG\xc00\x04\x00\xac\xe9\x17r:\xd3\xff\xe0\
\x0d\xaf\xf1mI\xfe\xf4\x9d\xd7\x02\x16#\x00`=o\
'\xf9\xa3$\x1fh\xf0Z\x1fH\xf2\xc5$?\xd8\xe0\
\xb5\x80\x81\x08\x00X\xcb\x07\x93|%\xc9\xb7\x0f\xfe\x9a\
\xc0\xc1\x04\x00\xac\xe5sI~\xa0\xc3\xeb~\x7f\x92\xcf\
'y\xd6\xe1\xb5\x81\x03\x08\x00X\xc7\xa7\x92|\xbc\xe3\
\xeboI>\xd9\xf1\xf5\x81\x1d\x09\x00X\xc3O&\xf9\
\xf4\x0e\xbf\xceo%\xf9\xa9\x1d~\x1d\xa03\x01\x00\xf3\
\xfb\x9e$_N\xf2-;\xfcZ\xefO\xf2\xa5\xbc\xda\
\x22\x08LJ\x00\xc0\xdc\x8e\xf8@\xde38\x80N\x04\
\x00\xcc\xed\xa8G\xf2{\x1d9\x00\x9d\x08\x00\x98\xd7\x96\
c\x87\xf2z\x0f\x1d\x02\x1d\x09\x00\x98\xd3\xdb\x19\xe3Z\
\xde\xe7bI\x10LI\x00\xc0|FZ\xcc3\xd2\xef\
\x05\xb8\x80\x00\x80\xf9\xf4Z\xf6s-K\x82`B\x02\
\x00\xe62\xea\xb9\xfb\x16K\x82`*\x02\x00\xe61\xfa\
\xe4\xbd%A0\x11\x01\x00s\x98\xe1\xee\xbd%A0\
\x11\x01\x00\xe3\x9b\xe9\x83u\x86P\x01\x22\x00`\x06\xb3\
=Z\x1f\xfd\xa8\x02\x88\x00\x80\xd1m\x99s\xb8n\xd4\
aE\xe0\x1d\x02\x00\xc65\xca\xb2\x9fkY\x12\x04\x03\
\x13\x000\xa6\x15\x16\xec\xac\xf0\xef\x00\xcb\x12\x000\xa6\
\xd1\x96\xfd\x5c\xcb\x92 \x18\x94\x00\x80\xf1\xacv~\xbe\
e\xce9\x06X\x9a\x00\x80\xb1\xac:A?\xdbM\x06\
X\x9e\x00\x80q\xac|\x87~\xa6]\x06P\x82\x00\x80\
1T\xf8\x80\x5c9p`:\x02\x00\xc6P\xe5\x11\xf9\
\xaaG\x1c0\x1d\x01\x00\xc7\xdbRkHn\xb5!G\
\x98\x92\x00\x80c\xcd\xbe\xec\xe7Z\x96\x04\xc1\xc1\x04\x00\
\x1c\xa7\xf2\xa2\x9c\xca\xff\xee0\x04\x01\x00\xc7Ye\xd9\
\xcf\xb5,\x09\x82\x03\x09\x008\x86s\xf0\x93-\xb5\xe6\
\x1f`\x18\x02\x00\xf6g\x12\xfe\xbd\xaa\xdc\x80\x80\xa1\x08\
\x00\xd8\x97\xbb\xf0o\xaa\xb0\x03\x01\x86#\x00`?>\
\xe8\x1e&\x8c`g\x02\x00\xf6\xe3Q\xf7\xe3\x1c\x8d\xc0\
\x8e\x04\x00\xecc\x8ba\xb7s\x18\x8e\x84\x9d\x08\x00\xe8\
\xaf\xea\xb2\x9fkY\x12\x04;\x10\x00\xd0\x97\x857\x97\
\xf3g\x06;\x10\x00\xd0W\xf5e?\xd7\xb2$\x08:\
\x13\x00\xd0\x8f\xf3\xec\xdbl17\x01\xdd\x08\x00\xe8\xc3\
D{\x1bnN@'\x02\x00\xdas\xa7\xbd\x1d\xbb\x13\
\xa0\x13\x01\x00m\xf9\xc0jOPA\x07\x02\x00\xda\xf2\
\xc8\xba\x0fG*\xd0\x98\x00\x80v\xb6\x18Z\xeb\xc9P\
%4$\x00\xa0\x0d\xcb~\xf6aI\x104\x22\x00\xe0\
v\x16\xd7\xec\xc7\x9f54\x22\x00\xe0v\x96\xfd\xec\xcb\
\x92 h@\x00\xc0m\x9cK\x1fc\x8by\x0b\xb8\x89\
\x00\x80\xeb\x99L?\x96\x1b\x17p\x03\x01\x00\xd7q7\
\xfdxv.\xc0\x0d\x04\x00\x5c\xce\x07\xcf8\x84\x18\x5c\
I\x00\xc0\xe5<z\x1e\x8b\xa3\x18\xb8\x82\x00\x80\xcbl\
1|6\x22\xc3\x98p!\x01\x00\xe7\xb3\xecgl\x96\
\x04\xc1\x05\x04\x00\x9c\xc7\x02\x9a\xf1\xf9;\x82\x0b\x08\x00\
8\x8fe?s\xb0$\x08\xce$\x00\xe0i\xce\x97\xe7\
\xb2\xc5\x9c\x06<I\x00\xc0\xe3L\x98\xcf\xc9M\x0dx\
\x82\x00\x80\x87\xb9c>/\xbb\x1a\xe0\x09\x02\x00\xee\xe7\
\x03d~\x02\x0e\x1e!\x00\xe0~\x1e!\xaf\xc1\x11\x0e\
<@\x00\xc0\x9b\xb6\x18\x22[\x89!N\xb8\x87\x00\x80\
\xf7\xb2\xecgM\x96\x04\xc1\x1d\x02\x00^\xb1Hf]\
\xfen\xe1\x0e\x01\x00\xafX\xf6\xb36K\x82\xe05\x02\
\x00N\x9c\x13\xd7\xb0\xc5|\x07$\x11\x00\x90\x98\x14\xaf\
\xc6\x0d\x0f\x88\x00\x00w\xc5\xeb\xb1\xe3\x01\x22\x00\xa8\xcd\
\x07A]\xc2\x8f\xf2\x04\x00\x95y\x14\x5c\x9b\xa3\x1fJ\
\x13\x00T\xb5\xc50\x18\x86?)L\x00P\x91e?\
\xbc\xce\x92 J\x12\x00Tc!\x0cw\xf9\x9a\xa0$\
\x01@5\x96\xfdp\x1fK\x82(G\x00P\x89\xf3^\
\x1e\xb3\xc5\x5c\x08\x85\x08\x00\xaa0\xf1\xcd9\xdc\x0c\xa1\
\x0c\x01@\x05\xee|s.\xbb!(C\x00\xb0:o\
\xe8\x5cJ0R\x82\x00`u\x1e\xe9r\x0dGF,\
O\x00\xb0\xb2-\x86\xba\xb8\x9e\xa1Q\x96&\x00X\x95\
e?\xb4`I\x10\xcb\x12\x00\xac\xc8b\x17Z\xf1\xb5\
\xc4\xb2\x04\x00+\xb2\xec\x87\x96,\x09bI\x02\x80\xd5\
8\xb7\xa5\x87-\xe6IX\x8c\x00`%&\xb7\xe9\xc9\
\x8d\x12\x96\x22\x00X\x85\xbb\xdb\xf4f\xa7\x04K\x11\x00\
\xac\xc0\x1b3{\x11\x9a,C\x00\xb0\x02\x8ff\xd9\x93\
\xa3&\x96 \x00\x98\xdd\x16\xc3Y\xec\xcf\xb0)\xd3\x13\
\x00\xcc\xcc\xb2\x1f\x8edI\x10S\x13\x00\xcc\xca\x82\x16\
\x8e\xe6k\x90\xa9\x09\x00fe\xd9\x0f#\xb0$\x88i\
\x09\x00f\xe4\xfc\x95\x91l1\x87\xc2\x84\x04\x00\xb31\
\x81\xcd\x88\xdcDa:\x02\x80\x99\xb8\x83\xcd\xa8\xec\xa2\
`:\x02\x80Yx\x83et\x02\x95\xa9\x08\x00f\xe1\
\x11+3pD\xc54\x04\x003\xd8b\xc8\x8ay\x18\
Re\x0a\x02\x80\xd1Y\xf6\xc3\x8c,\x09bx\x02\x80\
\x91Y\xb4\xc2\xac|\xed2<\x01\xc0\xc8,\xfbaf\
\x96\x0414\x01\xc0\xa8\x9c\xa3\xb2\x82-\xe6W\x18\x94\
\x00`D&\xa9Y\x89\x1b,\x0cI\x000\x1aw\xa9\
Y\x8d\x1d\x16\x0cI\x000\x12o\x94\xacJ\xd82\x1c\
\x01\xc0H<*ee\x8e\xb6\x18\x8a\x00`\x14[\x0c\
K\xb1>\xc3\xad\x0cC\x000\x02\xcb~\xa8\xc4\x92 \
\x86 \x008\x9a\x85)T\xe3k\x9e!\x08\x00\x8ef\
\xd9\x0f\x15Y\x12\xc4\xe1\x04\x00Gr\x1eJe[\xcc\
\xbdp \x01\xc0QLD\x83\x9b/\x1cH\x00p\x04\
w\xa2\xe1\xc4\xee\x0b\x0e#\x00\xd8\x9b7<x/A\
\xcc!\x04\x00{\xf3\xc8\x13\xde\xe4H\x8c\xdd\x09\x00\xf6\
\xb4\xc5\xd0\x13<\xc4P,\xbb\x12\x00\xec\xc5\xb2\x1fx\
\x9a%A\xecF\x00\xb0\x07\x8bO\xe0<\xbeW\xd8\x8d\
\x00`\x0f\x96\xfd\xc0\xf9,\x09b\x17\x02\x80\xde\x9ck\
\xc2\xe5\xb6\x98\x97\xa13\x01@O&\x9b\xe1zn\xcc\
\xd0\x95\x00\xa0\x17w\x9b\xe16vf\xd0\x95\x00\xa0\x07\
o\x5c\xd0\x86\x90\xa6\x1b\x01@\x0f\x1e]B;\x8e\xd2\
\xe8B\x00\xd0\xda\x16\xc3K\xd0\x9aaZ\x9a\x13\x00\xb4\
d\xd9\x0f\xf4cI\x10M\x09\x00Z\xb1\xc0\x04\xfa\xf2\
=FS\x02\x80V,\xfb\x81\xfe,\x09\xa2\x19\x01@\
\x0b\xce'a?[\xcc\xd9\xd0\x80\x00\xe0V&\x94a\
\x7fn\xdap3\x01\xc0-\xdcQ\x86c\xd8\xb5\xc1\xcd\
\x04\x00\xd7\xf2\x06\x04\xc7\x12\xe0\xdcD\x00p-\x8f \
\xe1x\x8e\xe0\xb8\x9a\x00\xe0\x1a[\x0c!\xc1(\x0c\xe1\
r\x15\x01\xc0\xa5,\xfb\x81\xf1X\x12\xc4\xc5\x04\x00\x97\
\xb0\x88\x04\xc6\xe4{\x93\x8b\x09\x00.a\xd9\x0f\x8c\xcb\
\x92 .\x22\x008\x97sF\x18\xdf\x16\xf39\x9cI\
\x00p\x0e\x93\xc60\x0f7t8\x8b\x00\xe0)\xee\x1a\
\xc3\x5c\xec\xe8\xe0,\x02\x80\xc7x#\x819\x09w\x9e\
$\x00x\x8cG\x890/Gw<J\x00\xf0\x90-\
\x86\x89`v\x86wy\x90\x00\xe0>\x96\xfd\xc0:,\
\x09\xe2^\x02\x80\xbb,\x14\x81\xb5\xf8\x9e\xe6^\x02\x80\
\xbb,\xfb\x81\xf5X\x12\xc4\x1b\x04\x00\xafs^\x08\xeb\
\xdab\xae\x87\xd7\x08\x00\xdeeb\x18\xd6\xe7f\x0f\xdf\
 \x00H\xdc\x19\x86*\xec\xf6\xe0\x1b\x04\x00\xde\x10\xa0\
\x16\xc1O\x12\x01\x80G\x82P\x91#?\x04@q[\
\x0c\x05AU\x86~\x8b\x13\x00uY\xf6\x03X\x12T\
\x98\x00\xa8\xc9b\x10 \xf1^P\x9a\x00\xa8\xc9\xb2\x1f\
\xe0]\x96\x04\x15%\x00\xeaq\xee\x07\xdc\xb5\xc5<P\
9\x02\xa0\x16\x93\xbf\xc0C\xdc\x08*F\x00\xd4\xe1\xee\
/\xf0\x18;A\x8a\x11\x005\xf8\xc6\x06\xce\xe1\x07\x85\
B\x04@\x0d\x1e\xed\x01\xe7rTX\x84\x00X\xdf\x16\
\xc3=\xc0e\x0c\x0b\x17 \x00\xd6f\xd9\x0fp-K\
\x82\x16'\x00\xd6e\xc1\x07p\x0b\xef!\x8b\x13\x00\xeb\
\xb2\xec\x07\xb8\x95%A\x0b\x13\x00kr~\x07\xb4\xb2\
\xc5\x1c\xd1\x92\x04\xc0zL\xf0\x02\xad\xb9I\xb4 \x01\
\xb0\x16wx\x81\x1e\xec\x12Y\x90\x00X\x87oP\xa0\
'?`,F\x00\xac\xc3#:\xa07G\x8c\x0b\x11\
\x00k\xd8bH\x07\xd8\x87!\xe3E\x08\x80\xf9Y\xf6\
\x03\xec\xcd\x92\xa0\x05\x08\x80\xb9Y\xd4\x01\x1c\xc1{\xcf\
\x02\x04\xc0\xdc,\xfb\x01\x8ebI\xd0\xe4\x04\xc0\xbc\x9c\
\xc3\x01G\xdbb\xfehZ\x02`N&q\x81Q\xb8\
\x814)\x010\x1fwq\x81\x91\xd8A2)\x010\
\x17\xdfh\xc0\x88\xfc`2!\x010\x17\x8f\xda\x80Q\
9\x9a\x9c\x8c\x00\x98\xc7\x16\xc36\xc0\xd8\x0c'OD\
\x00\xcc\xc1\xb2\x1f`\x16\x96\x04MB\x00\x8c\xcf\xc2\x0d\
`&\xde\xb3&!\x00\xc6g\xd9\x0f0\x1bK\x82&\
 \x00\xc6\xe6<\x0d\x98\xd5\x16sKC\x13\x00\xe32\
Q\x0b\xcc\xce\xcd\xa5\x81\x09\x801\xb9S\x0b\xac\xc0\xee\
\x92\x81\x09\x80\xf1\xf8\x86\x01V\xe2\x07\x9aA\x09\x80\xf1\
xd\x06\xac\xc6\x91\xe6\x80\x04\xc0X\xb6\x18\x9a\x01\xd6\
d\xa8y0\x02`\x1c\x96\xfd\x00\xab\xb3$h \x02\
`\x0c\x16g\x00\x15x\xaf\x1b\x88\x00\x18\x83e?@\
\x15\x96\x04\x0dB\x00\x1c\xcf\xb9\x18P\xcd\x16\xf3N\x87\
\x13\x00\xc72\x19\x0bT\xe5\xc6\xd3\xc1\x04\xc0q\xdc\x8d\
\x05*\xb3\xf3\xe4`\x02\xe0\x18\xbe\xf0\x01\xfc t(\
\x01p\x0c\x8f\xbe\x00N\x1c\x85\x1eD\x00\xeco\x8b\xe1\
\x17\x80\xd7\x19\x86>\x80\x00\xd8\x97e?\x00\xf7\xb3$\
hg\x02`?\x16`\x00<\xcc{\xe4\xce\x04\xc0~\
,\xfb\x01x\x9c%A;\x12\x00\xfbp\xbe\x05p\x9e\
-\xe6\xa4v!\x00\xfa3\xe1\x0ap\x197\xa5v \
\x00\xfar\xc7\x15\xe0rv\xa5\xec@\x00\xf4\xe3\x0b\x18\
\xe0z~\x80\xeaL\x00\xf4\xe3\x11\x16\xc0m\x1c\xa1v\
$\x00\xfa\xd8b\x88\x05\xa0\x05C\xd4\x9d\x08\x80\xf6,\
\xfb\x01h\xcb\x92\xa0\x0e\x04@[\x16Y\x00\xb4\xe7\xbd\
\xb5\x03\x01\xd0\x96e?\x00}X\x12\xd4\x98\x00h\xc7\
9\x15@_[\xccW5#\x00\xda0\xa9\x0a\xb0\x0f\
7\xac\x1a\x11\x00\xb7sW\x15`?v\xac4\x22\x00\
n\xe3\x0b\x11`\x7f~\xf0j@\x00\xdc\xc6\xa3(\x80\
c8z\xbd\x91\x00\xb8\xde\x16\xc3(\x00G2|}\
\x03\x01p\x1d\xcb~\x00\xc6`I\xd0\x95\x04\xc0\xe5,\
\xa4\x00\x18\x87\xf7\xe4+\x09\x80\xcbY\xf6\x030\x16K\
\x82\xae \x00.\xe3\xbc\x09`L[\xcce]D\x00\
\x9c\xcf\xc4)\xc0\xd8\xdc\xcc\xba\x80\x008\x8f;\xa7\x00\
\xe3\xb3\x9b\xe5\x02\x02\xe0i\xbe\xa0\x00\xe6\xe1\x07\xb63\
\x09\x80\xa7y\xa4\x040\x17G\xb6g\x10\x00\x8f\xdbb\
\xa8\x04`F\x86\xb6\x9f \x00\x1ef\xd9\x0f\xc0\xdc,\
\x09z\x84\x00\xb8\x9f\xc5\x12\x00\xf3\xf3^\xfe\x08\x01p\
?\xcb~\x00\xd6`I\xd0\x03\x04\xc0\x9b\x9c\x1b\x01\xac\
e\x8by\xae7\x08\x80\xf729\x0a\xb0&7\xba\xee\
\x10\x00\xaf\xb8;\x0a\xb0.;]\xee\x10\x00'\xbe0\
\x00\xd6\xe7\x07\xbd\xd7\x08\x80\x13\x8f\x86\x00jp\xd4\xfb\
\x0e\x01`8\x04\xa0\x1a\xc3\xde\x11\x00\x96\xfd\x00\xd4T\
~IP\xe5\x00\xb0 \x02\xa0\xae\xf2\x9f\x01\x95\x03\xc0\
\xb2\x1f\x80\xdaJ/\x09\xaa\x1a\x00\xce\x7f\x00H\x0a\xcf\
\x81U\x0c\x00\x13\xa0\x00\xbc\xae\xe4M\xb0j\x01\xe0\x0e\
(\x00w\x95\xdc\x05S)\x00J\xfe\x05\x03p\x96r\
? V\x0a\x80\x92\x8fx\x008[\xa9#\xe2*\x01\
\xb0\xa5\xe8\x90\x07\x00\x17)3$^!\x00,\xfb\x01\
\xe0\x12%\x96\x04\xad\x1e\x00\xe5\x17=\x00p\xb1\x12\x9f\
\x1d\xab\x07\x80e?\x00\x5cc\xf9%A+\x07@\x99\
s\x1c\x00\xba\xd8\xb2\xf0\xfc\xd8\xaa\x01Pj\x92\x13\x80\
n\x96\xbdA\xb6b\x00\x94\xbb\xcb\x09@7\xcb\xee\x90\
Y-\x00\x96\xfd\x8b\x02\xe00K\xfe`\xb9Z\x00,\
\xfb\xa8\x06\x80C-w\xb4\xbcR\x00lYxX\x03\
\x80\xc3-5\x5c\xbeJ\x00X\xf6\x03\xc0\x1e\x96Y\x12\
\xb4B\x00\x94X\xd8\x00\xc0\x10\x96\xf9\xccY!\x00,\
\xfb\x01`OK,\x09\x9a=\x00\x96:\x8f\x01`\x1a\
[&\x9f;\x9b9\x00\x96\x9b\xc8\x04`*S\xdf<\
\x9b5\x00\x96\xbc\x93\x09\xc0T\xa6\xde=3c\x00L\
\xfd\x07\x0e\xc0R\xa6\xfd\x81t\xc6\x00\x98\xfa\x91\x0b\x00\
\xcb\x99\xf2Hz\xb6\x00\xd82\xf9\xd0\x05\x00K\x9an\
(}\xa6\x00\xb0\xec\x07\x80\x91M\xb5$h\x96\x00X\
f\xf1\x02\x00\xcb\x9a\xea\xb3j\x96\x00\xb0\xec\x07\x80\x19\
L\xb3$h\x86\x00\x98\xee\x5c\x05\x80\xd2\xb6L0\xaf\
6z\x00L9Y\x09@y\xc3\xdfX\x1b9\x00\xa6\
\xbd[\x09@y\xc3\xef\xac\x195\x00\x86\xff\x83\x03\x80\
'\x0c\xfd\x83\xec\xa8\x010\xfc\xa3\x13\x008\xc3\xb0G\
\xd9#\x06\xc0\x96\x09\x86'\x00\xe0LC\x0e\xb3\x8f\x16\
\x00\x96\xfd\x00\xb0\xa2\xe1\x96\x04\x8d\x14\x00S-P\x00\
\x80\x0b\x0c\xf7\x197R\x00X\xf6\x03\xc0\xca\x86Z\x12\
4J\x00\x0cy>\x02\x00\x8dm\x19d\xcem\x84\x00\
\x18vB\x12\x00:\x18\xe2\xa6\xdb\xd1\x010\xf4\x1dI\
\x00\xe8`\x88]7G\x06\xc0\x10\x7f\x00\x00p\x80\xc3\
\x7f\x00>2\x00\x86x\x04\x02\x00\x079\xf4\x08\xfc\xa8\
\x00\xd82\xc8\x10\x04\x00\x1c\xe8\xb0!\xf8#\x02\xc0\xb2\
\x1f\x00x\xe5\x90%A{\x07\xc0p\x8b\x10\x00\xe0`\
\x87|6\xee\x1d\x00\x96\xfd\x00\xc0\x9bv_\x12\xb4g\
\x00X\xf6\x03\x00\x0f\xdb\xb2\xe3|\xdc^\x01`\xd9\x0f\
\x00<m\xb7\x1br{\x04\xc0\xe1w\x1d\x01`\x12\xbb\
\xed\xc8\xe9\x1d\x00\x96\xfd\x00\xc0ev\xf9\xc1\xb9w\x00\
X\xf6\x03\x00\x97\xeb~t\xde3\x00>\x16\xcb~\x00\
\xe0Z\xbf\x9e\xd3gi\x17\xbd\x02\xe0\xad$\xbf\x1b\xcb\
~\x00\xe0Z\xcf\x92|6\xc9\x87{\xbcx\xaf\x00\xf8\
t\x92\xef\xec\xf4\xda\x00P\xc5w$\xf9\xcd\x1e/\xdc\
#\x00\xbe7\xc9/wx]\x00\xa8\xe8W\x92<o\
\xfd\xa2=\x02\xe0\x17s\x9a\xfe\x07\x00n\xf7\xcd\xe90\
\x0b\xd0#\x00~\xb6\xc3k\x02@e\x1fm\xfd\x82=\
\x02`\xf7\xff\xa2\x11\x00,\xee\x87Z\xbf`\x8f\x00\xf8\
P\x87\xd7\x04\x80\xca\xbe\xab\xf5\x0b\xb6\x0e\x80gI\xbe\
\xa9\xf1k\x02@u\xcd?[[\x07\xc0\xcb$\xff\xd6\
\xf85\x01\xa0\xba\x7fm\xfd\x82=\x8e\x00\xfe\xbe\xc3k\
\x02@e\xff\xd0\xfa\x05{\x04\xc0\x9fwxM\x00\xa8\
\xac\xf9gk\x8f\x00\xf8B\x92\xff\xeb\xf0\xba\x00P\xd1\
\xd7\x93|\xb1\xf5\x8b\xf6\x08\x80\x7fJ\xf2\x95\x0e\xaf\x0b\
\x00\x15}9\xc9\xd7Z\xbfh\xaf\xff\x16\xc0o$\xf9\
\xefN\xaf\x0d\x00U\xfcWN\x9f\xa9\xcd\xf5\x0a\x80\xaf\
%\xf9\xd5\x9cn\x05\x00\x00\x97{\x99\xe4\x139=Y\
o\xaeW\x00$\xa7c\x80OE\x04\x00\xc0\xa5^&\
\xf9d\x92/\xf5\xfa\x05z\x06@\x92|&\xc9/%\
\xf9\xcf\xce\xbf\x0e\x00\xac\xe2?\x92|<\xc9o\xf7\xfc\
Ez\x07@\x92\xfcIN;\x8c\xff0n\x07\x00\xc0\
C\xfe7\xc9\x1f$\xf9\xe1\x9c\x06\xff\xbaz\xf6\xf2e\
\xbb'\xf4/^\xbcx\xea\x1fy+\xa7\xff\x5c\xf0O\
\xe7\xf4/\xf8\xddI\xbe\xb5\xd9o\x00\x00\xe6\xf1?I\
\xfe=\xc9\xdf%\xf9\x8b$\x7f\x9c\xe4_\x1e\xfa\x87\x9f\
?\x7f\xde\xf4\x17o\x1a\x00\x00\xc0\x1c\xf68\x02\x00\x00\
\x06#\x00\x00\xa0 \x01\x00\x00\x05\x09\x00\x00(H\x00\
\x00@A\x02\x00\x00\x0a\x12\x00\x00P\x90\x00\x00\x80\x82\
\x04\x00\x00\x14$\x00\x00\xa0 \x01\x00\x00\x05\x09\x00\x00\
(H\x00\x00@A\x02\x00\x00\x0a\x12\x00\x00P\x90\x00\
\x00\x80\x82\x04\x00\x00\x14$\x00\x00\xa0 \x01\x00\x00\x05\
\x09\x00\x00(H\x00\x00@A\x02\x00\x00\x0a\x12\x00\x00\
P\x90\x00\x00\x80\x82\x04\x00\x00\x14$\x00\x00\xa0 \x01\
\x00\x00\x05\x09\x00\x00(H\x00\x00@A\x02\x00\x00\x0a\
\x12\x00\x00P\x90\x00\x00\x80\x82\x04\x00\x00\x14$\x00\x00\
\xa0 \x01\x00\x00\x05\x09\x00\x00(H\x00\x00@A\x02\
\x00\x00\x0a\x12\x00\x00P\x90\x00\x00\x80\x82\x04\x00\x00\x14\
$\x00\x00\xa0 \x01\x00\x00\x05\x09\x00\x00(H\x00\x00\
@A\x02\x00\x00\x0a\x12\x00\x00P\x90\x00\x00\x80\x82\x04\
\x00\x00\x14$\x00\x00\xa0 \x01\x00\x00\x05\x09\x00\x00(\
H\x00\x00@A\x02\x00\x00\x0a\x12\x00\x00P\x90\x00\x00\
\x80\x82\x04\x00\x00\x14$\x00\x00\xa0 \x01\x00\x00\x05\x09\
\x00\x00(H\x00\x00@A\x02\x00\x00\x0a\x12\x00\x00P\
\x90\x00\x00\x80\x82\x04\x00\x00\x14$\x00\x00\xa0 \x01\x00\
\x00\x05\x09\x00\x00(H\x00\x00@A\x02\x00\x00\x0a\x12\
\x00\x00P\x90\x00\x00\x80\x82\x04\x00\x00\x14$\x00\x00\xa0\
 \x01\x00\x00\x05\x09\x00\x00(H\x00\x00@A\x02\x00\
\x00\x0a\x12\x00\x00P\x90\x00\x00\x80\x82\x04\x00\x00\x14$\
\x00\x00\xa0 \x01\x00\x00\x05\x09\x00\x00(H\x00\x00@\
A\x02\x00\x00\x0a\x12\x00\x00P\x90\x00\x00\x80\x82\x04\x00\
\x00\x14$\x00\x00\xa0 \x01\x00\x00\x05\x09\x00\x00(H\
\x00\x00@A\x02\x00\x00\x0a\x12\x00\x00P\x90\x00\x00\x80\
\x82\x04\x00\x00\x14$\x00\x00\xa0 \x01\x00\x00\x05\xfd?\
\xa2P\x0d\xe91yv\x97\x00\x00\x00\x00IEND\
\xaeB`\x82\
\x00\x00\x13`\
\x89\
PNG\x0d\x0a\x1a\x0a\x00\x00\x00\x0dIHDR\x00\
\x00\x02\x00\x00\x00\x02\x00\x08\x06\x00\x00\x00\xf4x\xd4\xfa\
\x00\x00\x00\x09pHYs\x00\x00\x18L\x00\x00\x18L\
\x01\x887\xfc\xdb\x00\x00\x13\x12IDATx\x9c\xed\
\xdd\xbb\xab\xad\xdbY\xc7\xf1\xdf6V\x1a\xd0FEa\
\x1b+A\x1bK\x11\x04\xb5\xb4\x12\x0e\x12%\xa8Q$\
\xda\x89\x95\x90&`\x1d\x88\xef?`\xa3\xa2!\xa4\x10\
l\x14\x03\x8a\x8d \xe2%!\x81X\x89[\x0exA\
D\x82\x12\xf5\xb0R\xac}\x92}Yk\xaey\x19\xe3\
}\xc7\x18\xcf\xe7S\xe62\xd7>\xfb\xac=\xe7w\xbd\
\xe3\x19\xcf~vww\x17\x00\xa0\x96o:\xfa\x17\x00\
\x00\xecO\x00\x00@A\x02\x00\x00\x0a\x12\x00\x00P\x90\
\x00\x00\x80\x82\x04\x00\x00\x14$\x00\x00\xa0 \x01\x00\x00\
\x05\x09\x00\x00(H\x00\x00@A\x02\x00\x00\x0a\x12\x00\
\x00P\x90\x00\x00\x80\x82\x04\x00\x00\x14$\x00\x00\xa0 \
\x01\x00\x00\x05\x09\x00\x00(H\x00\x00@A\x02\x00\x00\
\x0a\x12\x00\x00P\x90\x00\x00\x80\x82\x04\x00\x00\x14$\x00\
\x00\xa0 \x01\x00\x00\x05\x09\x00\x00(H\x00\x00@A\
\x02\x00\x00\x0a\x12\x00\x00P\x90\x00\x00\x80\x82\x04\x00\x00\
\x14$\x00\x00\xa0 \x01\x00\x00\x05\x09\x00\x00(H\x00\
\x00@A\x02\x00\x00\x0a\x12\x00\x00P\x90\x00\x00\x80\x82\
\x04\x00\x00\x14$\x00\x00\xa0 \x01\x00\x00\x05\x09\x00\x00\
(H\x00\x00@A\x02\x00\x00\x0a\x12\x00\x00P\x90\x00\
\x00\x80\x82\x04\x00\x00\x14$\x00\x00\xa0 \x01\x00\x00\x05\
\x09\x00\x00(H\x00\x00@A\x02\x00\x00\x0a\x12\x00\x00\
P\x90\x00\x00\x80\x82\x04\x00\x00\x14$\x00\x00\xa0 \x01\
\x00\x00\x05\x09\x00\x00(H\x00\x00@A\x02\x00\x00\x0a\
\x12\x00\x00P\x90\x00\x00\x80\x82\x04\x00\x00\x14$\x00\x00\
\xa0 \x01\x00\x00\x05\x09\x00\x00(H\x00\x00@A\x02\
\x00\x00\x0a\x12\x00\x00P\x90\x00\x00\x80\x82\x04\x00\x00\x14\
$\x00\x00\xa0 \x01\x00\x00\x05\x09\x00\x00(H\x00\x00\
@A\x02\x00\x00\x0a\x12\x00\x00P\x90\x00\x00\x80\x82\x04\
\x00\x00\x14$\x00\x00\xa0 \x01\x00\x00\x05\x09\x00\x00(\
H\x00\x00@A\x02\x00\x00\x0a\x12\x00\x00P\x90\x00\x00\
\x80\x82\x04\x00\x00\x14$\x00\x00\xa0 \x01\x00\x00\x05\x09\
\x00\x00(H\x00\x00@A\x02\x00\x00\x0a\x12\x00\x00P\
\x90\x00\x00\x80\x82\x04\x00\x00\x14$\x00\x00\xa0 \x01\x00\
\x00\x05\x09\x00\x00(H\x00\x00@A\x02\x00\x00\x0a\xfa\
\xe6\xd6/\xf8\xe2\xc5\x8bS\xff\xf5w'\xf9\xd9$?\
\x9e\xe4\x87\x92|G\x92oi\xfdk\x00\x80\x09\xfcO\
\x92\x7fM\xf2\xf9$\x7f\x9e\xe4\xd3I\xde=\xf5\x7fx\
\xfe\xfcy\xb3/\xfe\xec\xee\xee\xae\xd9\x8b%\x8f\x06\xc0\
\xf3$\xbf\x99\xe4\xe7\xd3!:\x00`\x01\xef%\xf9\xdd\
$\x9fH\xf2\xf0\x87i\xc3\x00\xd8\xe3\x08\xe0\xa7s_\
7\xbf\x14\x1f\xfe\x00\xf0\x98\x0f$\xf9\xc5$_H\xf2\
3\xbd\xbfX\xef\x00\xf8\xb5$\x9fI\xf2\xed\x9d\xbf\x0e\
\x00\xac\xe2\xdb\x92\xfcA\x92_\xef\xf9Ez\x06\xc0\x87\
\x93lI\x9eu\xfc\x1a\x00\xb0\xa2gI>\x95\xe4\x9d\
^_\xa0W\x00|o\x92\xdf\x8e\x0f\x7f\x00\xb8\xd6\xb3\
$\xbf\x93\xe4C=^\xbcW\x00|2\xc9\x07;\xbd\
6\x00T\xf1\xad\xb9\xffLm\xaeG\x00|(\xf7\x83\
\x7f\x00\xc0\xed\xde\xc9\xfd\x93\xf5\xa6z\x04\xc0G:\xbd\
.\x00T\xf4\x81$\xbf\xd0\xfaE{|P\xffD\x87\
\xd7\x04\x80\xca\x9a\x7f\xb6\xf6\x08\x80\x1f\xe8\xf0\x9a\x00P\
\xd9\x0f\xb6~\xc1\x1e\x01\xf0]\x1d^\x13\x00*\xfb\xce\
4\xbeY\xd7#\x00\xde\xeb\xf0\x9a\x00P\xd9{I\x9a\
\xee\xee\xef\x11\x00\xff\xde\xe15\x01\xa0\xb2\x7fk\xfd\x82\
=\x02\xe0\x0b\x1d^\x13\x00*\xfbb\xeb\x17\xec\x11\x00\
\x7f\xda\xe15\x01\xa0\xb2\xcf\xb5~\xc1\x1e\x01\xf0\xd9$\
\xff\xd7\xe1u\x01\xa0\xa2\xffO\xf2\xe9\xd6/\xda#\x00\
^$\xf9\xbd\x0e\xaf\x0b\x00\x15\xfd~\x92\x7fj\xfd\xa2\
\xbd6\xf6}\x22\xc9\x7fvzm\x00\xa8\xe2?\x92|\
\xbc\xc7\x0b\xf7\x0a\x80\x7fN\xf2\xb14\xbe\xb2\x00\x00\x85\
\xdc%\xf9\xd5$\xef\xf6x\xf1\x9e;\xfb?\x9b\xe4\xb7\
:\xbe>\x00\xacl\xcb\xfdgi\x17\xbd\xff\xd2\x9e\x8f\
'\xf9\xcb\xce_\x03\x00V\xf3\x17I~\xa3\xe7\x17\xe8\
\x1d\x00\xff\x9b\xfb\xbf\x1a\xf8_:\x7f\x1d\x00X\xc5\xbb\
I>\x9c\xfb\xe9\xffn\xf6\xf8k{w\xf9\x07\x01\x80\
\x05\xec\xf6\x83\xf3\x1e\x01\x90\xec\xf0(\x03\x00\x16\xb0\xdb\
\xd1\xf9^\x01\x90\xdc\x0f3\xfc\xe1\x8e_\x0f\x00f\xf2\
\x99$\x9f\xda\xeb\x8b\xed\x19\x00wI>\x9a\xe4\x1fv\
\xfc\x9a\x000\x83/%\xf9\xe5=\xbf\xe0\x9e\x01\x90$\
\xff\x95\xe4\x9d$_\xd9\xf9\xeb\x02\xc0\xa8\x0e\xf9l\xdc\
;\x00\x92\xfb\xbf\xd1h\xd7\xca\x01\x80A\xbd\xfft\xfc\
\xcb{\x7f\xe1#\x02 \xd9\xf9\x9c\x03\x00\x06\xb5\xe5\xa0\
\xf9\xb8\xa3\x02 \xb1$\x08\x80\xda\x0e\xbd!wd\x00\
X\x12\x04@U\x87\xef\xc892\x00\x92\x01~\x03\x00\
`gC\xfc\x00|t\x00$\x96\x04\x01P\xcb\x10G\
\xe0#\x04@bI\x10\x005\x0c3\x04?J\x00X\
\x12\x04\xc0\xeav_\xf6s\xca(\x01\x90X\x12\x04\xc0\
\xba\x86\xfb\x8c\x1b)\x00\x12K\x82\x00X\xcfa\xcb~\
N\x19-\x00\x92\x81\xceG\x00\xa0\x81-\x03\xce\xb9\x8d\
\x18\x00\xc9 \x13\x92\x00p\xa3ao\xba\x8d\x1a\x00C\
\xdc\x91\x04\x80\x1b\x0c\xbd\xebf\xd4\x00H\x06\xff\x8d\x03\
\x80\x13\x86\xffAv\xe4\x00H\x06~t\x02\x00'\x0c\
\x7f\x94=z\x00$\x83\x0eO\x00\xc0#\xa6\x18f\x9f\
!\x00,\x09\x02`\x16C-\xfb9e\x86\x00H\x06\
\x5c\xa0\x00\x00o\x98\xea\xb3j\x96\x00H,\x09\x02`\
\x5cC.\xfb9e\xa6\x00H&9W\x01\xa0\x9c-\
\x93\xcd\xab\xcd\x16\x00\xc9\x04\x93\x95\x00\x942\xe5\x8d\xb5\
\x19\x03`\xf8\xbb\x95\x00\x941\xed\xce\x9a\x19\x03 \x99\
\xf87\x1c\x80eL\xfd\x03\xe9\xac\x01\x90L\xfa\xc8\x05\
\x80eL}$=s\x00$\x13\x0e]\x00\xb0\x84\xe9\
\x87\xd2g\x0f\x00K\x82\x00\xd8\xdb4\xcb~N\x99=\
\x00\x92\xc9\x16/\x000\xb5e>sV\x08\x80\xc4\x92\
 \x00\xfa\x9bn\xd9\xcf)\xab\x04@\xb2\xc0y\x0c\x00\
C\xdb\xb2\xd0\xdc\xd9J\x01\x90L>\x91\x09\xc0\xb0\x96\
\xbby\xb6Z\x00L}'\x13\x80!-\xb9{f\xb5\
\x00H\x16\xfd\x17\x05\xc0!\x96\xfd\xc1r\xc5\x00H\x16\
|T\x03\xc0!\x96=Z^5\x00\x92\xc5\x865\x00\
\xd8\xdd\xd2\xc3\xe5+\x07\x80%A\x00\x5ck\x89e?\
\xa7\xac\x1c\x00\xc9B\x0b\x1b\x00\xd8M\x89\xcf\x8e\xd5\x03\
 \xb1$\x08\x80\xf3-\xb5\xec\xe7\x94\x0a\x01\x90,~\
\x8e\x03@3[\x8a\xcc\x8fU\x09\x80d\xe1IN\x00\
\x9a(u\x83\xacR\x00,{\x97\x13\x80\x9b\x95\xdb!\
S)\x00\x92\x82\xff\x82\x01xR\xc9\x1f\x10\xab\x05@\
R\xec\x11\x0f\x00O*yD\x5c1\x00\x92BC\x1e\
\x00\x9cTvH\xbcj\x00X\x12\x04\xc0\xf2\xcb~N\
\xa9\x1a\x00I\x91E\x0f\x00<\xa8\xfcg@\xe5\x00H\
,\x09\x02\xa8\xa8\xcc\xb2\x9fS\xaa\x07@R\xf8\xfc\x07\
\xa0\xa8-\xe6\xc0\x04\xc0K%'@\x01\x0ar\x13\xec\
%\x01p\xaf\xe4\x1dP\x80b\xec\x82y\x85\x00\xf8\x06\
\xdf\x18\x00\xeb\xf2\x83\xde\x1b\x04\xc0\xeb<\x1a\x02X\x93\
\xa3\xde7\x08\x80\xb7m1\x1c\x02\xb0\x12\xc3\xde\x0f\x10\
\x00o\xb3$\x08`\x1d\xa5\x97\xfd\x9c\x22\x00\x1eV~\
A\x04\xc0\x02\xbc\x97\x9f \x00\x1egI\x10\xc0\xbc,\
\xfby\x82\x008\xcd\xb9\x11\xc0\x9c\xb6\x98\xe7:I\x00\
<\xcd\xe4(\xc0\x5c\xdc\xe8:\x83\x00x\x9a\xbb\xa3\x00\
\xf3\xb0\xd3\xe5L\x02\xe0<\xbe\xa1\x00\xc6\xe7\x07\xb6\x0b\
\x08\x80\xf3y\xa4\x0406G\xb6\x17\x10\x00\x97\xd9b\
\xa8\x04`D\x86\xb6/$\x00.cI\x10\xc0x,\
\xfb\xb9\x82\x00\xb8\x9c\xc5\x12\x00\xe3\xf0\x9e|%\x01p\
\x1dK\x82\x00\x8eg\xd9\xcf\x0d\x04\xc0\xf5\x9c7\x01\x1c\
k\x8b\xb9\xac\xab\x09\x80\xdb\x988\x058\x86\x9bY7\
\x12\x00\xb7q\xe7\x14`\x7fv\xb34 \x00n\xe7\x1b\
\x11`?~\xf0jD\x00\xb4\xe1Q\x14\xc0>\x1c\xbd\
6\x22\x00\xda\xd9b\x18\x05\xa0'\xc3\xd7\x0d\x09\x80v\
,\x09\x02\xe8\xc7\xb2\x9f\xc6\x04@[\x16R\x00\xb4\xe7\
\xbd\xb5\x03\x01\xd0\x9e%A\x00\xedX\xf6\xd3\x89\x00\xe8\
\xc39\x15@\x1b[\xccWu!\x00\xfa1\xa9\x0ap\
\x1b7\xac:\x12\x00\xfd\xb8\xab\x0ap=;V:\x13\
\x00}\xf9\x06\x06\xb8\x9c\x1f\xa0v \x00\xfa\xf3\x08\x0b\
\xe02\x8ePw \x00\xf6\xb1\xc5\x10\x0b\xc09\x0cQ\
\xefD\x00\xec\xc3\x92 \x80\xa7Y\xf6\xb3#\x01\xb0\x1f\
\x8b,\x00\x1e\xe7=rg\x02`_\x96\x04\x01\xbc\xcd\
\xb2\x9f\x03\x08\x80\xfd9\xdf\x02x\xdd\x16sR\xbb\x13\
\x00\xc70\xe1\x0ap\xcfM\xa9\x83\x08\x80c\xb8\xe3\x0a\
`W\xca\xa1\x04\xc0q|\xe3\x03\x95\xf9A\xe8`\x02\
\xe0X\x1e}\x01U9\x0a=\x98\x008\xde\x16\xc3/\
@-\x86\xa1\x07 \x00\x8egI\x10P\x89e?\x83\
\x10\x00c\xb0\x00\x03\xa8\xc0{\xdd@\x04\xc08,\x09\
\x02Vf\xd9\xcf`\x04\xc0X\x9c\x8b\x01\xab\xdab\xde\
i(\x02`<&c\x81\xd5\xb8\xf14 \x010\x1e\
wc\x81\x95\xd8y2(\x010&\x7f`\x80\x15\xf8\
\x81f`\x02`\x5c\x1e\x99\x01\xb3s\xa490\x010\
\xb6-\x86f\x809\x19j\x1e\x9c\x00\x18\x9b%A\xc0\
\x8c,\xfb\x99\x80\x00\x18\x9f\xc5\x19\xc0L\xbcgMB\
\x00\xcc\xc1\x92 `\x06\x96\xfdLD\x00\xcc\xc3y\x1a\
0\xba-\xe6\x96\xa6!\x00\xe6b\xa2\x16\x18\x95\x9bK\
\x93\x11\x00sq\xa7\x16\x18\x91\xdd%\x13\x12\x00\xf3\xf1\
\x07\x0d\x18\x89\x1fL&%\x00\xe6\xe4Q\x1b0\x0aG\
\x93\x93\x12\x00\xf3\xdab\xd8\x068\x96\xe1\xe4\x89\x09\x80\
yY\x12\x04\x1c\xc9\xb2\x9f\xc9\x09\x80\xb9Y\xb8\x01\x1c\
\xc1{\xcf\x02\x04\xc0\xfc,\x09\x02\xf6d\xd9\xcf\x22\x04\
\xc0\x1a\x9c\xc3\x01{\xd9b\xfeh\x09\x02`\x1d&q\
\x81\xde\xdc@Z\x88\x00X\x87\xbb\xb8@Ov\x90,\
F\x00\xac\xc5\x1fP\xa0\x07?`,H\x00\xac\xc7#\
:\xa05G\x8c\x0b\x12\x00k\xdabH\x07h\xc3\x90\
\xf1\xa2\x04\xc0\x9a,\x09\x02Z\xb0\xecga\x02`]\
\x16u\x00\xb7\xf0\x1e\xb28\x01\xb06K\x82\x80kX\
\xf6S\x80\x00X\x9f\xf3;\xe0R[\xcc\x11-O\x00\
\xd4`\x82\x178\x97\x9bDE\x08\x80\x1a\xdc\xe1\x05\xce\
a\x97H!\x02\xa0\x0e\x7f\xb0\x81S\xfc\xa0P\x8c\x00\
\xa8\xc5\xa3=\xe01\x8e\x0a\x8b\x11\x00\xf5l1\xdc\x03\
\xbc\xce\xb0pA\x02\xa0\x1eK\x82\x80WY\xf6S\x94\
\x00\xa8\xc9\x82\x0f \xf1^P\x9a\x00\xa8\xcb\x92 \xa8\
\xcd\xb2\x9f\xe2\x04@m\xce\xfd\xa0\xae-\xe6\x81J\x13\
\x00\x98\xfc\x85z\xdc\x08B\x00\xe0\xee/\x14c'\x08\
I\x04\x00\xf7\xbc!@\x0d\x82\x9f\xaf\x13\x00\xbc\xcf#\
AX\x9f#?\xbeN\x00\xf0\xaa-\x86\x82`U\x86\
~y\x8d\x00\xe0U\x96\x04\xc1\x9a,\xfb\xe1-\x02\x80\
7Y\x0c\x02k\xf1g\x9a\x07\x09\x00\x1ebI\x10\xac\
\xc1\xb2\x1f\x1e%\x00x\x8c\xf3B\x98\xdf\x16s=<\
B\x00p\x8a\x89a\x98\x97\x9b=\x9c$\x008\xc5\x9d\
a\x98\x93\xdd\x1e<I\x00\xf0\x14o$0\x17\xe1\xce\
Y\x04\x00\xe7\xf0(\x11\xe6\xe1\xe8\x8e\xb3\x08\x00\xce\xb5\
\xc50\x11\x8c\xce\xf0.g\x13\x00\x9c\xcb\x92 \x18\x9b\
e?\x5cD\x00p\x09\x0bE`L\xfelr1\x01\
\xc0\xa5,\x09\x82\xb1X\xf6\xc3U\x04\x00\xd7p\xce\x08\
\xe3\xd8b>\x87+\x08\x00\xaee\xd2\x18\x8e\xe7\x86\x0e\
W\x13\x00\x5c\xcb]c8\x96\x1d\x1d\xdcD\x00p\x0b\
o@p\x0c\x01\xce\xcd\x04\x00\xb7\xf2\x08\x12\xf6\xe7\x08\
\x8e\x9b\x09\x00Z\xd8b\x08\x09\xf6b\x08\x97&\x04\x00\
-X\x12\x04\xfb\xb0\xec\x87f\x04\x00\xadXD\x02}\
\xf93FS\x02\x80\x96,\x09\x82>,\xfb\xa19\x01\
@k\xce'\xa1\xbd-\xe6lhL\x00\xd0\x83\x09e\
h\xc7M\x1b\xba\x10\x00\xf4\xe0\x8e2\xb4a\xd7\x06\xdd\
\x08\x00z\xf1\xc6\x05\xb7\x11\xd2t%\x00\xe8\xc9\xa3K\
\xb8\x9e\xa34\xba\x12\x00\xf4\xb6\xc5\xf0\x12\x5c\xca0-\
\xdd\x09\x00z\xb3$\x08.c\xd9\x0f\xbb\x10\x00\xec\xc1\
\x02\x138\x8f?+\xecF\x00\xb0\x17K\x82\xe04\xcb\
~\xd8\x95\x00`O\xce5\xe1q[\xcc\xcb\xb0#\x01\
\xc0\xdeL6\xc3\xdb\xdc\x98aw\x02\x80\xbd\xb9\xdb\x0c\
\xaf\xb33\x83C\x08\x00\x8e\xe0\x0d\x0f\xee\x09b\x0e#\
\x008\x8aG\x9e\xe0H\x8c\x03\x09\x00\x8e\xb4\xc5\xd0\x13\
u\x19\x8a\xe5P\x02\x80#Y\x12DU\x96\xfdp8\
\x01\xc0\xd1,>\xa1\x1a\xdf\xf3\x0cA\x000\x02K\x82\
\xa8\xc2\xb2\x1f\x86!\x00\x18\x85\xf3P*\xd8b\xee\x85\
A\x08\x00Fb\x22\x9a\x95\xb9\xf9\xc2P\x04\x00#q\
'\x9aU\xd9}\xc1p\x04\x00\xa3\xf1F\xc9j\x84-\
C\x12\x00\x8c\xc8\xa3RV\xe2h\x8b!\x09\x00F\xb5\
\xc5\xb0\x14\xf33\xdc\xca\xb0\x04\x00\xa3\xb2$\x88\xd9Y\
\xf6\xc3\xd0\x04\x00#\xb30\x85Y\xf9\xdeex\x02\x80\
\xd1Y\x12\xc4l,\xfba\x0a\x02\x80\x198Ge&\
[\xcc\xaf0\x01\x01\xc0,LR3\x037X\x98\x86\
\x00`\x16\xeeR3:;,\x98\x8a\x00`&\xde`\
\x19\x95@e:\x02\x80\xd9x\xc4\xca\x88\x1cQ1\x1d\
\x01\xc0\x8c\xb6\x18\xb2b\x1c\x86T\x99\x92\x00`F\x96\
\x041\x0a\xcb~\x98\x96\x00`V\x16\xadp4\xdf\x83\
LM\x0003K\x828\x8ae?LO\x000;\
\xe7\xaf\x1ca\x8b9\x14&'\x00X\x81\x09l\xf6\xe4\
&\x0aK\x10\x00\xac\xc0\x1dl\xf6b\x17\x05\xcb\x10\x00\
\xac\xc2\x1b3\xbd\x09M\x96\x22\x00X\x89G\xb3\xf4\xe4\
\xa8\x89\xa5\x08\x00V\xb3\xc5p\x16\xed\x196e9\x02\
\x80\xd5X\x12Dk\x96\xfd\xb0$\x01\xc0\x8a,h\xa1\
\x15\xdfK,K\x00\xb0*K\x82\xb8\x95e?,M\
\x00\xb02\xe7\xb6\xdcb\x8by\x12\x16&\x00X\x9d\xc9\
m\xae\xe1F\x09\xcb\x13\x00\xac\xce\xddm.e\xa7\x04\
%\x08\x00*\xf0\x86\xce\xb9\x04#e\x08\x00\xaa\xf0H\
\x97s82\xa2\x0c\x01@%[\x0cu\xf18C\xa3\
\x94\x22\x00\xa8\xc4\x92 \x1ec\xd9\x0f\xe5\x08\x00\xaa\xb1\
\xd8\x857\xf9\x9e\xa0$\x01@E\x96\x04\xf1>\xcb~\
(K\x00P\x95\xf3^\x12s!\x14&\x00\xa8\xcc\xc4\
wmn\x86P\x9a\x00\xa02w\xbe\xeb\xb2\x1b\x82\xf2\
\x04\x00\xd5\xf9 \xa8G\xf8A\x04\x00$\x1e\x05W\xe3\
\xe8\x07\x22\x00\xe0}[\x0c\x83U`\xf8\x13^\x12\x00\
p\xcf\x92\xa0\xf5Y\xf6\x03\xaf\x10\x00\xf0\x0d\x16\xc2\xac\
\xcb\xbf[x\x83\x00\x80\xd7Y\x12\xb4\x1e\xcb~\xe0\x01\
\x02\x00\xde\xe6\x9cx-[\xccw\xc0[\x04\x00<\xcc\
\xa4\xf8\x1a\xdc\xf0\x80G\x08\x00x\x98\xbb\xe2\xf3\xb3\xe3\
\x01N\x10\x00\xf08\x1f \xf3\x12p\xf0\x04\x01\x00\xa7\
y\x84<'G8\xf0\x04\x01\x00O\xdbb\x88l&\
\x868\xe1\x0c\x02\x00\x9efI\xd0<,\xfb\x813\x09\
\x008\x8fE2\xe3\xf3\xef\x08. \x00\xe0|\x96\x04\
\x8d\xcb\xb2\x1f\xb8\x90\x00\x80\xcb8_\x1e\xd3\x16s\x1a\
p\x11\x01\x00\x973a>\x1675\xe0\x0a\x02\x00.\
\xe7\x8e\xf98\xecj\x80+\x09\x00\xb8\x8e\x0f\x9e\xe3\x09\
1\xb8\x81\x00\x80\xeby\xf4|,G1p\x03\x01\x00\
\xb7\xd9b\xf8\xec\x08\x861\xe1F\x02\x00ncI\xd0\
\xfe,\xfb\x81\x06\x04\x00\xdc\xce\x02\x9a\xfd\xf8\xbd\x86F\
\x04\x00\xb4aIP\x7f\x96\xfd@C\x02\x00\xdaq.\
\xdd\xd7\x16\xf3\x16\xd0\x8c\x00\x80\xb6L\xa6\xf7\xe1\xc6\x05\
4&\x00\xa0-w\xd3\xdb\xb3s\x01:\x10\x00\xd0\x9e\
\x0f\xacv\x04\x15t\x22\x00\xa0\x0f\x8f\xac\xdbp\xa4\x02\
\x9d\x08\x00\xe8g\x8b\xa1\xb5[\x18\xaa\x84\x8e\x04\x00\xf4\
cI\xd0\xf5,\xfb\x81\xce\x04\x00\xf4eq\xcd\xe5\xfc\
\x9e\xc1\x0e\x04\x00\xf4gI\xd0\xf9,\xfb\x81\x9d\x08\x00\
\xd8\x87\xf3\xec\xf3l17\x01\xbb\x10\x00\xb0\x1f\x13\xed\
\xa7\xb99\x01;\x12\x00\xb0\x1fw\xda\x1fgw\x02\xec\
L\x00\xc0\xbe|\xd0\xbdM\x18\xc1\x01\x04\x00\xec\xcf\xa3\
\xee\xd79\x1a\x81\x03\x08\x008\xc6\x16\xc3n\x89\xe1H\
8\x8c\x00\x80cX\x12d\xd9\x0f\x1cJ\x00\xc0q*\
/\xbc\xa9\xfc\xcf\x0eC\x10\x00p\xac\x8aK\x82,\xfb\
\x81\x01\x08\x008^\xb5s\xf0-\xe6\x1f\xe0p\x02\x00\
\xc6Pe\x12\xde\x0d\x08\x18\x84\x00\x801T\xb8\x0bo\
\x07\x02\x0cD\x00\xc08V\xfe\x80\xac\x1080\x15\x01\
\x00cY\xf5\x11y\x95#\x0e\x98\x86\x00\x80\xf1lY\
kH\xae\xda\x90#LA\x00\xc0xVZ\x12d\xd9\
\x0f\x0cJ\x00\xc0\x98VX\x94\xb3\xc2?\x03,K\x00\
\xc0\xb8f^\x12d\xd9\x0f\x0cN\x00\xc0\xd8f=?\
\xdf\xb2\xd6\x1c\x03,G\x00\xc0\xf8f\x9b\xa0_\xf5&\
\x03,E\x00\xc0\xf8f\xbaC\xbf\xf2.\x03X\x8a\x00\
\x809\xcc\xf0\xc1:S\xa8@y\x02\x00\xe61\xfa\xa3\
\xf5\xd9\x8e*\xa04\x01\x00s\xd92\xe6p\xdd\xac\xc3\
\x8aP\x96\x00\x80\xb9\x8c\xb8$\xc8\xb2\x1f\x98\x90\x00\x80\
\xf9\x8c\xb4`g\xa4_\x0bp\x01\x01\x00s\x1aaI\
\x90e?01\x01\x00\xf3:\xfa\xdc}\xcb\x98\xf3\x08\
\xc0\x19\x04\x00\xcc\xed\xa8\xc9\xfb\xd1o$\x00O\x10\x00\
0\xb7#\xee\xde\xcf\xb0\x93\x00x\x82\x00\x80\xf9\xed\xf9\
\x81l\xd9\x0f,B\x00\xc0\x1a\xf6z$o\xd9\x0f,\
B\x00\xc0:\xb6\xf4\x1d\xca;z\xe8\x10hH\x00\xc0\
:z.\x09\xb2\xec\x07\x16#\x00`-=\x16\xf3X\
\xf6\x03\x0b\x12\x00\xb0\x9e/&\xf9H\x92\xaf6x\xad\
\xaf&\xf9\xb9X\xf6\x03\xcb\x11\x00\xb0\xa6?J\xf2S\
I\xfe\xfb\x86\xd7\xf8J\x92\x9f|\xf9Z\xc0b\x04\x00\
\xac\xebO\x92\xfch\x92\xbf\xba\xe2\xff\xfb\xd7I~,\
\xc9\x9f5\xfd\x15\x01\xc3\x10\x00\xb0\xb6\xbfM\xf2#I\
>\x96\xe4\xef\xce\xf8\xdf\xff}\x92_I\xf2\xc3I\xfe\
\xa6\xdf/\x0b8\xda\xb3\xbb\xbb\xbb\xa6/\xf8\xe2\xc5\x8b\
\xa6\xaf\x074\xf5\xfd\xb9\x7f\xac\xff}I\xbe\xe7\xe5\x7f\
\xf6n\x92\x7fL\xf2\xc7q\xd6\x0fC{\xfe\xfcy\xb3\
\xd7j\x1e\x00\x00\xc0\xf8\x1c\x01\x00@A\x02\x00\x00\x0a\
\x12\x00\x00P\x90\x00\x00\x80\x82\x04\x00\x00\x14$\x00\x00\
\xa0 \x01\x00\x00\x05\x09\x00\x00(H\x00\x00@A\x02\
\x00\x00\x0a\x12\x00\x00P\x90\x00\x00\x80\x82\x04\x00\x00\x14\
$\x00\x00\xa0 \x01\x00\x00\x05\x09\x00\x00(H\x00\x00\
@A\x02\x00\x00\x0a\x12\x00\x00P\x90\x00\x00\x80\x82\x04\
\x00\x00\x14$\x00\x00\xa0 \x01\x00\x00\x05\x09\x00\x00(\
H\x00\x00@A\x02\x00\x00\x0a\x12\x00\x00P\x90\x00\x00\
\x80\x82\x04\x00\x00\x14$\x00\x00\xa0 \x01\x00\x00\x05\x09\
\x00\x00(H\x00\x00@A\x02\x00\x00\x0a\x12\x00\x00P\
\x90\x00\x00\x80\x82\x04\x00\x00\x14$\x00\x00\xa0 \x01\x00\
\x00\x05\x09\x00\x00(H\x00\x00@A\x02\x00\x00\x0a\x12\
\x00\x00P\x90\x00\x00\x80\x82\x04\x00\x00\x14$\x00\x00\xa0\
 \x01\x00\x00\x05\x09\x00\x00(H\x00\x00@A\x02\x00\
\x00\x0a\x12\x00\x00P\x90\x00\x00\x80\x82\x04\x00\x00\x14$\
\x00\x00\xa0 \x01\x00\x00\x05\x09\x00\x00(H\x00\x00@\
A\x02\x00\x00\x0a\x12\x00\x00P\x90\x00\x00\x80\x82\x04\x00\
\x00\x14$\x00\x00\xa0 \x01\x00\x00\x05\x09\x00\x00(H\
\x00\x00@A\x02\x00\x00\x0a\x12\x00\x00P\x90\x00\x00\x80\
\x82\x04\x00\x00\x14$\x00\x00\xa0 \x01\x00\x00\x05\x09\x00\
\x00(H\x00\x00@A\x02\x00\x00\x0a\x12\x00\x00P\x90\
\x00\x00\x80\x82\x04\x00\x00\x14$\x00\x00\xa0 \x01\x00\x00\
\x05\x09\x00\x00(H\x00\x00@A\x02\x00\x00\x0a\x12\x00\
\x00P\x90\x00\x00\x80\x82\x04\x00\x00\x14$\x00\x00\xa0 \
\x01\x00\x00\x05\x09\x00\x00(H\x00\x00@A\x02\x00\x00\
\x0a\x12\x00\x00P\x90\x00\x00\x80\x82\x04\x00\x00\x14$\x00\
\x00\xa0 \x01\x00\x00\x05\x09\x00\x00(H\x00\x00@A\
\x02\x00\x00\x0a\x12\x00\x00P\xd0\xd7\x00\x8e/\x17\xed\xda\
\xb6\xbf\xef\x00\x00\x00\x00IEND\xaeB`\x82\
\x00\x00c\x8f\
\x89\
PNG\x0d\x0a\x1a\x0a\x00\x00\x00\x0dIHDR\x00\
\x00\x02\x00\x00\x00\x02\x00\x08\x06\x00\x00\x00\xf4x\xd4\xfa\
\x00\x00\x00\x04sBIT\x08\x08\x08\x08|\x08d\x88\
\x00\x00\x00\x09pHYs\x00\x00\x0e\xc4\x00\x00\x0e\xc4\
\x01\x95+\x0e\x1b\x00\x00\x00\x19tEXtSof\
tware\x00www.inksca\
pe.org\x9b\xee<\x1a\x00\x00 \x00ID\
ATx\x9c\xec\xbdy\x80\x1cWu\xef\xff=\xd5\xa3\
\xd1,Z,Y\xd2h\xb3l\xc0@\xc0\x81_\x08I\
\x1eI <B\x02y\x04\x03\x06#\xc2fl \x18\
\x0c\xb6%Y\xde\xb1=\xc6\xabl\xd9\x92m\x0cx\xc3\
\xac\xb61\x09k\x1e/d\x81\xc7\x83\x84\x04p \x80\
!\x01c\x8c-\xcb\x9a\xd1\xae\xd9\xb4L\xd7\xf9\xfd\xa1\
Q\xab\xab\xfbV\xd7\xd2U\xb7\xban\x7f?\x7f\x80\xce\
\xb9\xe7n=\xddu?\xee\xe9\xa9\x168\xc4\xe4G\x97\
]\xa7\xa2\x17A\x00@\x83\x8d\x82\xd6q\xdc\x9a\xb8}\
S\xe6E\xd4\x90\xccf\xec\x8e\xd9O\xces:\xb7\x9f\
\xa8\xb6\xa4u9\xd6H\xd4\xeb.\xcf\xf5\xa4\x1b\xab\x0a\
\x95\xd3f\xbft\xc7}1g \xc4\x19\xbc\xa2\x17\x90\
\x0b\x0a4]\x09\x1a\xaf\xdb\xa6\xebx\x9c\x9a\xb8}S\
\xe6U\x0dW\xb0\x8c\xc6\xee\x98\xfd\xe4<\xa7s\xfb\x89\
jKZ\x97c\x8dF\xbd\xee\xf2\x5cO\xba\xb1*\x10\
\xfd\xd4\x81o-zK\xcc\x19\x08q\x067\x05\x00\xa0\
\x04t\xfb\xa1\xe9\xda~\xa2\xda\x92\xd6Q\x02\xea\xa1\x04\
\x90\xae\xc4]\x01\x00(\x01\xdd~h\xba\xb6\x9f\xa8\xb6\
\xa4u\x94\x80z(\x01\xa4\xebpJ\x00|S\x92\x12\
\xd0~\xbe\xcc\x87\xa6k\xfb\x89jKZG\x09\xa8\x87\
\x12@\xba\x0a\xa7\x04\x00\x004\xf4\xe2K\x09h+_\
\xe6C\xd3\xb5\xfdD\xb5%\xad\xa3\x04\xd4C\x09 ]\
\x83s\x02\x00P\x02r\xcb\x97\xf9\xd0tm?Qm\
I\xeb(\x01\xf5P\x02HW\xe0\xa4\x00\x00\x94\x80\xdc\
\xf2e>4]\xdbOT[\xd2:J@=\x94\x00\
\xe2<n\x09@\xc3\x87\x00(\x019\xe5\xcb|h\xba\
\xb6\x9f\xa8\xb6\xa4u\x94\x80z(\x01\xc4i\xdc\x12\x00\
\xa0\xe9EN\x09\xc8)_\xe6C\xd3\xb5\xfdD\xb5%\
\xad\xa3\x04\xd4C\x09 \xce\xe2\x9e\x00\x00\x94\x00[\xf9\
2\x1f\x9a\xae\xed'\xaa-i\x1d%\xa0\x1eJ\x00q\
\x127\x05\x00\xa0\x04\xd8\xca\x97\xf9\xd0tm?Qm\
I\xeb(\x01\xf5P\x02\x88s\xb8+\x00\x00%\xc0V\
\xbe\xcc\x87\xa6k\xfb\x89jKZG\x09\xa8\x87\x12@\
\x9c\xc2m\x01\x00(\x01\xb6\xf2e>4]\xdbOT\
[\xd2:J@=\x94\x00\xe2\x0c\xee\x09@\x8c\x0b+\
% \xa7|\x99\x0fM\xd7\xf6\x13\xd5\x96\xb4\x8e\x12P\
\x0f%\x808\x81{\x02\x00P\x022\x1e\xbbc\xf6\x93\
\xf3\x9c\xce\xed'\xaa-i\x1d%\xa0\x1eJ\x00)=\
n\x0a\x00@\x09\xc8x\xec\x8e\xd9O\xces:\xb7\x9f\
\xa8\xb6\xa4u\x94\x80z(\x01\xa4\xd4\xb8%\x00\x8d\xdf\
\x06D\x09\xc8t\xec\x8e\xd9O\xces:\xb7\x9f\xa8\xb6\
\xa4u\x94\x80z(\x01\xa4\xb4\xb8%\x00@\xaa\x83\x9a\
\x12\x90S\xbe\xcc\x87\xa6k\xfb\x89jKZG\x09\xa8\
\x87\x12@J\x89{\x02\x00P\x02@\x09\xc8bN\xe7\
\xf6\x13\xd5\x96\xb4\x8e\x12P\x0f%\x80\x94\x0e7\x05\x00\
\xa0\x04\x80\x12\x90\xc5\x9c\xce\xed'\xaa-i\x1d%\xa0\
\x1eJ\x00)\x15\xee\x0a\x00@\x09\x00% \x8b9\x9d\
\xdbOT[\xd2:J@=\x94\x00R\x1a\xdc\x16\x00\
\x80\x12\x00J@\x16s:\xb7\x9f\xa8\xb6\xa4u\x94\x80\
z(\x01\xa4\x14\xb8'\x00i\x0faJ\x80\x9d|\x99\
\x0fM\xd7\xf6\x13\xd5\x96\xb4\x8e\x12P\x0f%\x80t<\
\xee\x09\x00@\x09\xa0\x04\xe46\xa7s\xfb\x89jKZ\
G\x09\xa8\x87\x12@:\x1a7\x05\x00\xa0\x04P\x02r\
\x9b\xd3\xb9\xfdD\xb5%\xad\xa3\x04\xd4C\x09 \x1d\x8b\
[\x02\x90\xe2F@\x94\x80l\xc7\xee\x98\xfd\xe4<\xa7\
s\xfb\x89jKZG\x09\xa8\x87\x12@:\x12\xb7\x04\
\x00\xc8\xee\x10\xa6\x04\xd8\xc9\x97\xf9\xd0tm?Qm\
I\xeb(\x01\xf5P\x02H\xc7\xe1\x9e\x00\x00\x94\x80\x98\
yJ@N\xf92\xef'\xaa-i\x1d%\xa0\x1eJ\
\x00\xe9(\xdc\x14\x00\x80\x12\x103O\x09\xc8)_\xe6\
\xfdD\xb5%\xad\xa3\x04\xd4C\x09 \x1d\x83\xbb\x02\x00\
P\x02b\xe6)\x019\xe5\xcb\xbc\x9f\xa8\xb6\xa4u\x94\
\x80z(\x01\xa4#p[\x00\x00J@\xcc<% \
\xa7|\x99\xf7\x13\xd5\x96\xb4\x8e\x12P\x0f%\x80\x14\x8e\
{\x02\x90\xd1\x01O\x09\xc8v\xec\x8e\xd9O\xces:\
\xb7\x9f\xa8\xb6\xa4u\x94\x80z(\x01\xa4P\xdc\x13\x00\
\x80\x12\xd0F\x9e\x12\x90S\xbe\xcc\xfb\x89jKZG\
\x09\xa8\x87\x12@\x0a\xc3M\x01\x00(\x01m\xe4)\x01\
9\xe5\xcb\xbc\x9f\xa8\xb6\xa4u\x94\x80z(\x01\xa4\x10\
\xdc\x15\x00\x80\x12\xd0F\x9e\x12\x90S\xbe\xcc\xfb\x89j\
KZG\x09\xa8\x87\x12@\xac\xe3\x96\x00\xc4\xbd\xf8Q\
\x02b\xe5)\x019\xe5\xcb\xbc\x9f\xa8\xb6\xa4u\x94\x80\
z(\x01\xc4*n\x09\x00@\x09HS\xdb\x22O\x09\
\xc8)_\xe6\xfdD\xb5%\xad\xa3\x04\xd4C\x09 \xd6\
pO\x00\x00J@\x9a\xda\x16yJ@N\xf92\xef\
'\xaa-i\x1d%\xa0\x1eJ\x00\xb1\x82\x9b\x02\x00P\
\x02\xd2\xd4\xb6\xc8S\x02r\xca\x97y?QmI\xeb\
(\x01\xf5P\x02H\xee8(\x00u/tJ@\xf2\
\xda\x16yJ@N\xf92\xef'\xaa-i\x1d%\xa0\
\x1eJ\x00\xc9\x15\xf7\x04\xa0\xf1\x80\xa5\x04$\xafm\x91\
\xa7\x04\xe4\x94/\xf3~\xa2\xda\x92\xd6Q\x02\xea\xa1\x04\
\x90\xdcpO\x00\x00J@\xdc\xbe)\xf3\x94\x80\x9c\xf2\
e\xdeOT[\xd2:J@=\x94\x00\x92\x0bn\x0a\
\x00@\x09\x88\xdb7e\x9e\x12\x90S\xbe\xcc\xfb\x89j\
KZG\x09\xa8\x87\x12@2\xc7]\x01\x00(\x01q\
\xfb\xa6\xccS\x02r\xca\x97y?QmI\xeb(\x01\
\xf5P\x02H\xa6\xb8%\x00\xbe!G\x09\xa0\x04$\xc8\
S\x022\xc8G\xb5%\xad\xa3\x04\xd4C\x09 \x99\xe1\
\x96\x00\x00-.l\x94\x80X\xb9\x14yJ@N\xf9\
2\xef'\xaa-i\x1d%\xa0\x1eJ\x00\xc9\x04\xf7\x04\
\x00\xa0\x04t\xca!C\x09h?_\xe6\xfdD\xb5%\
\xad\xa3\x04\xd4C\x09 m\xe3\xa6\x00\x00\x94\x80N9\
d(\x01\xed\xe7\xcb\xbc\x9f\xa8\xb6\xa4u\x94\x80z(\
\x01\xa4-\xdc\x15\x00\x80\x12\xd0)\x87\x0c%\xa0\xfd|\
\x99\xf7\x13\xd5\x96\xb4\x8e\x12P\x0f%\x80\xa4\xc6=\x01\
\x88}PR\x02b\xe5R\xe4)\x019\xe5\xcb\xbc\x9f\
\xa8\xb6\xa4u\x94\x80z(\x01$\x15\xee\x09\x00@\x09\
\xa0\x04d>6% \x83|T[\xd2:J@=\
\x94\x00\x92\x187\x05\x00\xa0\x04P\x022\x1f\x9b\x12\x90\
A>\xaa-i\x1d%\xa0\x1eJ\x00I\x84\xbb\x02\x00\
P\x02(\x01\x99\x8fM\x09\xc8 \x1f\xd5\x96\xb4\x8e\x12\
P\x0f%\x80\xc4\xc6-\x01\x08\xbd\x11P\x8b\xb8\x96\xa3\
\x04\xc4\xca\xa5\xc8S\x02r\xca\x97y?QmI\xeb\
(\x01\xf5P\x02H,\xdc\x12\x00\xb4:<[\xc4\xb5\
\x1c% V.E\x9e\x12\x90S\xbe\xcc\xfb\x89jK\
ZG\x09\xa8\x87\x12@\x22qN\x00\x00J\x00% \
\x22_\xe6C\xd3\xb5\xfdD\xb5%\xad\xa3\x04\xd4C\x09\
 -qR\x00\x00J\x00% \x22_\xe6C\xd3\xb5\
\xfdD\xb5%\xad\xa3\x04\xd4C\x09 \xa18+\x00\x00\
%\x80\x12\x10\x91/\xf3\xa1\xe9\xda~\xa2\xda\x92\xd6Q\
\x02\xea\xa1\x04\x10#\xee\x09@\xec\xc3\xb3E\x5c\xcbQ\
\x02b\xe5R\xe4)\x019\xe5\xcb\xbc\x9f\xa8\xb6\xa4u\
\x94\x80z(\x01\xa4\x09\xf7\x04\x00\xa0\x04P\x02:g\
?9\xcf\xe9\xdc~\xa2\xda\x92\xd6Q\x02\xea\xa1\x04\x90\
\x00n\x0a\x00@\x09\xa0\x04t\xce~r\x9e\xd3\xb9\xfd\
D\xb5%\xad\xa3\x04\xd4C\x09 5\xdc\x15\x00\x80\x12\
@\x09\xe8\x9c\xfd\xe4<\xa7s\xfb\x89jKZG\x09\
\xa8\x87\x12@\x00\xb8&\x001n\x04D\x09H9\x7f\
\xdc\xbe)\xf3\x94\x80\x9c\xf2e\xdeOT[\xd2:J\
@=\x94\x00\xe2\x98\x00\x08\xb4\xbd\xc3\xb3E\x5c\xcbQ\
\x02b\xe5R\xe4)\x019\xe5\x8f\xe6\x0e\x01\xf8%\x80\
\xefC\xe4{P\xfc\x02\xc0\xfe\xb8cS\x02Z\xd7\x94\
T\x02>y\xe0\xdb\x0b\xdf\x18s\x06\xe2\x18=E/\
 \x17\x14Mg`cN\x15\x90\x88\x9a\xf0q\x04\xb5\
WR\x8c\xb9\x92\x8d\x9d\xd5>\xea\xd6\x98\xe5\xfcq\xfb\
\xa6\xcc\xab\x0aD\x1aM'\x9b\xb1;f?9\xcf\xd9\
\x90\xff\x15\x14\xf7\xab\xfa_\xed?\xb4\xf3G\xb2\x1a\x07\
\x03\xa5w`\xd6\xe4\xd2\xc5\xbf\xedy\xf8K\xa8\xbc\x19\
\xd0\xe7v\xdc~\xa2\xda\x92\xd6\xe5X\xa3\x10H\xab\xd7\
]\x9e\xebI7V\x0fT\xee;\xf0\xed\x85\x98\xfd\x92\
]\x9f\x8f1\x03q\x888O\xa9\xd20~\xe3\xb2k\
Uqq-a\xda]C\xae\xe9\xf04\xf5\x0b\xad\xd1\
\x185i\xc7NV\x13\xbe\x0f5\xe42\x98?n\xdf\
\x94y\xe3!\x93\xd1\xd8\x1d\xb3\x9f|\xe7|\x14\xa2\x97\
\xf5\x1d\xdc\xf19Y\x8djH\xcf\x00\xaa\x90\x03_Y\
t\xb2zr5\x14\xcfk5g\x01\xfb\x89nKZ\
\x97c\x8dD\xbd\xee\xf2\x5cO\xba\xb1\xa6!\xfa\x16J\
@w\xe1\xd6\xaf\x00\x1a\xe1\xaf\x03\xc0_\x07\xb4\x99/\
\xe1\xaf\x03\x14\xf8p\xdf\x80\xf7\xfc\xfe\xd7\xed\xb8/\xee\
\xe1\x0f\x00\x22\xd0\xbe\xd7\xee\xf8J\xdf\xd4\xf6\xdf\x83\xc8\
U\x00\xfcN\xd8O\xec\xb6\xa4u\xfcu@=G\xde\
\x09\xe0\xaf\x03\xba\x08\xb7\x04 \xce\xb7\x01\x1ar\x94\x80\
\x94\xf3\xc7\xed\x9b2O\x09H\x9c\x9f\x16\xe8\x99\x03\xa7\
l?[^92\x11R\x19\x89\xac\xc6\xc1\xfe\x93G\
/W\x957\x02\x98\xa2\x04\xa4\xab\xa1\x04\x90N\xc7-\
\x01\x90\xe6w\xde\x00P\x02(\x01\xed\xe7K \x01\x02\
9\xa7\xef\x94\x1dw\x86\xf4J\xcc\xc0kG\xbf \x82\
S\x01LS\x02\xd2\xd5\x94T\x02\xee\xe7_\x07t\x07\
n\x09\xc0\x91\xbf\x01\xa0\x04\x84\xd4P\x02\xda\xcaw\xb0\
\x04\x08tc\xdf)\xa3\x1f\x0d\xa9NM\xdf\xc9\xdb\xbf\
\xa6\xa2\x17\xb6Z\x0b%\xa0uM\x09%\x80\x7f\x1d\xd0\
%\xb8%\x00R\xf7J\xa3\x04\x84\xd4P\x02\xda\xcaw\
\xa6\x04\xfc\xd7\xec\xbds.\x0b\xa9j\x9b\xfe\x87vl\
\x06\xf0\xadVk\xa1\x04\xb4\xae)\xa1\x04\xf0\x9d\x80.\
\xc0-\x01h\xfc\x0c\x00% \xa4\x86\x12\xd0V\xbe\xe3\
$@\xdf+g<\xd6\xfc\xf7\xfc\x19!\xc3\xf0=\xcf\
\x7f\x1f\x04\x87Z\xad\x85\x12\xd0\xba\xa6\x84\x12\xc0\x9b\x05\
9\x8e[\x02\x00\xa4;\xcc\x0c9J@\xca\xf9\xe3\xf6\
M\x99\xa7\x04\x04\x11\xe0\xf3\xfd\xaf\xdf\xf1\xad\x90Y3\
c\xf6\xabw\xfe\x5c\x15G\x7f\xc5@\x09HUC\x09\
 \x9d\x84{\x02\x00P\x02(\x01v\xf2\xc5K\xc0~\
\xf5*\x17\x84\xcc\x969\x07\xbd\x83\xc3\x00v\x84\xac\xe5\
h\x9a\x12\xd0\xb2\x86\x12@:\x057\x05\x00\xa0\x04P\
\x02\xec\xe4\x0b\x95\x00\xb9\xb1\xff\x94m\x8f\x85\xcc\x949\
\xc7\xbcz\xefn\x81\x5ca^K\x10J@\xeb\x1aJ\
\x00\xe9\x04\xdc\x15\x00\x80\x12@\x09\xb0\x93/F\x02\x9e\
\xec\x9b\x90\x0d!3\xe4\xc6\xec\xfd\xa3w(\xf0\xe3\x86\
\xb5\x18\xa1\x04\xb4\xae\xa1\x04\x90\xa2qK\x00\xe2\xdc\x08\
\x88\x12\x10RC\x09h+o]\x02\xe4\x229-\xfd\
\xcd~\xd2\x22\xabQ\x15\xd55M\x0d\x94\x80T5\x94\
\x00R$n\x09\x00\x90\xddaj\xc8Q\x02R\xce\x1f\
\xb7o\xca|\x17J\xc0\xbf\xf5\xbda\xf4\xb3!\xa3\xe6\
N\xffkw|S\x14_lj\xa0\x04\xa4\xaa\xa1\x04\
\x90\xa2pL\x00f^H\x94\x80\xc8\x1aJ@N\xf9\
\xfc%@\xd5\xf7\xcf\x15\xf3=/\xedQ\xf1\xd6\x83_\
%\x9cY\x0d%\x80\x14\x81c\x02\x00P\x02\xe2\xd7P\
\x02r\xca\xe7\xb9\x1f\xc1'\x07V\xef\xfc^\xc8H\xd6\
\xe8{\xf5\xc8\xa3Pl26R\x02R\xd5P\x02\x88\
m\x1c\x14\x00\x80\x12\x10\xbf\x86\x12\x90S>\x9f\xfd\x8c\
\xfb\x87\xf4\xd2\x90\x11\xac\xd3w\x00\xd7B\xb1\xd5\xd8H\
\x09HUC\x09 6qO\x00jONJ@\xdc\
\x1aJ@N\xf9\xec\xf7s\xed\xe0\x9bw\x98\x0f\xdc\x02\
\x90\xd5\xdb\xc7\x01\x5c\x92\xc9\xcf'\xac\x9e\x12@\x09 \
\xb9\xe1\x9e\x00\x00\x94\x00J\x80\x8b\x12\xf0h\xdf\xf8\xa0\
\xf9-\xf7\x02\xe9{\xcd\xf6OA\xe4{\x94\x80lk\
(\x01\xc4\x06n\x0a\x00@\x09\xa0\x04\xb8&\x01\xeb\xf3\
\xbc\xdf\x7fZD\xa0\x0a9\x17\x80f\xf2\xf3\x09\xab\xa7\
\x04P\x02H\xe6\xb8+\x00\x00%\x80\x12\xe0\x88\x04\xe8\
7\x07V\x8f6\xff\xd9]\x870\xf0\x9a\x91\x7f\x03\xf4\
\xf0\x9f%R\x022\xad\xa1\x04\x90<qK\x00Z\xde\
\x08\x88\x12\x10\xb7\x86\x12\x90S>\xdd\x18U\xdf\x93\xe6\
\x1b\xeft\x18\xea\xe9E\x00\xc6\x0f\x07aE!iJ\
@\xcb\x1aJ\x00\xc9\x0b\xb7\x04\x00\x88\xb8hP\x02\xe2\
\xd6P\x02r\xca'\x1f\xe3\x8e9\xa7\x8e\xfe8\xa4\xb5\
c\x188y\xe7\x93\x00\x8e\xde\x9a\x98\x12\x90i\x0d%\
\x80\xe4\x81{\x02\x00P\x02(\x01\xe6t\xe9$@v\
OW{\xae\x08\xa9\xee8\xfa\xe6\x0dn\x04\xf0X-\
A\x09\xc8\xb4\x86\x12@\xb2\xc6M\x01\x00(\x01\x94\x00\
s\xbaT\x12\xe0\x0f\xcf{\xcb\xd6\x1d!\x95\x1d\x87\xbc\
\xec\xb1\xfd\x0a\x04\xbf\x9e\x98\x12\x90i\x0d%\x80d\x89\
\xbb\x02\x00P\x02(\x01\xe6t\x09$@\xa1?\xef\xdf\
\xb3\xfd\xa3!\x15\x1d\xcb\xc0k\xb7\x7f\x1e\x82\xff\x1bH\
R\x022\xad\xa1\x04\x90\xacp[\x00\x00J\x00%\xc0\
\x9c\xeep\x09\xd0*\xd6\xc9\x998\x142RGS\x11\
Y\x03\xa0\x1aHR\x022\xad\xa1\x04\x90,pO\x00\
\x12\x1f\x94\x94\x80\xb85\x94\x80\x9c\xf2M9\xfd\xea\x9c\
\xb7l\xff\xfb\x90\x11:\x9e\xde\x93G\xff\x13\x22w7\
5P\x022\xad\xa1\x04\x90vqO\x00\x00J@\xa2\
\xb1\x93\xd5P\x02r\xca\x1f\xcd\x1d\xf4\xa0\xebCz\x96\
\x86\xe9\xfd\xdee\x02\xecij\xa0\x04dZC\x09 \
\xed\xe0\xa6\x00\x00\x94\x80Dc'\xab\xa1\x04\xe4\x94W\
\x00\x82[\xfb\xfej\xc7/Bz\x95\x86\xb9\xab\xb7m\
\xf7\xa1W\x19\x1b)\x01\x99\xd6P\x02HZ\xdc\x12\x80\
\xc6\x1b\x01Q\x02(\x011\xf3\x1d\x22\x01\xa3\xfb\xe5\xd0\
\xd5!\xd5\xa5\xa3\x7f\xde\x8e[\xa1\xfa\xb0\xb1\x91\x12\x90\
i\x0d%\x80\xa4\xc1-\x01\x0028\xa8)\x01qk\
(\x01\xd9\xe6U\xe5\xd2\x85\xabw\xef\x0d\xa9,\x1d\xf2\
2L\x8bxks\xfd\xf9\x84\xd5S\x02(\x01$\x12\
\xf7\x04\x00\xa0\x04P\x02R\xe7\x0b\x94\x80\x1f\x0e\xf4\x8c\
\xdc\x1bRQZ\xfa^;\xfa\x8f\x00\xbeF\x09\xb0S\
C\x09 IpS\x00\x00J\x00% u\xbe\x08\x09\
\x10_\xd7\xc8\xea\x86?\x9ds\x04\x11\x9c\x0b\xc8AJ\
\x80\x9d\x1aJ\x00\x89\x8b\xbb\x02\x00P\x02(\x01\xa9\xf3\
V%@\xf5s\xfdo\xdd\xfe\xffB\xaaKO\xdfk\
\xb7?\x22\xc0\xed\x00\xf2\xfd\xf9\x84\xd5S\x02(\x01\xc4\
\x88\xdb\x02\x00P\x02(\x01\xa9\xf3\x96$`J\xbc\xca\
E!U\xce0\xbbwz\x18\xc06\x00\x94\x00K5\
\x94\x00\x12\x85{\x02\x90\xcbAM\x09\x88[C\x09H\
\x96W\xc5\x0d\xfdo\xde\xf6XH\x853\xc8\xabv\xed\
\x13\xe8p-A\x09\xb0RC\x09 \xadpO\x00\x00\
J\x00% ym\x8b|\x8e\x12\xb0e\xa0*7\x86\
\xf4p\x8e\xd9?\xdaq\x97\x00\x0f\xd5\x12\x94\x00+5\
\x94\x00\x12\x86\x9b\x02\x00P\x02(\x01\xc9k[\xe4s\
\x91\x00\x91\x0b\xe4\xb4\x91\x89\x90j\xe7\x90a\xf8\xbe\xc8\
\xb9\xa8\x7f$(\x01Vj(\x01\xc4\x84S\x02\xe0\xa7\
\xb9\x11\x10%\x80\x12\x103\x9f\xb1\x04|\xb7\xff\xcd#\
\x0f\x84T9\xcb\xc0kG\xffE\x80\xbf\x0d$)\x01\
Vj(\x01\xa4\x11\xa7\x04\x000\x1c:\x94\x80T\xf3\
S\x02B\xd2\xd9H\x80\x0fxkDb_:\x9d\xc2\
Gu\x1d\x80\xc9@\x92\x12`\xa5\x86\x12@\xeaqN\
\x00\x00J\x00% f\xdf\x94\xf9v%@!\x9f\x18\
x\xeb\xb6\xef\x85\xf4p\x9e\x81\xd7\xedz\x02\x8a\x9b\x9b\
\x1a(\x01Vj(\x01\xe4\x08N\x0a\x00@\x09\xa0\x04\
\xc4\xec\x9b2\xdf\x86\x04\x8cA\xab\x1f\x0c\xa9\xec\x1a\xfa\
zf]\x07\x95\xc7\x9b\x1a(\x01Vj(\x01\x04p\
X\x00\x00J\x00% f\xdf\x94\xf9T\x12 z\xcd\
\xe0\xdbw<\x15Re\x85\xc9\x07\x97\xfc\xe1\xe4\xe7\x96\
\xbc\xa1\xc85\xc8\xc9['\x01\x5cj\xfd\xe7\x13VO\
\x09\xa0\x04t!N\x0b\x00@\x09\xa0\x04\xc4\xec\x9b2\
\x9fP\x02\x1e\xed_0\x7fsH\xab\x15t\x18\x1e\x14\
\x9b\x01\xdd\xa4_]>P\xe4Z\xfa^7\xfaY\x00\
\xdf\xa1\x04\x14WC\x09\xe8n\xdc\x13\x00\xd3\x93\x9c\x12\
\x00J@\xcc\x5c\x8a|\x5c\x09P_\xd6\xc9\xab\x1e9\
\x102\xba\x15\xf6\xff\xd6\xe2w\x00\xf8\x03@\x8e\xdb?\
Y]W\xe4ZD\xa0>t\x0d\x00\x9f\x12P\x5c\x0d\
%\xa0{qO\x00\x00J\x00%\xc0L\xb1\x12\xf0\x8d\
\xc1w\x8c|9dT+\xe8\x97\x17\xcdU\x91kj\
1\xf4\xe2\xa9\x07\x97\xaf*rM\x83\xa7\xecx\x08\xc0\
\xa7g\x16\xd4\x0c%\xc0J\x0d%\xa0;qS\x00\x00\
J\x00%\xc0L1\x12P\xf5E\xd6\x84\x8cf\x8d\xa9\
\xfd\x95K\x01,\xabK\x0d\xa8N_\x13Vo\x8b\xaa\
'\x17\x02\xd8\x07\x80\x12P`\x0d%\xa0\xfbpK\x00\
b\x1c\x02\x94\x00\x80\x12\x103\x97\x22o<d|\xf9\
\xe8\x9c\xb7\x8d\xfc$d$+\xec\xff\xec\xd0\xd3\xa1\xba\
\xc6\xb0\xee\xb7N=\xb8\xf8\xc5\x05,\xa9\xc6\x9c\xd7\x8e\
\x8e\x00\xb8\xbe\x96\xa0\x04\x14VC\x09\xe8.\xdc\x12\x00\
\x80\x12@\x09\x88\xae\x89\xdb7e>x\xc8\xc8\xee\xe9\
Y\x95+CF\xb0\x86_\xd1\x9b\x00\xcc\x06\xd0\xb8n\
Q\xf56\xebp\xb1\xd7\x82\xbeC\xdbo\x02\xf0\xcbZ\
\x82\x12PX\x0d%\xa0{pO\x00\x00J\x00% \
\xba&n\xdf\x94\xf9\xda!#\xfe\xe5\xf3\xde\xb2uG\
Ho+L\xdd7\xf4\xa7\x00^\x17H\x06\xd6\xad/\
\xdc\xff\x9c\xc5o\xb7\xb9\xa6Fd5\x0e\xaaJ\xf0k\
\x91)\x01\x85\xd5P\x02\xba\x037\x05\x00\xa0\x04P\x02\
\xa2k\xe2\xf6M\x99W\x95\x9f\xf7On\xbf#\xa4\x97\
\x15\xf4AT\xe0\xa9\xf9O\x0f\xb5\xfe\x9f\xb2A?\xb3\
p\x9e\xa5e\x19\x19x\xfd\xe8\x17\x00\xfcC I\x09\
(\xac\x86\x12\xe0>\xee\x0a\x00@\x09\xa0\x04D\xd7\xc4\
\xed\x9b\x22\xaf\xa2k\xe5L\x1c\x0a\xe9a\x85\xc9\xea\xe2\
\xf7\xaa\xe2y1\xd6=49k\xd6E!U\xd6\xf0\
\xa4\xba\x16\xc0t I\x09(\xac\x86\x12\xe06n\x0b\
\x00@\x09\xa0\x04D\xd7\xc4\xed\x9b,\xff\xe59\xa7\x8d\
~=\xa4\xd2\x0a{>;\x7f\x81@\x86k\x89\x88u\
\x0b\xf4\xbc\xfd\x7f\xb3\xf8\x99\xb9/\xac\x05\xb3_\xb7\xeb\
g\x0a\xdc\xd9\xd4@\x09(\xac\x86\x12\xe0.\xee\x09@\
\xcaC\x80\x12\x00P\x02b\xe6\xa2\xf3\x07+\xa8^\x10\
Ra\x8d^\xe9\xbb\x12\xc0\xa2@\xb2\xf5\xba{}_\
\xae\x0f\xa9\xb0\xc6\xa1C\x07.\x03\xb0\xb3\xa9\x81\x12P\
X\x0d%\xc0M\xdc\x13\x00\x08%\x80\x12\x90n\xfe\xb8\
}#\xf2\xa2\xba\xb9\xef\x1d;~\x11\xd2\xcb\x0a\x07\x1e\
X\xf6\x1c@\xdf\x9bx?\x8a\xd7\xef\x7f`\xc9+r\
\x5cZ$\xf3W\xef\xdb%\xc0U\xc6FJ@a5\
\x94\x00\xf7pP\x00\x00J\x00%\xa0@\x09\x18\xdd\x7f\
\xe0\xd0\xb5!\xd5\xd6\xf0\xfd\xea&\x00\xb3\x00$\xdeO\
U\xb0I\xbf\x89\x9e\xbc\xd6\x16\x87\xd9\xc7l\xbf\x1d\x8a\
\x9f\x1a\x1b)\x01\x85\xd5P\x02\xdc\xc2Q\x01\x00(\x01\
\x94\x80B$@q\xf1\xc23w\xef\x0d\xa9\xb4\xc2\xc4\
\xfdC\xafQ\xe0\x95\x81d\x82\xfd\x88\xe2\xb9\x93#K\
\xde\x93\xfd\xca\xe2#/\xc34\xc43\xdd\xb8\xe80\x94\
\x80\xc2j(\x01\xee\xe0\x96\x00\xf8\x8d\x09J\x00% \
\xe5\xfcq\xfb\x06\xd7\xf2\xc3\x81\xdf\x8c|\x22\xa4\xc2\x0a\
\xfa\xe0I\xbd\xe2\xeb\x8d\xe6\xc6\x989\x00\x02\x5c\xb5\xef\
\x0b+\x8e\xcdne\xc9\xe9?e\xe4\x9fU\xf1UJ\
@\xca:J@=\x94\x00\x03n\x09\x00`xbP\
\x02(\x01)\xe7\x8f\xdbw&\xeb\xa9\x9c+\xc3\xcd\x1a\
j\x93\xa9\x83\xdb\xd7\x00xV\x06\xfbY\xd8s\xf0\xe0\
eY\xad+-\x9e'k\x01\x1c\xa0\x04\xa4\xac\xa3\x04\
\xd4C\x09h\xc0=\x01\x00(\x01\x86\x1c% \xe5\xfc\
q\xd7%x\xa0\xff\x8c\xa7\xbe\x1d2\x82\x15\xc6>5\
\xb4D\x04\x97\xd4\x12m\x1f\x9a\xf2\xfe\xb1\x07\x86~;\
\x83\xa5\xa5\xa6\xef\x94\xd1_\x09\xf46\x00\x19\xbeS\x13\
?O\x09h]C\x09(7n\x0a\x00@\x090\xe4\
(\x01)\xe7\x8f\xee;U\x99\xf6.\x0e\xe9i\x0d\xaf\
\x07\xd7)0?\x90l\xef\xd0\xec\xa9 \xe4.\x82\x16\
\x99]\xc1\x87\x00<\x05\x80\x12\x90\xb6\x8e\x12P\x0f%\
`\x06w\x05\x00\xa0\x04\x18r\x94\x80\x94\xf3\xb7\xec\xab\
\x1b\xfa\xdf\xfd\xd4oBzYa\xe2\xfe\xc5/\x10_\
O76\xb6wh\xbe|\xe2sC'\xa7^X\x06\
\xc8kw\x8cA\xf5\xf2Z\x82\x12\x90\xae\x8e\x12P\x0f\
%\x00.\x0a@\xe4\xc5\x9c\x12@\x09H9\xbf1\xaf\
[\x06*\xb21\xa4\xda\x1aR\x95\xcd\x00\xbcL\x0e\x9f\
\x86\x9c\xa8n\xd2\xaf\x9d8;\xfd\xea\xda\xa7\xef';\
>\x0e\xe0\xfb\xb5\x04% ]\x1d%\xa0\x9e\xae\x97\x00\
\xf7\x04\x00\xa0\x04P\x02`K\x02\x04\xb2^N\x1b\x99\
\x08\xa9\xb4\xc2\xe4\xa7\x87\xde\x0c\xe0Oj\x89\xec%\xe0\
\x19S{\xf7\x9d\x9dfmY!\xc3\xf0\xd5\x935\xa8\
_\x19% ]\x1d%\xa0\x9e\xae\x96\x007\x05\x00\xa0\
\x04P\x02`A\x02\xfe\xb5\xff\x8c\x91\x07C*\xac\xa0\
\x0f\xae\xec\x87\xe8u\xcd\x0da\x1d\x12\xe4\xebs\x82\xcb\
'>\xbdhY\xc2\xe5e\xca\xc0\xebF\xff\x15\x82\xe0\
\xe3M\x09HWG\x09\xa8\xa7k%\xc0]\x01\x00(\
\x01\x94\x00\xe4(\x01>D\xd6\x88\xc4\xbe,\xe5\xc2\xe4\
\x81\x83\x17Bq\xbc\xb11[\x09\x98\xeb\xcd\x92\x0f%\
Z\x5c\x0e\xa8_]\x0fE\xf0\x1d\x17J@\xba:J\
@=])\x01n\x09\x80\xe9/\xb0)\x01\x919J\
@\x8a\xf9\x15\x1f\x1f<c\xdb\xf7Q \x93\x9fY\xb8\
R\x80\xf53\xeb1\x93\xa1\x04(\xe4\x9d\x13\x0f,\xfd\
\xfd\x04K\xcc\x9c\x817\xec\xda\x02\x18>sA\x09H\
WG\x09\xa8\xa7\xeb$\xc0-\x01\x00R\x1e&\x94\x00\
J@\xfc\xf9\x05\x18C\xb5zyS\xbdm\xb4r#\
\x80\xc1\xa3qX]\x06\xf9\xc39O\xe0o\xd6\xa6+\
\xbb]\xfa\xaa\xbd\x1b\x00m\xfe\xab\x0bJ@\xba:J\
@=]%\x01\xee\x09\x00@\x09\xa0\x04\x84\xd4d#\
\x01\xbe\xea\x87\x06\xcf\xdc\xf1\x94\xa1\xda\x1a\x93\x9f^\xf2\
G\x80\xbc\xa9\xa9!\x7f\x09\xf8\xa3\xa9\x07\x86VG\xad\
/Od\xf5\x96)\xf5a\xbe\xef\x02% ]\x1d%\
\xa0\x9e\xae\x91\x007\x05\x00\xa0\x04P\x02Bj\xda\x96\
\x80_\x0dN\xce\xbb\xcdPe\x0d\x1d\x86\x07\xd5\xcd\xcd\
W\xd6#\x05a\x1d3\xc8+\x00O7\xea\xa7\x86\x06\
\x0d\xad\xd6\x188u\xc7\xfd\x00\xccw^\xa4\x04\xa4\xab\
\xa3\x04\xd4\xd3\x15\x12\xe0\xae\x00\x00\x94\x00J@HM\
[\x12\xb0V\xcey\xe4\x80\xa1\xc2\x1a\x93\xcf\x18z'\
 \x87\x7f\x17\x9f\xe7a\x1f\x96\xf7\xb1r\xffl]\x1f\
\xbeB;\xf8>\xce\x85\x86|\xf7\x02% ]\x1d%\
\xa0\x1e\xe7%\xc0=\x01\xc8\xe40\xa1\x04P\x02\x9a\xbb\
\x89\xe2\x9f\x07\xdf=\xf2U\xc3\x88\xd6\xd8~\xcf\xa2\xb9\
\xa2\x1a\xfc4~\x01\x12\xa0>.\x9c\xfa\xec\xb2\xe3C\
zXa\xf0\xd4\xed?\x84\xe0\x13\x99\xbd\xb3\xd1\xee\x18\
\xa0\x04D\xd5P\x02:\x0b\xf7\x04\x00\xa0\x04P\x02\x82\
a6\x120]\x15\xac1\x8cd\x95\xc1\x1e\xef2U\
i\xfe{|\xfb\x12\xd0\xaf^\xb5\xf9\xfe\x03\x96\x99\x86\
w1\x80\xbd\x94\x80\x88\xb6\xa4u\x94\x80z\x9c\x95\x00\
\xb7\x04@\xe5\xe8\x8f\x8d\x12\xd0\xe6\xd83!%\xe0\x08\
\x1f\x9d\xfb\xee\x91\x9f\x1aF\xb1\xc6\xfeO/>Q!\
\xe7\x02!\x87\x8c}\x09\xf8\xab\xc9\xcf-\xf9\xe3\x90j\
+\xcc}\xfd\xc8\xa8B\xae\x05\x90\xcd>)\x01Vj\
J*\x01\x9f\xdc\xff\xad\xc5\xaf\x8a9C)pK\x00\
\xa4\xe1UG\x09hs\xec\x99\x90\x12\xb0\xab\xda\xdbs\
\xa5\xa1\xb7U\xaaU\xeff\x00\xbdG\xe2\x0e\x90\x00\x81\
\x8f\xdbt\xb8\xd8\xebH\x7fut3\x80_\x00\xa0\x04\
D\xb5%\xad\xa3\x04\xd4\xd3#\x9e\xff\x92\x98\xa3\x97\x02\
\xb7\x04 \xd5\x8d\x80\xe2\xd4P\x02\xba[\x02\xe4\xb2y\
\xefxr\xa7\xa1\xa75\xc6?1\xf4r\x08\x9a\xbe\x95\
\xaf\x03$\xe0\x05\xfb\x9f\xbd\xf8\xf4\x90J+\xc8j\x1c\
\xf4\xc4\xbb\xa0\x96\xa0\x04P\x02l\xef\xbf\xa4\xb8%\x00\
@\x8e\x87\x09%\xa0K%\xe0g\x03[\xb7\xddi\xe8\
a\x0d\xfd&z\x04\xd8\x9c\xe8\x90\xb1(\x01\x0a\xb9n\
\xd7\x83\x0b\xe6\x87TZa\xf6\xebG\xbe\x0c\xe0\xeb\xb5\
\x04%\x80\x12@\x09\x88\xc4=\x01\x00(\x01\x94\x80\xc8\
\x9a\xb8\x12\xa0\xaake\x18\xd3\x86jkL\xfdf\xe8\
,\x00\xbf}xA\xe6\x9a\x82%`I\x9f?\xeb\x92\
\x90*kx\xe2\xaf\x05p\xa8\x96\xa0\x04P\x02(\x01\
-qS\x00\x00J\x00% \xb2&R\x02\x14_\x9c\
s\xe6\xe8?\x18\xaa\xac\xb1\xf7\xee\x95\x0b\x15\x08\xdev\
\xb8\x13%@\xb1f\xff\x03\x8b\x9e\x15Re\x85\xd9\xaf\
\xdf\xf9s\x05>\x16HR\x02(\x01Y\xee\xdf|\xd7\
\x89\xd2\xe2\xae\x00\x00\x94\x00J@dM\x0b\x098X\
\x81\x7f\xa1\xa1\xd5*=\x95\x83W\x018\xb6\xa9\xa1\xf3\
$\xa0\xd7W\xef\xc6\x90\x0ak\x1c\x9c}\xf0\x0a\x00;\
\x02IJ\x00% \xcb\xfd;\x84\xdb\x02\x00P\x02(\
\x01\x915\xe6}\xc8M}\xef\xdd\xfeKC\x8b5\xc6\
>\xbe\xf4\xb9\x10yO&\x87\x8c\x1d\x09x\xcd\xf8g\
\x97\xbc2\xa4\xc2\x0a\xc7\xbcz\xefnQ4\xff\xc5\x06\
%\x80\x12@\x09h\xc2=\x01\xb0z\x98P\x02\x1c\x95\
\x80\x91\xfd\x07\x0f\x5co\xe8e\x15Ot\x13\x14=\x00\
\xb29d,H\x80x\xbaI\xef\xc0\xac\x90\x0a+\xcc\
\xf6\xb7\x7f\x14\x8a\x9f45P\x02(\x01\x94\x80\x00\xee\
\x09\x00@\x09\x08\xe4(\x01qk\x8e\xecC\x15\x17\x1d\
{\xce\xae}\x86\x1e\xd6\x98\xfc\xe4\x92S\x00\xbc\x22\x90\
,\x81\x04\x88\xcas\xa6\xe6.~oH/+\xc8j\
T\xe1\xf9\xe6\xbb6R\x02(\x01\x94\x80\x1an\x0a\x00\
p\xf8\x87\x97\xd7\x01K\x09pY\x02\xfecpd\xdb\
\xa7\x0c\x95\xd6\xd0\x07O\xea\xf5\xab\xb2\xc1\xdc\x18\xd6)\
$]\xc4;\x01\xf0\xae\xdcw\xdf\xf2Ea\xad6\xe8\
\x7f\xfd\xceo\x88\xea\x97\x8c\x8d\x94\x00J\x00%\x00\x80\
k\x02\x10\xe7\x13\x9a\x94\x80\x1c\xc6\x9e\x09\xcb/\x01\xea\
{\xde\xb92\x5c\xecg}'\xc6w\x9c'\xc03s\
=dr\x95\x00]\xd0\xa3\xd3\xc3!=\xec!\x95\xf3\
\xa0\xd8ol\xa3\x04P\x02(\x01\x8e\x09\x00\x90\xd9a\
F\x09H:\xf6LXj\x09\xd0\xfb\xe6\x9d\xb9\xf5;\
\x86Vk\x8c\xdf\xb5dH\x80\x8bj\x89\xb2J\x80\xe0\
\xbd\xe3\x9f\x19z^H\x0f+\xf4\xbda\xe4Q\x11\xdc\
\x92\xeb>)\x01Vj(\x01\xf9\xe0\x9e\x00\x00\x94\x00\
J@\x9a\x9a\xa9\x8aW)\xfcf6R\xc1\x06\x00\xf3\
\x02\xc9rJ@\xc5\xf3tsH\xb55f\xf7\xe85\
\x00\x9e\xa2\x04\x84\xe4\xa3\xda\x92\xd6Q\x02J\x85\x9b\x02\
\x00\x98/\xf8y\x1d\xb0\x94\x80\xd2K\x80\x08\xae\xeb?\
s\xeb\xe3\x86^\xd6\x98\xf8\xf8\xf2\xdf\x85\xca\xdb\xad\x1f\
2\xf9\x1d\x8e\x7f:q\xdf\x92\xd7\x85T[A^\xbb\
c\x0c\x8aK\x01\xe4\xfb\x8e\x07%\xc0JM\xe1\x12\xe0\
\x18\xee\x0a\x00\x90\xe7\x7f-R\x02\xdc\x92\x80'\x06<\
\xef&C\xb55T!P\xff\x16\x1cyM:\x22\x01\
\x02\xdc\xa4\xf7\x9e\xd0\x17Rm\x85\xbe\x87\xb7\x7f\x12\x22\
\xdf\x03@\x09\xa0\x04\xb4W\xe3\x18n\x09@\x9co\x03\
4A\x09\xc8a\xec\x99\xb0\x04\x12\xa0\xc0yr\xe6\xd6\
IC\xa55&\xee]\xf2V@_\x1cH\xba!\x01\
O\x9f\xea\x9d87\xa4\xd2\x0a2\x0c_\xabX\x83#\
+\xa3\x04\x84C\x09\xe8*\xdc\x12\x00\xb4{\xe0d\xd0\
\x8f\x12P*\x09\x10\xd1\x7f\x99\xf3\xbem\x7fc\xa8\xb0\
\x86>\xb8\xb2_|\xb9\xc6\xdc\x183\x97\x22oM\x02\
D.\x9d\xf8\xf4\xa2e!\x95V\x18X=\xfa]@\
\xee\xaf%(\x01\xe1P\x02\xba\x06\xe7\x04\x00\xa0\x04P\
\x02b\x8f\xed\xa3\xea\xad\x11)\xf6%?96}1\
\x80U\x1ds\xc8d\x7f8\xceE\xa5b\x16\x1c\x8b\xa8\
_\xbd\x00\xc0\xc4\xd1DXa\x06yJ\x80\x95\x1aJ\
@{8)\x00@\x82\x03'\xaf\x03\x96\x12\xd0\xf1\x12\
\xa0\xd0\xbb\x07\xcf~\xea\x07\x86\x9e\xd6\x98\xfc\xf8\xf2\xe3\
\xa0z^-\xd1)\x87L\xc6\x87\xa3@\xdf1\xf9\xd9\
\xa5\x7f\x10Re\x85\x81\xd5;\x9f\x04\xf4\x86@\x92\x12\
\x10\x0e%\xc0y\x9c\x15\x00 \xe6\x81c\xcaQ\x02r\
\x18{&\xec\x1c\x09\xd8'\xe2_a\xe8a\x15\xadV\
o\x82b \x98\x0c+\x8e\x99K\x91\xb7 \x01\x1e\xc4\
\xdf\xacMWk\xbb\xf4\xf9}7\x02x,\x90\xa4\x04\
\x84C\x09p\x1a\xc7\x04\xc0Kw\xe0\x98\xa0\x04\xe40\
\xf6L\xd8\x11\x12 W\xcey\xff\xf6m\x86jkL\
\xde\xbd\xe4\x8f\x01\x9cztMut\xca!\x93\xed\xe1\
\xf8\x87\xfb\x1f\x18zsH\x85\x15d\xf5\x96)\x05\x9a\
\xbf\xe6\x99\x12\x10\x0e%\xc0Y\x1c\x13\x00\xc0t\xc0\xf2\
3\x011j\x029\xb7%@\x80G\x06\xfd\xc1\xdb\x0d\
U\xd6\xd0ax\xaar\x0b\xea7\xd3\x05\x12\xa0\xaa7\
\xe8\xa7\x86\x06C*\xac0p\xea\xf6\x07\xa1\xf8VS\
\x03% \x1cJ\x80\x938(\x00\x00% \xde8]\
+\x01\x8a5r\xce#\x07\x0c\x15\xd6\x98\x5c1\xf4n\
(^\xd8\xd4\xe0\xbe\x04\xac\x98\xec\xd1\x0bBZ\xadQ\
U\xac\x81\xa2\xda\xd4@\x09\x08\x87\x12\xe0\x1c\x8e\x0a\x00\
\xd0\x96\x04\xe4u\xc0R\x02:@\x02\xe4\x9f\x06\xcf\xd9\
\xf6\xbf\x0d-\xd6\xd8y\xeb\xc2y\x00\xae<\xbc\x1eC\
\x81\xe3\x12 \x8a\xf3\xa7\xee_zBH/+\xccY\
\xbd\xfdG\x80|<\xd7C\x93\x12PXMn\x12P\
\xe8\xd7\x84e\x8f[\x02\xd0\xf4\xc3I)\x01\xa6\x1c%\
 \x87\xb1gB{\x120\xad\x9e\x9a\xbf'\xde\x22\xb3\
\xfbz\xaf\x80bi-\xd1}\x12\xd0\xafU5\x7f\xdd\
\xb1E\xa6+\xf2A\x01\xf6P\x02\x12\xe4\xa3\xda\x92\xd6\
\x95Q\x02\x1c\xc2-\x01\x00b\x1d\xb0\xfc``\x8c\x9a\
@\xce\x15\x09\xd0\x0f\xcf\xfd\xc0\xb6\x87\x0d\x15\xd6\xd8\x7f\
\xf7\xe2\x13E\xf5\xfd\x99\x09f\xdc\xbe)\xf3\xb9I\x80\
\xe8\xea\xa9\xfb\x16\xbd4\xa4\x87\x15\xe6\xbe~d\xd4\x87\
^\x0d \xdfC\x93\x12PX\x0d%\xa05\xee\x09\x00\
\x90\x9d\x04X}\xb7\x80\x12\x90\xb3\x04\xec\xf2\xbd\x9e\xab\
\x0d-V\xa9\xfa\xde-\x00f\x03\xc8\xe8y\x93\xa0o\
\xca|^\x12\xa0\xeam\xd6\x07Q\x09\xe9a\x85\xfe]\
;n\x05\xf0\xdf\x87\x17d(\xa0\x04\x84C\x09(=\
n\x0a\x00@\x09\xa0\x04\x04\x10\xc8\xa5\xf3>\xf0\xe4N\
COk\x8c\xdf9\xf4gPyU \xd9\xdd\x12\xf0\
;\x93\x07\x87\xde\x19Rm\x059\x13\x87\x04\xba\xbe\x96\
\xa0\x04\xc4\xcfG\xb5%\xad\xa3\x04X\xc7]\x01\x00\xb2\
\x95\x80\xbc\x0eXJ@\xfe\x12 xx`\xf7Sw\
\x1bzXC\x87\xd1#\xbelnZ#\xd0\xd5\x12 \
\xa2W\xef\xbe\xf7\x98cB\xaa\xad\xd0\xf7\xc6\x1d\x7f\x07\
\xe0\xff\xd4\x12\x94\x80\xf8\xf9\xa8\xb6\xa4u\x94\x00\xab\xb8\
'\x00)\x0eX~00FM W2\x09\xf0\xfd\
\xb52\x8ciC\xb55\xa6\x86\x96\x9d\x0d\xe0\xa4\xda\x9a\
(\x01GX2{v\xef\x07C*\xad\xe1\x89\xbf\x0e\
\xc0\xa1Z\x82\x12\x10?\x1f\xd5\x96\xb4\x8e\x12`\x0d\xf7\
\x04\x00\xc8W\x02\xe2\xd4P\x02\xda\x1c{&\xcc@\x02\
\x04\xf8\xdb9kF\xff\xd1Pe\x8d\xbdw\xaf\x5c\xa8\
\xa2\xc1C\x8e\x12P\xff\xefs\xf6\x7fz\xd1\xb3C*\
\xad0\xfb\xd4\x9d\xff%@\xf0\xe6P\x94\x80\xf8\xf9\xa8\
\xb6\xa4u\x94\x00+\xb8)\x00@~\x12`\xf5\xdd\x02\
J@\x9b\x12p`\xda\xaf^dh\xb5\x8aw\xe8\xd0\
\xb5\xaaX\xd8\xd4@\x098\xc2,\x95\xcaM!U\xd6\
\x98\xea9t%\x80\xed\x81$% ~>\xaa-i\
\x1d% w\xdc\x15\x00\x80\x12\xd0\xe5\x12\xa0\x8a\x8d\xf3\
\xd7m\x7f\xc4\xd0\xdb\x1ac\x1f^z\x92@\xde5\xb3\
\x9ef(\x01\x87\xffO\xf4/'>\xb3\xf8\x7f\x85T\
Ya\xc1){\xf6\x88\xc8\xe5M\x0d\x94\x80\xf8\xf9\xa8\
\xb6\xa4u\x9d&\x01\x8e\xe1\x96\x00\x98\xee\xd2\x94\xa7\x04\
\xe4u\xc0R\x02\xb2\x90\x80\x91\x83\x95\x037\xa0`D\
d\x13\x80\x9e#1% </\xe2\xdd\xacw`V\
H\x95\x15f\xfb\xa3w\xa9\xe2?\x9b\x1a(\x01\xf1\xf3\
QmI\xeb(\x01\xb9\xd1\x13]R\x22D\x14\xaaM\
\xd7R(\x82\xb9\xc6\x18\x82\xc6~\xaa\x80D\x8dc\xc2\
T\x139\x7f\xba5\xc6\x1d\xbbi/Y\xad1\x90\x93\
\xc3A.c\x87\xec\xa3\xd5\xd8\xa2\x17\x1c{\xce\xae}\
(\x90}\x1fY\xfel\x81\xbf\x07\x8a\xcfG\xaa\xb6b\
fs\x1a\xcc\xc5\xea\xd7\x10\xc7\xd5\xfa\xb0\xe7s\x921\
p\xf8\x901\xfe\x5c\x92\xfc\xe7\xc5\xccZ\xa6\xe6-\xf9\
}`\xf4_\x13\xf4\xcc\x14Y\x8d\xea\xd4\xe7*k!\
\xd5o45\xc6}\xdef\x95\xcfh\xec\xc3?\x1f\xe3\
\xe9\x97\xdf~\xa2\xda\x92\xd6\xe5X\xa3\x10H\xe3\xeb.\
\xce\xba\x1d\xc0-\x01P\x95#\xe7\x905\x09Hy\x98\
Q\x02\x92\x8e\x1d\xb2\x0fs\xbf\x87\x06\xf7l\xfb\x0c\x0a\
f\xde<=yL\x00\x00 \x00IDATY[\
\xff\x1b\xc0\xea\xa2\xd7A\x92\xd1\xff\xa6m\xdf\x9c|p\
\xc9\xdf\x8a\xe8\x1b\x9a\x1a)\x01\xf1\xf3QmI\xeb(\
\x01\x99\xe3\xd6\xaf\x00\xea\x89\xf3\x16WS\x0d?\x13\xd0\
\xfe\xde\x0a\xffu\x80\xfaUY#\xc3\xae}m\x07\xb1\
\x89@\xceW\x95\xfd\xc6\xc6\xb8\xcf\xdb\xac\xf2\x19\x8d\xcd\
_\x07\xb4\xae\xe9\xc6_\x07\xb8+\x00\x00%\xa0\x1b%\
@\xf0\xe9y\xeb\xb7~\xc7\xd0JHl\xfaW\x8f\xfc\
ZEo.\xe4\xd0\xa4\x04\x14V\xd3m\x12\xe0\xb6\x00\
\x00\xf6% \xaf\x03\x96\x12\x10\xe7g2\xe9\xf9R\xf8\
Me\x88\x1b\x0c\xf4\xcd\xba\x06\xd0'(\x01\x19\xe4\xa3\
\xda\x92\xd6Q\x022\xc1=\x01\xc8\xec\xbf\xc4SJ@\
\xda5Q\x02\x12\x8e=\x13\xd6\xc5\x02\x5c;p\xde\xd6\
'\x0c\xbd\x08I\x8c\x9c\xbcuR\xe4\xb0PR\x022\
\xc8G\xb5%\xad\xa3\x04\xb4\x8d{\x02\x00\x14/\x01\x99\
\xcd\x1f\xa7\x86\x120\xb3\x8f\xc7\x07\xe6\xc8&C5!\
\xa9\xe9;u\xf4\xd3\x00\xfe\x05\xa0\x04d1gd[\
\xd2:J@[\xb8%\x00Z\xf71WJ@\x97I\
\x80\x9e'gn\x9d4T\x12\x92\x1a\x11(<9\x0f\
3\xcf8J@\x06\xf9\xa8\xb6\xa4u6%\xc0\xb1\x8f\
\x16;&\x00\x0d\xcf\xe6N\x90\x80\xbc\x0eXJ@}\
\xee\x87s\xce\xdb\xf6\xb7\x86\x0aB\xdaf\xe0\xd4\x91\x7f\
\x07\xf0\xd5#1% \x83|T[\xd2:\x9b\x12\xe0\
\x10n\x09\x80\x88\xe6\xf7_\xe2m|&\x80\x120C\
N\x12 \xb8F$\xf6\xe5\x84\x90\xe4xrm}H\
\x09\xc8 \x1f\xd5\x96\xb4\x8e\x12\x90\x18\xb7\x04\xe0\xc8\xb3\
\xb8\x13% \x93\xf9\xe3\xd4t\x9d\x04\xec\x993\xb6\xf0\
\xab\x86JB2\xe3\xf0\xbb\x00\xf2_\xf59J@\x06\
\xf9\xa8\xb6\xa4u\x94\x80D\xb8%\x00\xd2\xe23\x00E\
K\x80\xd5w\x0b\xbaJ\x02\xbe&\xc3\x0f\x1f4T\x11\
\x921\xda$\x9a\x94\x80\x0c\xf2QmI\xebr\xac\xf1\
\x1d;2\xdd\xdaM\xd4g\x00(\x01\xceI\x80\x08\xbe\
gh%${|\xfd\xbe)M\x09\xc8 \x1f\xd5\x96\
\xb4\xcefM\x89qL\x00b|\x06\xa0\x13$ \xaf\
\x03\xb6\x1b%\xc0\xc7\x7f\x1bZ\x08\xc9\x1c\xdf\xf3\xfe\xab\
\xa3\x0eMJ@\xe7\xd4\x94\x14\xb7\x04@b~\x06\xa0\
h\x09H\xbb&J@\x13U\xd5]\x86\x9e\x84d\x8e\
\x87\xe9\xc3\xcf\xb5N:4)\x01\x9dSSB\xdc\x12\
\x80V\xf7\x01\xe8D\x09\xc8d\xfe85\xeeJ@O\
\xc5\xd5\x97&\xe94\xb4\x22G\xff\x0a\xbc\x93\x0eMJ\
@\xe7\xd4\x94\x0c\xb7\x04\xa0\x91N\x97\x00\xab\xef\x16\xb8\
)\x01Z\xf5\x8e1\xf4 $s\xfc\x03=\x0b\x03\x89\
N:4)\x01vj\x1c\xc31\x01\xd0\xe6\xbf\x06\xa7\
\x04\xd4\xe1\x9e\x04(\xf4\x19\x86jB2\xc7\xf3\xf4\xc4\
\xa6d'\x1d\x9a\x94\x00;5\x0e\xe1\x98\x00\xcc\xfc\x0a\
\xa0\x8c\x12\x90\xd7\x01\xeb\xb8\x04\x08\xf0{\x86JB\xb2\
G\xf4\x85\xc6|'\x1d\x9a\x94\x00;5\x8e\xe0\x98\x00\
\xd4=C\xcb&\x01i\xd7\xd4\xe5\x12\xa0\xc0_\xea\x83\
\xa8\x18*\x09\xc9\x14Q\xbc\xba\x14\x87&%\xc0N\x8d\
\x03\xb8%\x00\xbe\x04\x7fle\x94\x80L\xe6\x8fS\xe3\
\x8c\x04,\x1d\xff\xf5\xd2?1T\x11\x92\x19\x07\xee;\
\xf6\xb7\x00\xbc\x00@9\x0eMJ\x80\x9d\x9a\x92\xe3\x96\
\x00x\x19|\x06\xa0h\x09\xb0\xfan\x81+\x12 \x17\
\x1a*\x08\xc9\x8ci\xaf\xe7\x82@\xa2\x0c\x87&%\xc0\
NM\x89qK\x00\xfc\x8c>\x03@\x09(\x9b\x04\xbc\
r\xec\xba\xa1?5T\x10\xd26c\xf7-=I\xa0\
okj(\xc3\xa1I\x09\xb0SSR\x9c\x12\x80\xc0\
W5\xbb \x01y\x1d\xb0\x0eJ\x80x\xde\xdd\xa3\xc3\
\x8b\xe7\x18*\x08I\x8d\xde\x81Y\x15\xd1O@1\xcb\
\x5c\x10\xd61$M\x09h?\x1f\xd5\x96\xb4\xae\x8b%\
\xc0)\x01@\xe0N@(\xbf\x04\xa4]S\x17J\x80\
\x02O\xeb\xeb\xef\xf9\x9c\x0e\xa3\xc7PAHbT!\
\x93\xf3\x86>\x06\xe8\xe1\xbf4)\xf3\xa1I\x09\xb0S\
S2\x1c\x13\x80\xc3\xdf\x05\xe0\x9c\x04d2\x7f\x9c\x9a\
rK\x80\x00\xaf\x1a\xef_\xf6\x09\x1d>\xa9\xd7PA\
Hlt\x18\xde\xd4}Kn\x12\xe8;\x83\x0da\x1d\
\x92\xe5)\x01\x19\xe4\xa3\xda\x92\xd6\xc5\xa9\xf1\xa3K\xca\
\x84c\x020\x83k\x12`\xf5\xdd\x82rK\x00\x80\xb7\
\x8e\xf7\xef\xfe\xfb\x89k\x16-3T\x10\x12\xc9\xee{\
\x8f9f\xea\xd9K>\x0f\xc1Z\xe7\x0eM\xd7\xf6\x13\
\xd5\x96\xb4\xce\xc1\xff\xcao\x85\x83\x02p\xf4\x80\xa0\x04\
\xa4\xad)\xbb\x04\xe8\xcb\xfc\x9eY?\xddw\xc3\xf2w\
\xeb\x1d!\xbf\xbb%\xa4\x01\x1d\x867\xf9\xd9\xc5o\x9c\
=\xbb\xf7\xa7P\xbc\xfeh\x83\xa98l\x90dyJ\
@\x06\xf9\xa8\xb6\xa4u]$\x01n\xfd\xbeT1s\
6\x08\x8e\x18\x80J\xed\xb8\xa8k\xcf(\x8e\x9bk\xaa\
\x91\xc3'e]N\x15\x908\xe3 \xc5\x9a2Zc\
\xdc\xb1\x9b\xf6\x92\xd5\x1a\x03\xb9\xa3?\xe3\x90\x9a\x85\xa2\
z\xd7\xc4\x9ee\x97\xec\xdb\xa0\x1f\x9dU\x91\x07\xfb\xd7\
?\xf5\x1b\x10\xd2\xc0\xf8}K\x86<\xd57\xee\x179\
\x13\x8a\xdf6\x16\xc5}~\xa6\xc8\xab\x0a\xa4\xe1\x16&\
y\xcf\xe9\xdc~\xa2\xda\x92\xd6\xc5\x1d\xab\xe4\xb8%\x00\
\x80\xfb\x12`\x82\x12\x10Z\xa3\xc0\xd3\x04r\xc3t\x15\
7\x8c\xdf\xb0\xec\xd7*x\x08\xd0mPo\x97*&\
M\xef\x81\x1d\xf0\x0f~d\xf1\x85;\xc6\x9a[\xec1\
~\xeb\xd0\x9f\xc1\x13\xf3\xadg\x81t\xef\xdd\xc5\xed\x13\
\xa7.\xeeX\x15\x00\xf0\xffc\xce\x19\xa3\xff\x18\xb3G\
.\xe8=\x8b\xe6N\xf5\xc9Y\x00 \x90>UY\x08\
\xe8b\x08~\x17\x8ag\x02\xe2\xd5\xde\xbd\xea\x96C\xd3\
\xb5\xfdD\xb5%\xad\xeb\x02\x09pK\x00D\x05*\xee\
K@f\xf3\xa7[c\xdc\xb1;E\x02\xea\xd6\xf34\
\x00O;\xd2G\xc48\xf6\x17\x17_\xb8c\x03\x0ad\
\xcfGV-\xc0\xf4\xc1\xfb\xa1XTK6\xee\xcd7\
\xe4L\x17\xab\x86\xc7\xb6\xe9\xb9U\xab\xd1@]\xe4\xd8\
qjj\xeb\x94\xdd\xfb\xeeX\xfe\xacygn\xdda\
\xa8\xb0\x82\xbck\xc7\xd8\xe4g\x96\xfc\x0f\x00\xa7\x1c\xde\
\xe9\xcc~\xbb\xfd\xd0tm?QmI\xeb\x1c\x97\x00\
\x07?\x030C\xedy'\xb5X\x8d\xed\x19\xc5qs\
M5\xd2\x94\xe3g\x02b\xd4\x04r\x12\xa3&\xd6\xd8\
\x07}\xad\x14~W\xc1Y\xd5\x83W\x02u\x87?\x90\
\xd9\xe3\x16\xfe\xdcj\xb4\xb7\xe4c\x1bk\x0e\xe7\x17T\
fU\xaf\x08i\xb5\x86'\xb2\x1e\xc0\xfe\xa6\x86\xf0u\
\xc7\xcfg1\x06\xc0\xcf\x04d0gd[\xd2\xba\xb8\
c\x95\x10\xb7\x04\xa0\xf1O4\xbaA\x02\xf2:`\xbb\
P\x02Dp\xf3\xfc\x0b\xb6\xfc\xd2\xd0j\x8d\xb1M\xcb\
\x9e\xa3\x8a\xf7\x1eYS\x80rK\xc0\xfb\xc6\xef\x1dz\
^H\xab\x15\xfa\xde:\xf2(|\xd9ll\xec\xf6C\
\xd3\xb5\xfdD\xb5%\xadsT\x02\xdc\x12\x00\xa0\xc5\x05\
\xc9Q\x09H\xbb&J@##\x07z\x0f\x5cg\xe8\
i\x15\xa9\xe8\xcd@\xdd_.\xb8#\x01\x15\xcf\x87\xf9\
\xf0\xb5H\x7f\x9f\x7f\x0d\x14[\x8d\x8d\xdd~h\xba\xb6\
\x9f\xa8\xb6\xa4u\x0eJ\x80{\x02\x00t\xa7\x04d2\
\x7f\x9c\x1a7%@\xa1\x17\x1d{\xce\xae}\x86^\xd6\
\x98\xd8<\xf4\x1a(\xfe\xa2\xa9\xc1\x11\x09P\xe0O'\
>>\xf4ZCok\xc8\xea\xed\xe3\xa2z)\x0f\xcd\
\x04\xf92\xef'\xaa-i\x1do\x04T\x12\xbaM\x02\
2\x9b?N\x8ds\x12\xf0\x1fs'\xb7}\xcaPm\
\x0d\x1d>\xa9WEn\xac[SCAD\x9c\xb2\xc6\
\xfa;\x01\x8a\x9b\xf5\xd6\x13g\x1bZ\xac\xd1\xf7\xf6\xed\
\x9f\x84\xe2{<4\x13\xe4\xcb\xbc\x9f\xa8\xb64u\x8e\
\xe0\x9e\x00h\xc8\xbf\x031%\xa0\xfd\x1ag$@\xd5\
\x97se\xb8X\xb7\x9fX\xb0s\x0d\x80g\xd5\x12\xee\
J\xc0\xd3'\x06\xc6\xd7\x18zZC\x04\x0aO\xce\x05\
\xa0<4\x13\xe4\xcb\xbc\x9f\xa8\xb64u\x0e\xe0\x9e\x00\
\x00\x94\x80\xbc\x0eX7%\xe0\xbey\x17m\xfd\x8e\xa1\
\xc2\x1ac7\x0e-\x01pIS\x83\xa3\x12\xe0\x89^\
:qG\xb1\xb7j\x1ex\xdb\xc8\xbf\x01\xb8\x0f\x00\x0f\
\xcdn\xd9OT[\x9a\xba\x92\xe3\xa6\x00\x00\xdd-\x01\
i\xd7\xd4}\x120\xd5\xa3\xd2|\xf0ZFz\xe5:\
(\xe6g\xf7\xbcIWcK\x02\x14\x98\x8bY\x95\xab\
\x0d\xbd\xec\xe2W/\x040\x01\x80\x87f\xb7\xec'\xaa\
-M]\x89qK\x00B\xff\x0c\x10-.H\x0eK\
@&\xf3\xc7\xa9)\xa9\x04\x88^\xd7\x7f\xd1\xd6\xc7\x0d\
=\xad1q\xd3\xf2\x17@\xe5\xf4Z\xa2K$\x00\x8a\
\xd3'\xef^\xfa\x07\x86^\xd6\x18x\xc7\xce'\x058\
z\xd3'\x1e\x9a\xd6\xc7\xa6\x04\x14\x8b[\x02\x00D]\
tB\xda\x1c\x95\x00\xab\x87I\xc9$@\xf0\xc4\x9c)\
\xef&C\x0f\xab\xa8\xa7\x9b\xa1\xf0\x82\xb7,4\x15\xc6\
\xc8\x95K\x02<\x15\xdd\xacZ\xec}\xd6\xfa\xa6\x07n\
\x84\xe0\xb1Z\x82\x87\xa6\xf5\xb1)\x01\xc5\xe1\x9e\x00\x00\
\x94\x80\x5c\xe6\x8fSS\x22\x09\xf0\xf5<\x19\xde:i\
\xa8\xb6\xc6\xf8\xa6\xe5o\x06\xf0'\xb55u\x9f\x04\xfc\
\xe1\xc4=Co6\xf4\xb0\x86\x9c\xf1\xd8~\xf8zA\
 \xc9C\xd3\xfa\xd8\x94\x80bpS\x00\x00J@c\
\x9c\xd7\x01[N\x09\xf8\x979\x17m\xfb\x1bC\x955\
\xf4\xe6\x95\xfd\x80\x06o<\xd4\x85\x12 \x82\x1b\xf4S\
C\x83\x86\x1e\xd6\x188m\xfb\xe7\x01\xf9V \xc9C\
\xd3\xfa\xd8\x94\x00\xfb\xb8+\x00\x00% \xf1\xd8Y\xd5\
t\xb4\x04\xf8\x9e\x875\x22\xc5\xbe\x9c\xc7\xd5\xbf\x10\x8a\
\xe3\x9b\x1a\xbaO\x02VL\x1e\x92\xf3\x0d\xd5V\xf1=\
\x7f\x0d\x80j \xc9C\xd3\xfa\xd8\x1d/\x01\x8e\xe1\x9e\
\x00$9\x88\xbbQ\x022\x99?NM\x87J\x80/\
w\x0f^\xf8\xd4\x0f\x0c-\xd6\x98\xbcu\xc5J\x11]\
\x0f\xa0\xc5\xba\xbbI\x02\xf4\x82\xa9{\x97\x9e`\xa8\xb6\
\xc6\x9c\xb7n\xff\x91\x00\xf745\xf0\xd0\xb4>6%\
\xc0\x1e\xee\x09\x00@\x09\xb02\x7f\x9c\x9a\x8e\x93\x80}\
2\xeb\xe0\x15\x86*\xab\xf8\x07\xab7\x028\xfa\xb67\
%\xa0\xbfZ\xd5\xeb\x0d\x95V\x99>\xe4}\x10\xc0\x9e\
\xa6\x06\x1e\x9a\xd6\xc7\xa6\x04\xd8\xc1M\x01\x00(\x01V\
\xe6\x8fS\xd39\x12 \x90+\xe7\x5c\xb0}\x9b\xa1\xc2\
\x1a\xfbnZ\xfeG\x10yS\xfcuw\x87\x04\x08\xf0\
\xa6\xa9\x8f/}\xa9\xa1\xd2\x1as\xdf\xb9m;|\x5c\
el\xe4\xa1i}lJ@\xfe\xb8%\x00\xad\xee\x03\
\x10\x15w\xa3\x04\xe4tPt\xa8\x04<28\xa7\xff\
vC\x8b5t\x18\x9e\x07\xdd\x8c#O*J@\x00\
\xdf\xd7\xcd\xfa *\x86Jk\xf4\xef\x1f\xbd\x0d\x8a\xff\
66\xf2\xd0\xb4>6% _\xdc\x12\x00\xa0\xbd\x83\
\xb8\xdb$ \xed\x9aJ(\x01\x9ex\xe7\xca9\x8f\x1c\
0\xf4\xb4\xc6\xd8\x9c\xe5\xef\x04\xf0\xfb\x81$%\xa0\x9e\
\xdf\x99\xdc7t\x86\xa1\xca\x1ar&\x0e)t]\xae\
\x87cX\xbe\xcc\x87\xa6k\xfb\x89js\x04\xf7\x04\x00\
\xa0\x04\x1c)I\xf2\x02i{\xfe85\x05I\x80\xe0\
\x9f\x06/\xd9\xf25C\x0fkl\xdf\xb0h\xae\x00\x1f\
j\xefW4] \x01\x82kv\xdd\xb1`\xbe\xa1\xca\
\x1a\x83\xa7m\xff\x9a\x08\xfe\x0f% \x83|\x99\xf7\x13\
\xd5\xe6\x00n\x0a\x00@\x098R\x92\xd5\xa1\x90\xb6_\
\xf1\x120\x8di\xbf\xd0o\x9f\x03\x80\xfeJ\xefe\x80\
.\x03\xda\xfd\x998.\x01\x8a%}\x95\xd9\x1f4T\
XE\xa0\xe7\x008H\x09\xc8 _\xe6\xfdD\xb5\x95\
\x1c\xb7\x04\xa0\x9d\xcf\x004\xc6\x94\x00'$@Eo\
\x9b{\xf9\xb6\x87\x0dU\xd6\xd8s\xc3\x92g\xa8\xea9\
\xf59J@\xf8\xd8\x0a=g\xdf=\xcb\x9fm\xa8\xb0\
F\xdf\xdb\xb7?\x02\xe0\xf6\x99\x05\x99\xe1\xa1i}l\
J@\xb6\xb8%\x00@\xb6\x07q7J@N\x07E\
A\x12\xb0K\x0f\x15\xff\xads=\xe2m\x020;[\
1sZ\x02z+\xa8n4\xb4Z\xa5\xdf\x9b\x1e\x06\
p\xf8\xafF(\x01\xed\xe7\xcb\xbc\x9f\xa8\xb6\x92\xe2\x9e\
\x00\x00\x94\x80#\xebKs\xe0\x98(\xad\x04\xc8%\xf3\
\x87\xb7\xec2\xb4Xc\xfc\xa6\x15/W\xc8\xc9\xb5\x04\
% \xde\xd8\x8aW\x8f\xdf\xbd\xf8/\x0c\xad\xd6\x90\xb7\
\xed\xda\xa7\x8a\xe1Z\x82\x12\xd0~\xbe\xcc\xfb\x01\x9a\xdf\
e.9n\x0a\x00@\x098\xb2\xbeL\x0f\x9c\x0c\xfa\
\xd9\x93\x80\x87\xe7T\x9fl\xbe\xb3\x9bEt\x18=Z\
\xf57774\x84\x94\x00c?\x81w\xb3\xde\x81Y\
\x86Vk\x0c\xfcz\xf4.\x88<TKP\x02\xda\xcf\
\x97y?\x8e\xe1\xae\x00\x00\x94\x80#\xeb\xebB\x09\x10\
\x1fke\x18\xd3\x86Q\xad1>\xb8\xfc,\x00\xbf\xdd\
\xde\xe1\xd9\x22\xae\xe5\x9c\x95\x80\xe7LU\x86\xce2\xb4\
XC\x86\xe1\x8b\xfakP\xbfBJ@\xfb\xf92\xef\
\xc7!\xdc\x13\x80\xac\x0f^J@\x06\xf3\xc7\xa9\xc9R\
\x02\xf4o\xe6\x5c\xb1\xf5\x1f\x0d\xa3Yc\xef\xcd+\x17\
B\xf5\xf2Z\x82\x12\x804\x12\xa0\x8a+\xf6\xdd\xb1|\
\x91aDk\xf4\x9f\xb6\xfd;\x10\xfcm I\x09h\
?_\xe6\xfd8\x82{\x02\x00P\x02\x8c5]\xf3\xc1\
\xc0\x03\xbe_\xb9\xd80\x8aU\xbcC\xfeU\x00\x8e\x0d\
$)\x01H!\x01\x0b*\x9e\xff!\xc3hv9\xd4\
\xb3\x0e\xc0d G\x09h?_\xe6\xfd8\x80s\x02\
\xa0M\xff\xc8!\xee6\x090\xd1\xa9\x12\xa0\xbaq\xfe\
\xf0\x96G\x0c#Xcl\xe3\xd2\xe7\x02\xfa\x9e\xb4?\
7J@S\xa7\xf7\x8c\xdf\xb5\xe4\xf9\x86\xd1\xac1\xf0\
\xce\xadO\xa8/\x9b\x9a\x1a(\x01\xed\xe7\xcb\xbc\x9f\x92\
\xe3\x96\x00\xcc|B\x93\x12\xd0\xaa\xc6\xe9_\x07<9\
\xa5\xd3\x85\x7f\xab\x1c\xa6e\x13\x80\x1e\x00\xa9\x1f7J\
@ \xaax*\xcd\x1f\xa6\xb4\xcc\xc0\x81\xca\xb5\xaa\xf2\
xS\x03%\xa0\xfd|\x99\xf7Sb\xdc\x12\x00\xa0\xf6\
C\xa2\x04\xb4\xaaqS\x02\x14z\xf1\x92\xe1\xed\xe3\x86\
^\xd6\x18\xdb\xb0\xec\xf5\x00^\x11HR\x02Bj\xe2\
K\x80\x0a^6y\xd7\x92\xd7\x1bF\xb2\x86\x9c\xb9u\
RE?h<d(\x01\xed\xe7\xcb\xb0\x1f\xc7pO\
\x00\x00J@\xac~\xce}&\xe0\xdf\xe6]\xfe\xd4g\
\x0c\xd5\xd6\xd0\xe1\x93z\xa1\xb8\xbenMu\x8d\xa6\x0e\
\xd19J@\xfd?e\xa3\xde{B\x9fa$k\x0c\
\xbe}\xf43\x80|\x87\x12\x90S\xbe\x0c\xfbq\x087\
\x05\x00\xa0\x04\xc4\xea\xe7\xcc\xb7\x08\xaa\x8a\xb7F\xa4\xd8\
\x97\xecX\xff\xae\xf3\x00<\xb3\x96\xa0\x04\x04\xc3\xf6%\
\xe0i\x93\xd3S\xeb\x0c\xa3XC\x04\x0a\x955\x00|\
J@N\xf92\xec\xc7\x11\xdc\x15\x00\x80\x12\x10\xab\x9f\
\x13\x1f\x0c\xfc\xd4\xfc\xcb\xb7\xfc{\xd4\xf2\xf2d\xfc\x9a\
%C\xe2\xe3\xa2\xa6\x06J@0l_\x02.\x9e\xb8\
g\xd1r\xc3(\xd6\x18<\xfd\xa9\x87\x00\xfd4\x10r\
\xc8P\x02\xda\xcf\x97a?\x0e\xe0\x9e\x00\x84\x5c8(\
\x01\xadjJ\xfd\x99\x80\xf1\x0a*\x97\x18Z\xac\xe2{\
=\x1b\x00\xcc\xcbl\xff\x86\x1c%\x00\x000\x07\xbew\
\xada\x04\xab\xe8,\x5c\x08`\x1f@\x09\xc8b\xce\xd2\
\xee\xa7\xe48&\x003\xdb\xa1\x04D\xe7\x5c\x91\x00\xd1\
\xeb\x06\x87\x9f\xd8j\x18\xcd\x1a\x13\xd7-{\xa1\x00o\
\xaf\xff\x197A\x09\x08\x86mI\x80\x9c6y\xc7\xd0\
\xff0\x8c`\x8d9o\x19\x1d\x01\xb0\xe1HL\x09\xc8\
)_\x86\xfd\x94\x18\xc7\x04\x00\x08\xbd\x08S\x02\xf2\x95\
\x80\x9c\x0e\x8a\x96k\x14\xfcz.f\xdfl\x18\xc5\x1a\
\xaa\x10\xdf\x97\xcd\xd0#\xaf%J@\xdc\x9a6$@\
\xd4\xc3f\xd5\xc6B\xbb\x0c\xf4/\xda\xa8\xc0/k\xcb\
\xa2\x04\xe4\x93\xef\xa4\xfd\xf0\xcb\x80:\x98\xda\x0f\x87\x12\
\x10;\x97\x95\x04\xa4]S\x1bk\x14\xe8z\x19~l\
\xbfa\x04kL\x5c\xbb\xec\xad\x10\xbc\x18\x80\xf1g\xdc\
\x04% \x18\xa6\x97\x80\x17M\xdc\xb3\xe4m\x86\xde\xd6\
\x90\xd5\x0f\x1f\xf4D\x03\x9f\xfb\xa0\x04\xe4\x94\xef\xa4\xfd\
8\x84[\x02\x00D_\x84)\x01\xf9J@&\xf3\xc7\
\xa9\x91o\xce\x1d~\xea\x0b1V\x90\x1b:\xbc|@\
E\xae\x09&\x8f\xfc\x83\x12\x10\xb7&\xad\x04\x88/\xd7\
\xe9\xed\x8b\xe7\x18z[c\xe0\xb4\xd1/\x00\xf8\x87\xfa\
\x1c% \xa7|'\xed\xc7\x11\xdc\x13\x00\x80\x12\xd0\x88\
M\x09\xb0s\x98T=O\xd6\x18zXe\xbcG/\
\x86bUS\x03% qMJ\x09X1\xd9\xeb5\
\xff\xe5\x85e\xfc\x8a\xac\x05\x82\xdf<I\x09\xc8)\xdf\
I\xfbq\x007\x05\x00\xa0\x044\xe2\x90\x04(p\xe7\
\x9c\xe1-?6T[c\xf2\xea\xe5\xc7Ad\xdd\x91\
55A\x09H\x5c\x93J\x02\x14\xeb\xf7\xdf\xbd\xf8D\
COk\xcc}\xdb\xb6\x9fA\xe4\xae\xc6<% \xa7\
|'\xed\xa7\xe4\xb8+\x00\x00%\xa0\x11\xdb\x12\x90\xcf\
A\xb1[\xbc\xba\xaf\xd9-\x88\xaa\xe8\xcd\x00\x06j\x09\
J@&5)$`v\xd5\x97\xeb\x0c\xbd\xac2}\
\xb0\xe7\x83\x00v6\xe6)\x019\xe5;i?%\xc6\
=\x01\x88q\xd0\x9a\xda)\x01\xadj:\xe7\x83\x81\xaa\
r\xe5\xbc\xe1\xad;\x0c\x15\xd6\xd8w\xf5\xf2\x17C\xe5\
\x0dM\x0d\x94\x80Lj\x92K\x80\x9c:~\xd7\x92?\
7\xf4\xb2\xc6\xfcwo\xd9%\xc0U\xa66J@N\
\xf9\x22\xf6\xe3\x18\xee\x09\x00@\x09h\x15\xc7\xcde)\
\x01\x99\xcc\x0f@\xf1\xf3y\xa3C\x1f\x891Cn\xe8\
0<\x11l\x06`\xbe\xf10% \x93\x9a\xa4\x12 \
*\x9btx\xe6\x1b\x18\x0b\xa2\x7f\xd5\xc8\xedP\xfc\xd4\
\xd4F\x09\xc8)O\x09h\x0b7\x05\x00\xa0\x04\xb4\x8a\
\xe3\xe6\xb2\x92\x80\x8c\xe6W\xc8:\xb9\xf3\xa1C\x86\x9e\
\xd6\x18\xaf\xac\xf8k(^XKP\x02:E\x02N\
\x9a\x5c\xb6\xe4]\x86\x1e\xd6\x90\x97aZ\x815\x89\x0e\
\x19J@\xfbyJ@j\xdc\x12\x80\xc6\x9b4P\x02\
\xc2\xe3\xb8\xb9\xce\x91\x80\xbf\x9b\x7f\xf5\x96\xbf7\xf4\xb0\
\xc6\xce\xe1\x85\xf3\x00\x1dn\x7fo\x94\x80\xb85\x89$\
@\xe4\xda\xbdw\xaf\x5ch\xe8a\x8d9\xa7\x8f\xfc3\
\x80\xbf\xa3\x04\xe47g\xc7\xec\xc7\x01\xdc\x12\x00 \xc1\
AH\x09\x88\x9d\xcbR\x02\xd2\x1d\x14\x07\x01]o\xa8\
\xb4\xca\xac\xca\xeca\x00K\x01d\xf0\xd8R\x02\xe2\xd6\
$\x90\x80\x85\x15\xff\xd0\x07\x0d\xd5V\xa9@\xd7\x008\
@\x09\xc8o\xce\x8e\xd9O\xc9qO\x00\x00J@\x92\
8n.+\x09H\xb5&\xb9u\xde\xd5[\xff\xdbP\
e\x8d\xbd\xc3+O\x14\xc8\xfb\x03IJ@\x1bc'\
\xab\x89+\x01\xa28{\xec\xce\xa5'\x19\xaa\xad\xd1w\
\xfa\xe8\xaf\x04r\x1b\x80d\x87\x0c%\xa0\xfd|\xde\xfb\
\xe1\xad\x80K\x02% ~\x1c7\x97\xa5\x04\xc4\x9f\x7f\
tz\xba\xf7\xea\x18#\xe4\x8axz+\x14\xbdM\x0d\
\x94\x806\xc6NV\x13S\x02z<\xd5\xcd\x86J\xab\
LT\xa7?\x04\xe0)\x00\x94\x00\xd7$\xc0!\xdc\x15\
\x00\x80\x12\x90$\x8e\x9b\xcbJ\x02b\xcf/\x97.\xdc\
\xf0\xe8^C\x8b5\xc6\xaf\x5c\xfe\xe7\x02\xfd_\x87\xd7\
c(\xa0\x04\xb41v\xb2\x9a\x98\x12\xf0g\x13\x1f[\
\xfa*C\xa55\x16\xbfk\xc7\x18\x04G\xefWA\x09\
\xc8mNJ@z\xdc\x13\x80\xd4\x07!% v\xce\
\x92\x04(\xf0\xa3\xb9\xbf\xdcr\xaf\xa1\xca\x1az\xc7\x0b\
g\xf9\xc0m\xc1\xa4\xa90\x22\x8e\xccQ\x02\xe2\xd6\xc4\
\x92\x00\xd1[\xf4\xd6\x13g\x1b*\xad1\xf0\xeb\x91\x8f\
\x03\xf8A-A\x09\xc8mNJ@:\xdc\x13\x00\x80\
\x12\xd0N\x1c7\x97\xa5\x04\x84\x8c\xed\xa9\xac\x91\xcf\xa3\
j\x18\xc5\x1ac#\xdb\xce\x06\xf0\xec\xa6\xbdP\x02R\
\xcdoQ\x02N\x9c\xea\xdd\xf7~C\x955d\x18\xbe\
\xf8z.\xeaWO\x09\xc8mNJ@r\xdc\x14\x00\
\x80\x12\xd0N\x1c7\x97\x95\x04\x98J\x14\x9f\x9b{\xdd\
\x96oEW\xe6\xc7\xd8\xb5K\x17C\xf5\xb2\xba5\x05\
\xa1\x04\xa4\x9a\xdf\x96\x04\xa8\xc8\x15\xe3\xb7/^j\xa8\
\xb2\xc6\xc0;G\xffU\x15\x0f\x06\x92\x94\x80\xdc\xe6\xa4\
\x04$\xc3-\x01\xc8\xec \xa4\x04\xc4\xcee%\x01\xc1\
x\xca\xd7j\xe1\xdf\xf2\xa6\x07+W\x038&\x90\xa3\
\x04\xa0D\x120Oz\xbc+\x0d\x15V\xf1f\xf5\xac\
\x070\x11HR\x02r\x9b3\xd7\xb1\x1d\xc3-\x01\x00\
(\x01Y\xc6qs\x19K\x80\x8a\xdc\xb0\xe0\xfam\x8f\
\x19zXc\xfcC+\xfe?@\xdfe\xda?%\x00\
(\x91\x04\xbc{\xe2c\xcb~\xcfPa\x8d\x81\xb7=\
\xb9\x05*\x1b\x9b\x1a(\x01\xb9\xcdI\x09\x88\x87{\x02\
\x00P\x02\xb2\x8c\xe3\xe6\xb2\x93\x80'\xa7\x0e\x1e\xba\xd1\
Pi\x15\xdf\xf77\x03\xa8\x000\xee\x9f\x12\x00\x94D\
\x02<x\xfef\xd5\xc6\xbb\x06\xd9e`\xb0g\x03\x04\
\xbfij\xa0\x04\xe46'% \x1a7\x05\x00\xa0\x04\
d\x19\xc7\xcde \x01\xaar\xc1\xd2\x8d#\x13\x86*\
k\x8c]\xbe\xe2\x8dP\xf9\x9f\x81$% \xa4\xa6\x04\
\x12\xa0\xf2\xc7Sw.=\xd5\xd0j\x0dY\xbdeJ\
}\x5cbl\xa4\x04\xe46'%\xa05\xee\x0a\x00@\
\x09\xc82\x8e\x9bkO\x02\xbe;o\xc3\x96\xfb\x0d\xad\
\xd6\xd0\xe1\x13\xfaT\xf4\x86\xba5\xd55\x1a\xea)\x01\
(\x83\x04(p\x93\xde\xb1|\xc0\xd0j\x8d\xc1\xd3G\
\xeeW\xd5o\x1b\x1b)\x01\xb9\xcdI\x09\x08\xa7\xd0\xaf\
\xcf\xcc\x05E\xf0\x9e \x99\xc5\x82\xda)kh\xaf\xa5\
s\x9b?\xde\xdaT\xeaJ\xb2^K\xdc\x5cS\x8d\x1c\
\xbe2\xd7\x9f\x13\x0aHp\x1c_\xe1\x9d\xdb\xac\x0bv\
\x99\xa8\x1ez6*\xf8\x5ch\x81a\xff\xaa\x0d&\xad\
hVk\xd3a\x16U\x13\xa8\x13\x00\xbe\xb9_h\x9f\
\x0c\xea\xe2\xd64\xfe\xfc\xe3\x8c\x93\xe61\x09\xab\xf1Z\
\x97@\x81\x09O\x9e\x05\xe0G\x86\xd5YA\x04:q\
Oe\x1d<\xff\xdf!\x86G\xd5\xf4\xda\xc2\xe1CS\
\xa4\xd1t\xcc\xb5\xb9\xe63\x1a\xdb\xb8\x9f\x9c\xe7\xccu\
\xec\x12\xe3\x9e\x00\x00\x94\x80RJ\x80|b\xfe\xf5O\
|\x1f\x053\xe7\xaa'\xff\x13\xc0\x7f\x16\xbd\x0e\xe2&\
\x83\xefz\xea\x07\x13\xf7\x0e}\x02\x8aw\xb6}hR\
\x02\x8a\xd9\x8fC8\xf5+\x80\xc0\xf74\x98\xfe\xcb!\
\x93\x98\xbf\x0e\x88\x9dk\xaa\x09\xfdu\xc0X\xa5R)\
\xfc[\xdc\x08\xb1\x81_\xc1\xc5\x00\xf6\x86\x1e&!y\
\xfe: \xa7|\xd21\x1c\xc2)\x018\xf2\x0ei\x0d\
J@>s'\xc9\xc5\x90\x00@\xaf\x1e\xbc\xf67O\
\x19F#\xc49\xe6\x9e62\xaa\x22\xd7\x02\xc8\xe6\xd0\
\xa4\x04\xb4\x9f\xefR\x09pK\x00\x80\xfc\x0f>J@\
\xf2\x5ck\x09xt\xee\xe4\xc0-\x86Q\x08q\x96\xc1\
\x81c7+\xe4\x17\x00(\x01\x94\x80\xc2pO\x00\x00\
J@\xc3\xda:Y\x02Dt\x9d\xdc\xf6\xc8\x01\xc3\x08\
\x848\x8b\xac~\xf8\xa0\xa8^PKP\x02\xac\xcfI\
\x09pU\x00\x00J@\xc3\xda:Q\x02\x04\xf2\x8dy\
\x1b\xb6~\xd9\xd0\x93\x10\xe7\x19|\xe7\xc8\x97\x01\xf9z\
-A\x09\xb0>g\xb7K\x80\xbb\x02\x00P\x02\x1a\xd6\
\xd6a\x12P\x15\x95s\x0d=\x08\xe9\x1a|\xc1y@\
\xdd7^R\x02\xac\xcf\x99hl\xc7pO\x00\x0c\x07\
\x0e%\xa0#%\xe0\x81\xb9\x1b\x9f\xf8\xa9\xa1\x9a\x90\xae\
a\xee\xe9\xdb\x1e\x164\xdcw\x82\x12`}\xcen\x95\
\x00\xf7\x04\x00\xa0\x04D\xac\xad\x13$\xa02\x8d\x0d\x86\
*B\xba\x0e\xdf\x9f\xb9\xf3d=\x94\x00\xebsv\xa3\
\x04\xb8)\x00\x00% bmEJ\x80\x00?\x9e\xb3\
i\xcbO\x0c\x15\x84t\x1ds\xde5\xfa\x9f\x00\x1en\
j\xa0\x04X\x9f\xb3\xdb$\xc0-\x01\xf0\x1bbJ@\
\xcb\xb5\x15'\x01\xf2\xbf\x0d-\x84t-\xa2\xf8;c\
\x03%\xc0\xfa\x9c\xdd$\x01n\x09\x00\x10\xeb\xa0\xa2\x04\
\x14,\x01\xd0\xc2o\xf9KHG!\xf2P\xae\x87&\
%\xa0\xfd\xbc\x83\x12\xe0\x9e\x00\x00\x94\x80\x0e\x97\x80i\
\xe0W\x86*B\xba\x16\xadV\x1f9\xfc\x8f\xb0\x82d\
yJ@N\xf9\xc6w\x99K\x8e\x9b\x02\x00P\x02:\
Y\x02*\xfe\x1eC\x05!]\x8bW\xa9\xec\xae\x05\x94\
\x00s\xbaS$\xc0!\xdc\x15\x00\x80\x12\xd0\xa1\x12 \
\x07z\xdd~\xde\x11\x92\x10\x11\xbf\x12HP\x02\xcci\
J@\xa6\xb8w!NqPQ\x02,K\x80wp\
\x81\xa1\x85\x90\xae\xa5\xaa\xde\xc2\xa6$%\xc0\x9c\xa6\x04\
d\x86{\x02\x00P\x02:\x5c\x02<\xa9\xfcVs\x96\
\x90\xeeE}\xff9\xd6\x0fMJ@6\xf9\x12\xe3\xa0\
\x00\xb4>d[\xc5\x94\x00K\x12\xa0\xfe\xef\x81\x10R\
\x87\xbc\x10\x80\xfdC\x93\x12\x90,\xef\x18n\x09@\xed\
\x13\x9a\x94\x80\xc8\xb8P\x09\x90\xd7im\x22B\xba\x1b\
U\x88\x00\xaf9\x9a0\x15\x85uN\x96\xa7\x04d\x90\
w\x08\xb7\x04\x00\x88}\xc8\xb6\x8a)\x01\xb9K\xc0\xd3\
\xc7\xd6,\xff#\x10B\xb0\xff\x9ee/\x01pB \
I\x09\x88\x9d\xa7\x04\xa4\xc7=\x01\x00(\x01%\x90\x00\
\x15\xefb\x10B\xe0\x8b^bl\xa0\x04\xc4\xceS\x02\
\xd2\xe1\xa6\x00\x00\x94\x80N\x97\x00\xc1\xab\xf6\xac[\xf1\
r\x10\xd2\xc5\x8c\xdf\xb3\xe4\x15P}e\xc7\x1c\x9a\x94\
\x80d\xf9\x92\xe3\x9e\x00\x18\x0f6J@dl_\x02\
D \xf7\xec\xba\xf0\xe9\xf3AH\x17\xb2\xe7#\xab\x16\
\x88\xca\xdd\xb5D\xa7\x1c\x9a\x94\x80d\xf9\x12\xe3\x9e\x00\
\x00\x94\x80\xb4\xb1}\x098\xbe\xe7\xe0\xc1/\xe9\xd9'\
\xce\x06!]\x84>xRo\xef\xac\x03\x9f\x87\xe2\xb8\
`CX\x87\x98\xb9\x14yJ@\x82<o\x05\x5c\x12\
(\x01\xe9b\xcb\x12\xa0\xc0\xff\xdc\xd7{\xe0\xf3\xdb\xd6\
\x0f\x0d\x82\x90.@o_<gr\xef\x8e/*p\
\xf8W`Q\xaf\x99VyJ\x809\x9d\xa7\x048\x84\
[\x02\xd0\xea\xeb\x80)\x01\xf1c\xdb\xef\x04\xf8zr\
\xbf?\xeb[\xfb\xce]\xfel\x10\xe20cw-{\
\xce\xe4,\xef\xdb\x00^\x15h\xa0\x04d>6% \
\x1a\xb7\x04\x00\x88y\xb0Q\x02\x22c\xdb\x12\xa0x\xa1\
_\xf1~\xb8w\xddq\x97\xed<\xfb\xc4y \xc4!\
v\xdd\xb1`\xfe\xc4]K\xae\xf0\xd4\xff\x0f\x00\xbf\x13\
\xeb\x10\xea\x94C\x93\x12\xe0,=E/ \x17\x14\xc1\
\xdb\xcc\xd4\xc7\xb5\x7f\x0bj\xa7XXmH\xacR\x97\
J\xd1?^\xdcz}\xb5tn\xf3\xc7[[\x96\x8f\
\x85(\xfa!\xfa\xa1\x9eY\xfb\xd7\xee]\xb7\xf23\x22\
\xde\x83s\xc7\x16\xff\xbb\xdc\xf9\xd0!\x10R2\xf4\xc1\
\x93z\xf7\xef\xda\xf5\x22\x1f\xd57\x01\xf2\x16\xf88\xa6\
\xe5\xeb\xc1\x943\xd5\xc4\xed\x9b2\xaf*\x10\xd1X\xb5\
\xb9\xe6\xf3\xdcOVs\x96\x1c7\x05\x00\xa0\x04\x94T\
\x02f\xe2\x05\x00\xceV\xf5\xcf\xde7g\xe4\xc0\xdeu\
+\x7f\x0a\xc1\xa8\x88\x8c\xa3\x15\x02\xf8\xd0\xb1\xf9{\x87\
\xde[\xb44\x8c}p\xc5e*x^SC\xd3E\
D\xe3\xbd\x0fg\xb8\xf8H\x9a~q\xdf\xf3K\xd3\xcf\
t\x81\x8c\xd1\xcf\x8b\xec\xe7\xffdp\xed\xb6\xabb\xac\
 7t\x18=\x13\x8b\x97\xde!\x82\xb9\xb5d\xf8\xde\
\xe6\x02\x18\x9a\xdc\xb5\xf3$\x08z\x03\x0fL\x9c\x03\x9e\
\x12\x90\xf9\xd8\x94\x003n\x09\x80\x8f\xe0\x8b\x92\x12\x90\
M\x5c\x8c\x04\x1ca6\x80\x17\x1e\x9e\xc6\xf0\x02n\xee\
wq\xd1\x87\xff\xdeKW\xbcH\x81+\xa13\xabk\
y1\x17\xc0W\xf3\x85%\xe2\x10P\x1f\x90\xc6~Q\
\x173\xdfP\x13\xd9O\xe3\xf53] c\xf4\xf3\xd5\
\xb0\x8f@?9u\xdf\xc6\xe5\xdf\x9c\xb7~\xebw\x0c\
#YA\x861=\xfe\x11\xfcB\x81\xebkI\xc3\xde\
\x9a\xf6\xa1G\x92\xda\x90k\xac1\xf5\x8b\xa8\x89\xdb7\
e\x9e\x12`\x18\xdb1\xba\xeb3\x00\x8dq\xed\xdf\x92\
\xbc\xefL\xac\x11\xed\xd9\xc4\xad\xd7\xa7\x0dq.\xeb\x89\
\xb1\xb6\x5c\x1f\x8b89\xc1\xa3\xf3\x07{6\x1b\xaa\xac\
\xa1\x80\x88\xe0\x16\xd4_>\x22\xf7&\xf1\xf6k\xbav\
\xa5y\xdc\x12?\xb6!\xcf\xbfL\xc6\x9e\x09[\xd7\x88\
\xe7\xe9-:\x5c\xec\xf5jp\xd1\xb1\x9b\x00\xf9e \
\x19{\x1f\x8d\xf6f\xaa\x89\xc8\x99j\xe2\xf6M\x99\xe7\
g\x02\xdc\xc6=\x01\x00(\x01y\xad\xa7\xc3%@|\
9O\x86\x1f\xdbo\xa8\xb0\xc6\xd8\xa5+N\x83\xe2\x0f\
\x9a\x1a(\x01\x91\xb9\x08\x09\xf8\xdd\x89yK\xdfn\xa8\
\xb0\x86\xac~\xf8\xa0@.hj\xa0\x04\xd8\xc9S\x02\
2\xc7M\x01\x00(\x01y\xad\xa7C%@\x14\xdf\x98\
w\xd3\x13_2T[ctx\xf1\x1c(\xae\x05\x90\
\xf2bN\x09h-\x01\xb2a\xe7\xad\x0b\x0b\xfd\x0b\x91\
\xc1\xb3\xb6~\x09\xc0\xd7\x9b\x1a(\x01v\xf2\x94\x80L\
qW\x00\x00J@^\xeb\xe9<\x09\xa8N\x0b\xd6\x1a\
\xaa\xac\xd2w\xb0\xf7\x12\x08\x96\xd7\x12\x94\x80\x84c\xcf\
\x84\xe15C\xb3\xab\xb3/2\xb4ZE=\xac\x83\xa2\
\xf9s&\x94\x00;yJ@f\xb8'\x00\x99\x1cl\
\x94\x80\xc8\xb8\xb3$\xe0c\x0b7n\xf9\xb1\xa1\xc2\x1a\
{.Z\xf5t\x00k\xb3\xb9\x98S\x02B\x0fO\xc5\
y{oY\xf9LC\xab5\xe6\xbew\xdb\xcfDq\
g{2C\x09h+O\x09\xc8\x04\xa7\x04\xa0v#\
@J@7I\xc0n\x81?lh\xb1\x8a\xe7Mo\
\x04\xd0\x07 \xa3\x8b9% \xe4\xf0\xec\xf5\xaa\xd5\x0d\
\x86\x16\xab\x1c\xf2z/\x03\xb0\x93\x12\x90\xed\xd8\x1d\xb3\
\x9f\xb0z~\x17@g\x93\xc9\xc1G\x09\x88\x1f\x17-\
\x01\x82+\xe6\xdd\xb4u\x07\x0ad\xec\xa2\x15\x7f\x0a\xc8\
)\x81$%\xa0\xcd\xb1gBC\x8d(N\x19\xbfy\
\xf9+\x0c\xbd\xadq\xccY\x8f\xefV\xd1+\x01\xb4#\
3\xa0\x04\xb4\x99/B\x02\x1c\xc2-\x01\x98\xb13J\
\xc0\xd1\xd8m\x09\xd0\x9f\xcf\x1b\x1b\xfa\x18\x0aD\xdf\x88\
\x8a\x0a6ev\x08R\x02b\x1e\x9e\xbaI\x87\x8b\xbd\
\x8f\xc9\x9cE#\x1f\x01\xf0\x93\xc3\xeb1\x14P\x02\xec\
\xe4)\x01\xa9qK\x00\x80l\x0f>J@\xfc\xb8\x08\
\x09PYW\xf4M\x7f\xc6\x9f\xb1\xfcL\x00\xcf\xaf\xad\
\xa9\x11J@\x9bc\xcf\x84\xcd5\xcf\x1d\x9f\xb7\xf4=\
\x86\x9e\xd6\x90\xd5\xa8\xaa\xa7kj\x09J@\xa6cw\
\xcc~Z\x8dSr\xdc\x13\x00\x80\x12`hwN\x02\
T\xbf2\x7f\xd3\x96\xbfG\x81\xec\xb9h\xd5\x02\xf5\xe4\
\xca@\x92\x12\x90\xc3\xd83aC,*W\xed\xfb\xf0\
\x8ac\x0d=\xad1\xf7}#\xdfP\xc5Wj\x09J\
@\xa6cw\xcc~Z\x8dSb\xdc\x14\x00\x80\x12`\
hwH\x02\x0e\x8a\x87\xf3Q0\x15L\x0f\xc3\xc7\xa2\
\xcc.\xd4\x94\x80\xc8\x5c\xc3>\x16z\x07\xfc\xcb\x0d\xbd\
\xacR\xf5\xfdu\x00\x0e\xd4\x12\x94\x80L\xc7\xee\x98\xfd\
8\x88\xbb\x02\x00P\x02\x0c\xed.H\x80\x02\xb7\xcc\xbb\
\xf9\xc9_\xa0@\xc6.X\xf6\x1c\x85\xbc\xaf\x96\xa0\x04\
\xcc`]\x02\xce\x1a\xbfy\xa8\xf9K\x97,r\xcc9\
\xa3\xbf\x02pK I\x09\xc8t\xec\x8e\xd9\x8fc\xb8\
'\x00y\x1e|\x94\x80\xf8q~\x120\xea\xf7\xf6^\
\x83\x82Q\xc8\xcd\x00fE\x14E\xe7(\x01\x09\xc7\x9e\
\x09\x8f\xc6=P\xd9d\xe8a\x95\xa9\xbe\xe9\xab\xe1\xe3\
\xa9@\x92\x12\x90\xe9\xd8\x1d\xb3\x1f\x87pO\x00\x00J\
@\x8c\xf5\x95U\x02Dq\xc9\xc2\x0d\x8f\xeeE\x81\xec\
\xbbp\xf9\xc9\x10\xf9\x8b\xac\x0e3J@\xd2\xb1g\xc2\
\xa3s\xbd|\xe2\xa6\xe5\xaf1\xf4\xb0\xc6\xe2w\xed\x18\
\x13\xe8ei\xf6F\x09\xc8)O\x09\x88\xc4M\x01\x00\
(\x011\xd6WB\x09\xf8\xe1\xdc\x05[\xeeE\x81\xe8\
\xf0I\xbd\x80l<\x9ah,0u\x8a\x91\xa3\x04$\
\x1c{&<\x1a\xdf\xac\xb7\x9e8\xdb\xd0\xc3\x1a\x03;\
G\xee\x05\xf0}J\x00%\xa0,\xb8%\x00\x8dwi\
\xa2\x04D\xae\xafL\x12\xe0A\xd6\xc8p\xb1\xf7\xe2\x1a\
\x9b\xdc}.\x80g\x05\x92\xa6\xf5\xe6u\xc0R\x02\x8c\
\x87\xa7B\x9f11=~\x8e\xa1\xda\x1a2\x0c\xdf\x83\
\x7f.\x00\xa5\x04P\x02\xca\x80[\x02\x00\xc4>\x98(\
\x01\xc8\xf6\xb1\x88\x8a\xdb\x96\x00}`\xee-O\xfc?\
\x14\xc8\xd8\xfa\xa1%\x0a\xb94\xe2kk\xc3\xa1\x04\xe4\
0\xf6L\xa8\x00T.\x9b\xd8\xb4h\x99\xa1\xda\x1a\x03\
\x1f\x18\xfd.\x80\xcf\x1d^TC#% \xd3\xb1\x0b\
\xd9\x8f\xef\xd6\x91\xe9\xd6n\x8e@\x09H\xbc\xbeN\x96\
\x00\x05\xa6\xfc\xaa_\xf8\xb7\xc0U\xbdY\xd7\x02\x98\x0f\
\xb4\xbaP\xb7\x88\xe3\xe6(\x01\x09\xc7\x9e\x09\x15s\xd5\
\x9fu\x95\xa1\xd2*\x9e_9\x1f\xc0\x04\x00J\x00\xdc\
\x93\x00\x97pS\x00\x00J\x801.\xa7\x04\x08p\xc3\
\x82\xdb\x9f\xfa\x0d\x0ad\xf7\xba\xe5/\x10\xd53\xeas\
\x94\x80\x185\x81\x9c\x15\x098cb\xe3\xd2\xdf7T\
Zc\xe0\x9c'\xb7\xa8\xa2\xad\xcf\x89P\x02r\xcaS\
\x02\x02\xb8+\x00\x00%\xc0\x18\x97K\x02\x04\xd82\xd5\
{\xe8F\x14\x8c\xf4x\x9b\x01\xf1\xe2_\xa8\x1b\xe2\xbc\
\x0eXJ@c\xce\xf3\x81[T\x1bOJ\xbb\xcc9\
\xd4\xb3\x01\xc0Qi\xa5\x04P\x02:\x10\xf7\x04 \xe5\
\xc1D\x09@\xb6\x8fET\x1cS\x02\x14r\xc1\xd2\x8d\
#\x13(\x90\xbd\xeb\x8f\xfb+Q\xfc\xc9\xe1\xa8\xf9\x80\
\x8d\xfd\x99\x00J\xc0\x0cyK\x80\xfc\xe1\xc4M\xcb\xff\
\xcaPe\x0dY\xb7eJ\xa1\xc1_[Q\x02(\x01\
\x1d\x86{\x02\x00P\x02b\xc5\xa5\x90\x80\xef\xce\xbb\xed\
\x89\x07P \xbave?\xa0\xd7\x07\xb3mH\x17Y\
\xd7\x84\x00\x00 \x00IDAT@\x9c\x1aJ@\x9b\
c\x03\x0a\xbda\xdb\x8dC\x83\x86*k\xcc\xfd\xc0\xc8\
\x03\x00\x82\x1f\x5c\xa5\x04P\x02:\x087\x05\x00\xa0\x04\
\xc4\x8a;Z\x02|\xf1\xe5\xdc\x90c\xcc\x1a\xfb*\xb8\
\x10\xc0\xf1q\x0eX~& FM \x97\xab\x04\xac\
\x1cD\xa5\xf0\xef\x8b\x10\xdf[\x83\xc6?P\xa6\x04\x94\
W\x02\x0a\xfd#\xe4\xecqK\x00b\xde\x07 *\xa6\
\x04 \xdb\xc7\x22*6\xb7\xdd;\xff#O|\x1f\x05\
\xb2\xf3\x82\x15+\x01\xac\xaf%(\x01\xa9\xc6)L\x02\
D/\x98\xda\xb8\xecxC\x855\x06\xcf\xd9\xfaC\xa8\
\xdc\xdb\xd4@\x09(\xaf\x048\x84[\x02\x00dv0\
Q\x02\x90\xedc\x11\x15\x07\xdadl\xd6A\xef2\x14\
LO\x157B\x11|\x1b9K\x09\xc8\xeb\x80\xa5\x04\
\x1c\xc9\xf5O7\xfd\xfa\xc6>\xda\xe3_\x02E\xf3\xed\
\xab)\x01\x94\x80\x82qL\x00f\xb6C\x09H\x11w\
\x90\x04\x88\x7f\xf5\xe0\x9d\xbfy\x0a\x05\xb2o\xfd\x8a?\
\x04\xe4M\x00R\x1d\xb0\xfc``\x8c\x9a@./\x09\
\x90\xbf\x1a\xdb\xb8\xecO\x0c\xad\xd6\x98\xfb\xbe\x91Q\x00\
\xd7f\xb57J@N\xf9.\x94\x00\xc7\x04\x00h\xe7\
\xa05\xc5\x94\x00d\xfbXD\xc5>~5_\xfan\
A\x81\xe80<U\xb9\x05\xf5W\xd4<% N\x0d\
%\xa0\x9d\xb17\xeb\x83\xa8\x18Z\xad1\xb8\xf3\xd8\xcd\
\x00~A\x09\x08IS\x02\x0a\xc1A\x01\x00(\x01\xed\
\xc4\xc5J\x80\x02\xeb\xe4\xb6G\x0e\xa0@\xc6\xf6\xae<\
\x03\x8a\xe6\x9b\xc9\xe4%\x01\x89\x0f\xcavj\xbaR\x02\
^0\xf6\xf8\xf23\x0c-\xd6\x90\xe1\x87\x0f\x0a\xf4\xfc\
\x99\xf54C\x09\xa0\x04\x14\x80{\x02\x90\xc1Ak\x8a\
)\x01\xc8\xf6\xb10\xc6\xfa\x8d\x05\x1f}\xe2+(\x90\
\xed\x17,\x9a\xab\x82\xc3\xb7\x93\xcd\xe8\x80\xa5\x04\xc4\xa8\
\x09\xe4\xb2\x97\x00Q\xbdf\xd7\xf5\x0b\xe6\x1b\xaa\xad1\
x\xf6\xc8W\x00|\x1d\x00%\xa0\xac\x12\xe0\x18\xee\x09\
\x00@\x09\xc8$\xb6.\x01U\xbf\x825(\x98Y\xd5\
\xbe\xcb\x00\x1c\xfdB\x19\xdb\x12\x90\xd7\x01K\x09X\xd2\
[\xe9\xbf\xd4Pi\x15\xf5d-\x80C\x87\x03SA\
Dl\xc8Q\x02r\xcaw\x81\x04\xb8)\x00\x00% \
\x93\xd8\x9e\x04(\xe4#\x0b?\xbc\xe5'(\x90=\xe7\
\x1f\xf7\x0c\xf1\xd1\xfc\x95\xb26% \xd6\xd8Y\xd5t\
\x97\x04(\xf4\xdc}7\xadx\x96\xa1\xd2\x1as\xdf\xff\
\xd4\xcf\x05\xf8X-A\x090\xa7)\x01VpK\x00\
R\x1edIcJ\x00\xb2},\x80\xdd\x15\xafz%\
\x0aF\xa6\xb1\x09\xc0\xec\xe4\x07UX\x0d?\x18\xd8a\
\x12\xd0\xeb\xf9\xd5\x8d\x86*\xab\x1c\xaa\xf4^\x01\xc5\x8e\
Z\x82\x12`NS\x02r\xc7-\x01\x00(\x01\xb9\xc4\
\xf9J\x80\x08.\x9bw\xfb\x93;Q {\xceY\xf1\
r@O\xae%\x8a\x96\x80\xcc\xe6\x8fS\xd3=\x12\xa0\
\x90\x93\xc7oX\xf6\x17\x86*k\x1cs\xd6\xe3\xbbU\
1\x1cHR\x02\xcciJ@\xae\xb8'\x00\x00% \
\x978\x1f\x09P\xc5\xcf\xe6\x0d=q\x07\x0aD\x87\xd1\
\x03O6\xe5w\x08S\x02:J\x02\x047\xeb\x1d\x98\
e\xa8\xb2\xc6\x9ce\xdb>\x06E\xf0W^\x94\x00s\
\x9a\x12\x90\x1bn\x0a\x00@\x09\xc8%\xce^\x02<\xc1\
:\x19\xc64\x0ad\xdf\xee\x95g\x09\xf0<\x009\x1e\
\xc2\xfc``\x07I\xc0s&\xc6\x96\x9de\xa8\xb0\x86\
\xacFUE\xd7\xe4\xf5\xb3\xa5\x04\xe4\x94\xe7w\x01\x94\
\x08J@\x0eq\xa6\x12\xf0\xa5\xf9\x1f{\xe2\xeb(\x90\
\xbdkW.\x04py \xd9i\x12\x90vM\x94\x80\
\xd0\x1aU\x5c\xb1o\xe3\xf2E\x86\x0ak\xcc={\xe4\
\x1b\x0a\xfd\x12% ^\xbec$\xc0!\xdc\x13\x80\x8c\
\x0e\xb2\xa41%\x00I\x1f\x8b\x83\x02\xbd\x00E\xe3\xeb\
U\x00\x8eM\xfcX\xc4\xcde)\x01\x99\xcc\x1f\xa7\xa6\
+$`\x81(\x0a\xff\xe0\xe9\xac*\xce\x03p\x80\x12\
\x10/O\x09\xc8\x16\xf7\x04\x00\xa0\x04\xa4\x9d;Q\xdc\
\xa6\x04\xa8n\x9a\x7f\xc7\x96_\xa2@\xc6\xce^\xf5\x5c\
@\xdeSKt\xba\x04d6\x7f\x9c\x9an\x90\x00=\
s\xfc\xc6\x95\xcf7\xb4Z\xa3o\xed\xc8\xa3\x006\x1f\
]S\x1d\x94\x00s\x9a\x12\x90\x19n\x0a\x00@\x09H\
;w\xa28\xb5\x04\x8c\xf8\xd2{\x1d\x0a\xc6\x17\x7f\x13\
\x14=\x81$%\xa0\x0e\xe7%\xa0\xa2\xe2o6\xb4X\
ejj\xfa\x1a\x00\x87\xbf\xfc\x8a\x12\x10+O\x09\xc8\
\x06\xb7\x04\xa0\xf1\x03\x1a\x94\x80ts'\x8a\x93K\x80\
*.^x\xe7\xa3\xcd_\x8fj\x91}\xe7\xac<\x05\
\xc0+\x0e/\xa8\xa1\xb1\x0c\x12\x90\xd7\x01\xdbm\x12\xe0\
\xeb\xcb\xc66.{\xbd\xa1\xc5\x1a\x8b/\xdc1\x06\xc1\
\xd1\xbb\x14R\x02b\xe5\x0b\x91\x00\xc7pK\x00\x10\xe3\
\xa2C\x09\xc8!N$\x01\xffq\xcc\xca'>\x89\x02\
\xd1\xe1\x93zU\xb1!\x98l,J\x18\xc7\xcde%\
\x01&(\x01\xa9\xc6\x16\x1f\x1bu\xf8\x84>Cok\
\x0c\xee\xdc\xf6I\x00\xdf\xab%(\x01\xb1\xf2\x94\x80\xf6\
pN\x00\x00J@c\xdcA\x12\xa0\xbeb\x8d\x0c\x17\
\xfb\xc74{w\xed9\x0f\xc033\x7f,\xe2\xe6\xb2\
\x92\x80\xcc\xe6\x8fS\xe3\xae\x04(\xf0\xb4\xb1\xfe\x03k\
\x0d=\xad!\xc3\xf0=\xcf_\x83\xfa\xd5Q\x02b\xe5\
)\x01\xe9qR\x00\x00J@c\xdc\x09\x12\x00\xe0\xfe\
\x85w?\xf1m\x14\xc8\xf8\xb9O\x1b\x82\xcaE\xb5\x04\
% A\x8d\xbb\x12 \x1e.\x99\xd8p\xdcrCO\
k\x0c|`\xf4\xbbP\xb9?\x90\xa4\x04\xc4\xcaS\x02\
\xd2\xe1\xac\x00\x00\x94\x80\xc6\xb8P\x09\x00\xa6T{.\
i\xcaZ\xa6Z\x9d\xde\x00\xc5\xbc\x5c\x1f\x8b\xb89J\
@\xaaqr\x91\x00\xc5\x9c\xaaW\xbd\xd6\xd0\xcb*^\
\xb5r\x01\x80\x89@\x92\x12\x10+O\x09H\x8e{\x02\
\x10\xf5$\xa7\x04\xa4\x9b;QlX\x9f\xea\xf5\x0b\xee\
\xf9\xf5oP {\xde\x7f\xfc\xef*\xf0\xf6\xc3\xeb\xc9\
\xf9\xb1\x88\x9b\xcbR\x02\xf2:`\xbbD\x02D\xf5\xb4\
\xbd7\x0e\xfd\x0fC/k\x0c\xac\xdb\xf2\xa4\x0074\
5P\x02b\xe5)\x01\xc9pO\x00\x00J@D\x5c\
\x80\x04<1U\xf1\x0b\xfd\x166\x05D\xe0\xdf\x02\xc0\
\xab_\x9bS\x12`\x82\x12\x90dl\xf1\xb4\xb2Y\xb5\
\xf1\xf4\xb3\xcb\xc0t\xcf\x8dP<\xd6\xd4@\x09\x88\x95\
\xcfU\x02x+\xe0\x92@\x09h\x19\xdb\x94\x00QY\
\xbf\xfc\xce\xad\x93(\x90}\x1fX\xf9V\x05^lz\
\xec\x9c\x92\x80\xcc\xe6\x8fS\xe3\xa2\x04\xe8\x8b&nX\
\xf66C\x0fk\xc8\xba-S\xaazQ~?\xb7\xe6\
\x1c% A\xde!\xdc\x12\x80\x88\xfb\x00P\x02\x82\xb1\
%\x09\xf8\xd7\xf9\x1f\x7f\xfc\xf3(\x90\xad\xefY>\xa0\
*\xd7\xd4\x12\x94\x80\xf4\xfd\xba@\x02Tp\xdd\xe8\xf0\
\xe29\x86\x1e\xd6\x98\xbbf\xe4s\x00\xbeE\x09H\x9f\
\xa7\x04D\xe3\x96\x00\x00\x91O<J@0\xceY\x02\
|\x81\x9e\x1brDX\xa3\xbfR\xb9\x18\x8aU\x81d\
7H@^\x07\xac\xfb\x12\xb0\xa2\xbf\xbf\xe7\xa2\xe6b\
\xcb\xf8\x955\x00\xaa\x94\x80\xf4yJ@k\xdc\x13\x00\
\x80\x12\x90p\xac\xbc\x0e>\x15\xdcs\xcc\xc7\x9f\xf8\x01\
\x0ad\xe7Y\xcb\x8f\x13\xc1\xba\xc3\x0bjht]\x02\
\xd2\xae\x89\x12\x00\x08\xd6\xef\xbdn\xe5\x89\x86jk\xcc\
Y\xfb\xe4\x8f\x14romM\x8dP\x02b\xe5)\x01\
\xe1\xb8)\x00\x00% \xe1X9\x1c|c\xd3\xbew\
9\x0a\xa6\xa2\x95\x9b\xa0\x18\xa8%\xbaQ\x022\x99?\
N\x8dS\x120\xdb\xeb\xa9\x16\xfe}\x15\xe8\xf5/\x05\
p\xf8\xb6\xd9\x94\x80\xd4yJ\x80\x19w\x05\x00\xa0\x04\
$\x1c+\xcb\x83O \x1fZ\xf2\x89\xc7\xb6\xa1@\xf6\
\xbdw\xd5\x1f\x038\x15@\xc8c\xd5\x18;*\x01\x99\
\xcd\x1f\xa7\xc6!\x09\xf0q\xea\xf8\x86\xe5\x7fn\xa8\xb4\
\xc6\xdc\xf7\x8d\x8c\x02\xb8\xba\x96\xa0\x04\xa4\xceg\x22\x01\
\x8e\xe1\x9e\x00$\xbc\x18S\x02\x82qF\x07\xdf\xaf\xe6\
\xcf\x99u\x1b\x0aD\x87\xe1\xf9\xd0[P\x7f\xb5\xa2\x04\
d0\x7f\x9c\x1aw$@\xa1\x9bt\xb8\xe1\x1b#-\
3\xb8\xfb\xd8[\x01\xfc\xa2\x96\xa0\x04\xa4\xceS\x02\x82\
\xb8'\x00\x00%\xa0\xcd\xb5\xb5{\xf0\xa9`\x8d\xdc\xf6\
\xc8\x01\x14\xc8\xdem\xab\xfe\x1a\xc0\x0b\xe3=V\x8d\xb1\
\xc3\x12\x90\xd7\x01\xeb\xae\x04\x9c4\xde\xbf\xec\xdd\x86*\
k\xc8\xf0\xc3\x07Et} I\x09H\x9d\xa7\x04\x1c\
\xc5M\x01\x00(\x01m\xae\xad\x8d\x83\xef\x9f\x16\xde\xfb\
\xf8\xdf\xa1@v\x9e}\xe2<@\x87k\x09J@\xfb\
k\xean\x09\xb8f\xdf\xb5+\x8e5TYc\xf0\x9c\
\x91\xaf\x02\xf8\xfb@\x92\x12\x90:O\x098\x8c[\x02\
\x10q\x1f\x00J@\xb2\xb1R\x1c|\xd3\xeak\xa1\xdf\
\xaa\x06\x00=\x07\x0e\x0cC\xb14\x90\xa4\x04\xb4\x86\x12\
\xd0\xaa\xdfB\xa9\xf8\x1f4TXE}Y\x07\xe0P\
0i*\x8c\x88S\xd6P\x02\xdc\xc3-\x01\x00\xda\xbe\
\x18S\x02\x82q\xc2\x83\xef\xf6\x85\x9f~\xe2\xa7(\x90\
\xbdg\xad<Q\x05g\xcd\xac'\x08% \x87\xf9\xe3\
\xd48!\x01\x1f\x18\xbb~\xe9I\x86\x0ak\xcc]\xfb\
\xd4\xcf\xa1\xf2\xd1\xa6\x06J@\xea|\xb7K\x80{\x02\
\x00P\x02\x8a\x91\x80]\x15T\xafB\xc1\xe8!\xef\x16\
\x00\xb3\x8f&\x1a\x0bZ\xc4\x94\x00J@xM\x0f \
\x9b\x0d\xadV\x99\xee\x9d5\x0c\xc5\x8e\xa6\x06J@\xea\
|\x22\x09\xe0w\x01\x94\x04J@\xa6k\x8b:\xf8T\
\xf4\x83\xf3>\xf5\xe4N\x14\xc8\x9e3W\xfd9D_\
\x95\xcdc\xd5\x18;,\x01y\x1d\xb0\xaeI\x80\xe0\xcf\
\xf6^\xbf\xf4/\x0d\xad\xd68\xe6\xac\xc7w+p\x85\
]yk\xceu\xb5\x048\x84\xbb\x02\x00P\x02\xecI\
\xc0\xcf\x16\xfc\xe6\x89\xbbP :\x8c\x1eQ\xddt4\
\xd1X\x90 \xee6\x09H\xbb\xa6.\x94\x00O\xb0Y\
o=q\xb6\xa1\xd5\x1as\x96o\xbb\x03\xc0\x8f)\x01\
)j[\xe4\xbbQ\x02\xdc\x13\x80\x8c/\xc6\x94\x80`\
l:\xf8\xc4\xd3\xb5\xf2\x7f1\x8d\x02\xd9\xf3\xe4q\xe7\
\xa8\x22\xf8;ZJ\xc0\xe1\x92$\x17\xcd\xb6\xe7\x8fS\
Sf\x09\x90\x13'\xa6\xc6?`h\xb1\x86\xacFU\
\x05k\x0e\xaf\xc7P@\x09H\x9d\xef6\x09pO\x00\
\x00J\x80M\x09\xf0\xf5\x0b\xc7|\xf2\x89\x7f@\x81\x8c\
\x9d\xb1t\xb1\x00\x97\x01\xc8\xf6g\xdfm\x12`\xf50\
)\xaf\x04\xa8\xca\x15\xe37,^\xda\xdcb\x8f\xb9\xe7\
n\xfb\xa6B\xbfxxA\x86\x02J@\xea|7I\
@\xa1w\xb8\xca\x15E\xf0\xf9\xd7f\xac\x0aH\xaa\xfe\
\x82\xdaI\x91\xc1zj\xe9v\xc6\xcb`m*\x80\x00\
\x07D\xe5|\x14\x8cV+>*\xf2gG\x13\x86\xa2\
YI\x06\x0c\xf9w`,\xf3\x0d\x06[\x8e\xd5r\xbc\
\x84\xc4\xbaP\x1e\x0a\x8c\x1d\xeb\x1a\x96\xe4\xc2\x9at\xdd\
\x19\x8f\x1d(\x89;v\x16\x8f5\x80\xeat\xef\xa1\xe6\
\xac]f)\xd6O\x0b^\x05`v\xd3k\x14h~\
\xdd\x9ar\x19\xd54]\x1fk53\xd7\x98\xac\xe7\x8f\
\xdb7e^U \xd2h:\x86\xfe%\xc7-\x01\xf0\
\x91\xe9\xa1O\x09h\x1d+p\xf3\x82\xfb\x1e\x7f\x14\x05\
3\xf3\xe1\xc3B?\x80H\x88m\xfa\xd6\x8e<:~\
\xcb\xb2\x9b\xa1z1\x80\xf8\x07\x22% V\xde(\x01\
\x8e\xe1\xde\xaf\x00\xa2\xfe\xcb\xa8\xcd\x98\xbf\x0e\xa8\xf5\x18\
Q\xf4^\x0fBHaL\xf6L_\x0b`k-\x11\
\xf7\x9d\x908\xef \xa5\xa8\xe9\x8a_\x078\x84{\x02\
\x00P\x02\xecH\xc0\x85\xc7~\xf6\x91} \x84\x14\xc6\
\x92\xf7o\x1f\x87\xe2\xd2\xe0\x7f\x8a\x1b\x0a)\x01\xa9\xf3\
.K\x80[\x02\xe0\x03Y\x1f\xb2aq\x97K\xc0C\
\xc7<\xf3\xf1O\x83\x10R8\x83k\xb6}\x12\x8a\xef\
Q\x02b\xe6R\xe4]\x95\x00\xb7\x04\x00\x08>\xc9(\
\x01\xf1\xe3\xf8kS(\xd6\xc8\xb0k\xf7\xc4\x22\xa4\x9c\
\x88@=\xdf?\x17\x0a\xa5\x04\xc4\xcc\xa5\xc8\xbb(\x01\
\xee\x09\x00@\x09H;^\x9c\xb5\x09>\xbb\xf0\xfe\xc7\
\xbf\x03BH\xc70p\xde\xc8\xbf\x01\xb8\xaf\xe9\x80\xa5\
\x04$\xafM\x93/)n\x0a\x00@\x09H;^\xeb\
\xb5\xedWT/\x06!\xa4\xe3\xf0*\xdeE\x10\xec\xa7\
\x04\xc4\xec\x9b6\xef\x10\xee\x0a\x00@\x09H;^\xf8\
\xda\xee:\xf6\xb3On\x01!\xa4\xe3\x188\xe7\xc9-\
\x02\xf98\x80\xe6\x03\x96\x12\x90\xbc\xb6U\xde\x11\xdc\x13\
\x00\xe3\x93\x83\x12\x9086\xac\xadR\xf1o\x05!\xa4\
c\xa9V\xe5\x96Z@\x09\xa0\x04D\xe0\x9e\x00\x00\x94\
\x80\xfatv\x12\xf0\xd0\xfc\xcfly\x04\x84\x90\x8ee\
\xdeyO\xfe\x02\xc0\x8fj\x09J\x00%\xa0\x05N\x09\
@\xe0c\xe9\x94\x80\x8c%\xc0\xfb'\x10B:\x1f\x91\
\x7f\x0e\xc4\x94\x00J@\x08N\x09\x00\xfc\x86\x9f\x11%\
 3\x09P\xe0\x87 \x84t>\xaa\xcd\xafUJ@\
6\x12\xe0\x18n\x09\x00p\xe4\xb0\x0a\xc4\x8d\xed\x94\x80\
\xe4\xb1\xf8>?\xfcGH\x09P\xd5-\xe1\x87\x1d%\
 V\xaeU\xde!\xdc\x13\x00\x80\x12`\x88\xdb\x96\x80\
Je\x0c\x84\x90\x8eG\xa4\xb2\x17@\x8b\xc3\x8e\x12\x10\
+\xd7*\xef\x08n\x0a\x00@\x090\xc4\xedH\x80\xfa\
:\x00BH\xc7\xe3C\x07k\x01%\xc0\x0c%\x00\x80\
\xcb\x02\x00P\x02\x0cqZ\x09\x10\xf8\x8b@\x08\xe9x\
*U,\x0e$(\x01f(\x01\x0e\x0a\x80\xe9\xbf^\
#\xda)\x011b\x95\xe7\x83\x10\xd2\xf9x\xfe\xf3\xe3\
\x1f\x94\x94\x80X\xb9V\xf9\x12\xe3\x9e\x00\x00\x94\x80\x18\
q\x0a\x09\xf8#\x10B:\x1e\x85\xbch\xe6\x1f\x8d\x0d\
\xa6bP\x02b\xe6\x00\xb8\xf6\x15hn\x0a\x00@\x09\
\x88\x11'\x94\x80?\xdf\xf3\x96U\x0b@\x08\xe9X\xf6\
\x5c\xb7j\x01\x14/\xaf%(\x01\xd15q\xfb:\x88\
[\x02\xd0hg\x94\x80\xc88\x81\x04\xf4j\x15o\x03\
!\xa4c\xe9\xe99\xf4\x0e\x00\xbd\x81$% \xba&\
n_\xc7pK\x00\x80X\x07\x1f% \x18\xc7\x95\x00\
\xf5\xe5\x82_\x9f~B\x1f\x08!\x1d\x87\x0e\x9f\xd0\xa7\
\x82\xf5\xe1\x87g\x8b\xb8\x96\xa3\x04\xc4\xca9\x82{\x02\
\x00P\x02R\xc41%`\xe5\xfcq\xbd\x0c\x84\x90\x8e\
cb\xee\xfea\x00+\x80V\x87g\x8b\xb8\x96\xa3\x04\
\xc4\xca9\x80\x9b\x02\x00P\x02R\xc4\xb1$@p\xc1\
\xae7\xaez1\x08!\x1d\xc3\xd8\x0dK_\xaa\xbe\xac\
\xaf\xcfQ\x02R\xce\x1f\xb7\xaf\x03\xb8+\x00\x00% \
E\x1cC\x02z\x00\xf9\xd2\x8e7\x9c\xf0[ \x84\x14\
\xce\xd8\xf5KO\x82\xc8\x17\x01T\xe2\x1f\x9e-\xe2Z\
\x8e\x12\xe0:\xee\x09@\x8a\x83\x8f\x12\x10\x8ccH\xc0\
\xb1\x9e\xa7\xdf\xe1;\x01\x84\x14\xcb\xde\x0dC/BE\
\xbe\x09\xe0\xe8_\xe8P\x02\xb2\x99\xbfU\xde\x11\xdc\x13\
\x00\x80\x12\x90\xc1z\xe2H\x00 \xff\xb0\xf3\x8d\xc7\xaf\
\xd3aG\x9fG\x84t(\xfa *\xfb6,=\xdf\
\x13\xef\x9b\xd0\x86;\xff\x01\x94\x00J@,\xdc\xbdp\
S\x02\xda^O\x0c\x09\xe8\x17\xe0\xa6\xdd\x0f\x1f\xff\xfd\
\xddo<\xee5\xda\xf4*$\x84d\x89*d\xdf\x86\
\xe5\xaf\x1b\x7fl\xd9\x0fD\xe4\x06\x00\x87\xff*\xa7\xad\
\xc3\xb3E\x5c\xcbQ\x02\x5c\xa4\xa7\xe8\x05d\x8a\x8f\xa0\
\xd2(\x82\xcf\x89\x18\xb1J]\xcaX/\xa8\xd9B\xc2\
\xb1\x93\xc4\xaa3S%\xee\x9f\xed\xfaj\xe9\xd6\xf5\xbf\
\xab\xf0\xbe\xbc\xfbM\xc7\xfff\x17\xf0 ||\xcbG\
\xf5G\xc7~~\xcbVq\xf6\xa5CH\xfe\xe80\xbc\
\xa9\xfe\x15\xcb\xa7U_\x00\xc1K\xc7o\xd0\xd5\x02=\
\xae\xe9\xf5\x084\xbfF\x0d\xb9\xa6\xeb\x8a\xa9_\xe88\
3\xd7\x96\x98s%\x1b;\xab}\xd4\xad1\xcb\xf9[\
\xe5K\x8c[\x02\x00dr\xf0Q\x02\x82qL\x09\x00\
|\x1c\x0f\xc1\xf9\x10\x9c\xef\xa1\x82\xdd\xab\x8f\xc7.\xc1\
\xeeZ{\xe0AE\xf3\x8b)F,\x11\xed\x89\xe2\xd0\
\xf7\xbfZ\xafO\x1a\xe2\xcc\xd6#q\xda\x8e\xae\xedH\
J\x15\xf7\x1c\xf3\xe1-\xe7\xc3\x22\xfb\xd6\xaf\xbc^\x81\
\xf74_\x10\x9b\xdf\x07j\xbaP\x03\xd1\x8fE\xdc\x5c\
\xaa\x1a\x8d\xf7\xde\xa7a\xec\xa6\xbd\xe4\xb2\xb7\xda\xcfX\
\xc6\x81c\xa0~\xbc\xd7_\xcc\x1c% \xe5\xfc\x80s\
\xb7\x02vO\x00\x00J@\x91\x12\xd0\x1c/8zR\
\xb5\xbf\xb6\xe8\x9fK\x82\xd8o\x88\x8f,-b}m\
<\x16\xf1\xe3\x18?\xd7#\x8f\x85\x08\xfaa\x19U\x0c\
@\xb0\xa0\xf9B)3O\xda@m\xbc\x03\x07\x86\x5c\
.\x87\x89\x00~\xb3\xa8\xc4\x99?\xf2\xf5\x98v\x8d\x81\
\x5c\xc8\xf3/\x93\xb1C\xf6\x91h\xec.\x97\x00\x87\xe0\
g\x00Z\xc4\x1a\xd1^{vd0W\xab\xb8D\x9f\
\x09\x88\x8e3X[\xf4\xcf%\x8b\xb8\xf5\xfa2y,\
\xa2\xe2\x18kk,)\x84\xa6EH\xf4s\xd8\xd8/\
fM\xd4c\x18\xab\xa6y\x8dq\xc7\x8e|=\xc6\x1c\
\xa7u.\xe4\xf9\x97\xc9\xd83a[cK\x8c\x9a\xb4\
c'\xab)\xe43\x01\x8e\xe0\xae\x00\x00\x94\x00d\xbf\
>J\x00\xb2},\xa2\xe2\x18k\xeb\x88w%\xb3\x92\
\x00\xab\x87\x09%\x80\x12\x90r~GpO\x00r\xb8\
\x18S\x02\x821%\x00\xd9>\x16Qq\xd4\xda\x8a\x22\
\xc5\x01K\x09\x88Q\x13\xc8Q\x02\xe2\xd6P\x02\x92\xe3\
\x9e\x00\x00\x94\x00cL\x09\xa0\x04\xe4\x00% \x83\xf9\
\xa3r\x94\x80\xb85\x94\x80d\xb8)\x00\x00%\xc0\x18\
S\x02(\x019\x90\xa7\x04\xe4u\xc0R\x02(\x01i\
\x1f7\x87pK\x00r>x)\x01\xcd1%\x00\xd9\
>\x16Qq\x9c\x8bV\x11\xe4%\x01q\xe6\x8a5\x7f\
\x9c\x1aJ\x00% \xc6\xfc\x0e\xe1\x96\x00\x00\x94\x80X\
1%\xc0)\x09(\xe2S\x80\x19\x1d\xb0\xfcu@\x8c\
\x9a@\x8e\x12\x10\xb7\x86\x12\x10\x8d{\x02\x00P\x02b\
\xc5\x94\x00\xa7$\xa0\x08(\x01\xcd%\x94\x00P\x02\xca\
\x83\x9b\x02\x00P\x02b\xc5\x94\x00J@\x9b\xd8\x96\x80\
\xbc\x0eXJ\x00% \xce\xd8\x1d\xf17\xb7\xd9\xe1\xae\
\x00\x00\x94\x80X1%\x80\x12\xd0&6% \xd6\xd8\
Y\xd5P\x02(\x01\x86~\x0e\xe1\x9e\x00X8\xf4\x1b\
cJ@0\xa6\x04 \xdb\xc7\x22N\x5c4\xb6% \
\x93\xf9\xe3\xd4P\x02(\x01\x86~\x8e\xe0\x98\x00\xccl\
\x87\x12\x90\xa2?%\x80\x12\xd0&6%\xc0\xeaaB\
\x09\xa0\x04\x18\xfa9\x80c\x02\x00\xd8:h)\x01\xd1\
1%\x00\xd9>\x16qb\x9bdv1\xa7\x04P\x02\
\xda\x19;Y\x0d%\xe0(n\x09@\xed\x03\x1a\x94\x00\
J@0vZ\x02\x8a\xfc`R'H@^\x07,\
%\x80\x12\xe0\xe0\xa1_\x8f[\x02\x00\xe4v\x90%\x89\
)\x01\xc1\x98\x12\x80l\x1f\x0bS\x5c$EK@\xac\
\xb1\xb3\xaa\xa1\x04P\x02\xdc\xc19\x01\xd0\xda\xff\x00\x94\
\x00J@cL\x09\xc8\x88\xc6w\x1d:A\x022\x99\
?N\x0d%\x80\x12\xe0\x06\xce\x09\x00@\x09\xa0\x04\xb4\
\x8e)\x01\x19\x91\xd1a\x92\x99\x04X=L(\x01\x94\
\x80\xf2\xe3\xa4\x00\x00\x94\x00J@\xeb\xd8)\x09\xe8\xa4\
\xcf\x00P\x02(\x01.K\x00o\x04\xd4\xe1h\xc3?\
)\x01GCJ@ vJ\x02\x8a\xa4\x13% \xaf\
\x03\x96\x12@\x09p\x08\xf7\x04\x00\xa0\x04\xb4\x88)\x01\
\xc1\x98\x12\x90\x11\x9d&\x01i\xd7D\x09H8\xf6L\
H\x09(%n\x0a\x00@\x09h\x11S\x02\x821%\
 %i\xd6f[\x022\x99?N\x0d%\x80\x12P\
>\xdc\x12\x80\x16\x9fL\xa6\x044\x84\x94\x80@\x5cj\
\x09(\x92N\x97\x00\xab\x87\x09%\xc0}\x09p\xeb\xc8\
tk7@\xcb\x1f6%\xa0!\xa4\x04\x04bJ@\
J(\x01uP\x02\x9c\x96\x00~\x08\xb0\x04P\x02b\
\xc7\x94\x80`L\x09\x88I\xd4}\x00:Q\x02\xf2:\
`)\x01\xdd%\x01\x0e\xe1\xa6\x00\x00\x94\x80\x041%\
 \x18S\x02b\xd2\xeec\x117\x97\x95\x04\xa4]\x13\
% \xe1\xd83!%\xa0\xe3qW\x00\x00J@\x82\
\x98\x12\x10\x8c)\x011)\xa3\x04d2\x7f\x9c\x1aJ\
\x00%\xa0\xb3qO\x00\x12\x5c\x80(\x01\x0d!% \
\x10\x97J\x02\x8a\xa4l\x12`\xf50\xa1\x04P\x02:\
\x17\xf7\x04\x00\xa0\x04\xb4\x11S\x02\x821% \x84v\
?\x03@\x09\xa0\x04\x94P\x02\x1c\xfb\x0c\xa0\xa3\x02\x00\
P\x02\xda\x88)\x01\xc1\x98\x12\x10B\xd6\x8fE\xdc\x5c\
\x96\x12\x90\xd7\x01K\x09pV\x02\x5c\xc2-\x01h\xe3\
\xbfJ(\x01\x0d!% \x10w\xb4\x04\x14I\xd9%\
\xc0\x04% \x87\xb1gBJ@G\xe1\x96\x00\x00m\
]\x80(\x01\x0d!% \x10S\x02\x8e\x12p\xed\xb2\
K\x80\xd5\xc3\x84\x12@\x09\xe8\x1c\xdc\x13\x00\x80\x12\x90\
aL\x09\x08\xc6\x94\x80\xa3\xe4\xfaX\xc4\xcdQ\x02R\
\x8dC\x09HY\xe3\xd8\x87\x00\xdc\x14\x00\x80\x12\x90a\
L\x09\x08\xc6\x94\x80\xa3s;'\x01y\x1d\xb0\x94\x00\
w$\xc0!\xdc\x15\x00\x80\x12\x90aL\x09\x08\xc6\x1d\
%\x01\x85\xfcW\x89W[\x84S\x12\x90vM\x94\x80\
\x84c\xcf\x84\x94\x80BqO\x002\xbc\x00Q\x02\x1a\
BJ@ \xee(\x09(\x84\xa3ksN\x022\x99\
?N\x0d%\x80\x12P\x1c\xee\x09\x00@\x09\xc8q-\
\x94\x80`\xdc\x09\x12P\x08\x86\xb59%\x01V\x0f\x13\
J\x00%\xa0\x18\xdc\x12\x80\xfa\xb7B)\x01\xb9\xad\x85\
\x12\x10\x8c)\x01\x94\x80\xf6k(\x01\xa5\x90\x00\xc7p\
K\x00\x80\x90\x8b{\xfb1%\xa0!\xa4\x04\x04\xe2B\
%\xa0\xc8O&w\x83\x04\xe4u\xc0R\x02(\x01\x05\
\xe3\x9e\x00\x00\x94\x00J@\xf2\xb8\xec\x12P$\xaeK\
@\xda5Q\x02\x12\x8e=\x13R\x02\xac\xe1\xa6\x00\x00\
\x94\x00J@\xf2\x98\x12\x90\x9en\x90\x80L\xe6\x8fS\
C\x09\xa0\x04\xd8\xc1-\x01hu+`J@nk\
\xa1\x04\x04\xe3\xae\x91\x80\x18ksJ\x02\xf2<L(\
\x01\xe5\x90\x00\xde\x08\xa8\xc3\x89uqo?\xa6\x044\
\x84\x94\x80@lU\x02\x8a\x84\x12@\x09\xe86\x09p\
\x08\xf7\x04\x00\xa0\x044\xc5\x94\x80\xc41%\xa05\xb1\
\xfe\xe2\xc6a\x09\xc8\xeb\x80\xa5\x04P\x02,\xe2\xa6\x00\
\x00\x94\x80\xa6\x98\x12\x908.\x8d\x04\x14D\xac\xd7\x94\
\xa3\x12\x90vM\x94\x80\x84c\xcf\x84\x94\x80\x5cpO\
\x00\xe2\x1e\xf4\x94\x80\xdc\xd6B\x09\x08\xc6\x94\x00\x87%\
 \x93\xf9\xe3\xd4P\x02(\x01\xd9\xe3\x98\x00\x1c\xbd?\
y\x0dJ@CL\x09H\x1cw\xba\x04\x14\xfd\xc1\xa4\
n\x96\x80,\x0f\x13J@d\xaep\x09p\x0c\xc7\x04\
\x000>\x09)\x01\x0d1% q\xdc\xc1\x12 \x9e\
g\xff\x83\x00\xaa\xc19)\x01\x19\xcc\x1f\xa7\x86\x12@\
\x09\xc8\x0e\xb7\x04\xa0\xf6_B\x94\x00J@0vY\
\x02\xd4\xd7\xf9\xb0\x8d\xca1\xe9^S\x0eK@^\x07\
,%\x80\x12\x90\x13n\x09\x00\xd0\xfaIH\x09h\x88\
)\x01\x89\xe3N\x94\x00\xc1\x10,#\xa2KC\xd7c\
\xfaw vT\x02\xd2\xae\x89\x12\x90p\xec\x99\x90\x12\
\xd06\xee\x09\x00@\x09\xa8\x8b)\x01\xc1\xd8Q\x09X\
\x0e\xcb\x88bY\xdd\xfcA\xba]\x022\x99?N\x0d\
%\xc0\xba\x04\x14\xfdy\x9b\x8cqS\x00\x00J@]\
L\x09\x08\xc6\x0eJ\xc0o\x8d\x9e~\xc2RXb\xec\
\xbd\xcfX\xa2\xc0sZ\xac\xa7\xbb% \xb3\xf9\xe3\xd4\
P\x02\xacK\x80C\xb8+\x00\x00%\xa0.\xa6\x04\x04\
c\xc7$\xc0\x9b\x05}\x15,Q\xd5\x03'\x03\xf0\xd2\
=V\x8d1%\xa0\xfd\x1aJ\x00% \x1dN\x09\x80\
\x0f$;@(\x01\x0d1% q\xdc!\x12\xa0\xd0\
\xd5\xb0\x86\x1c\x9d\x8b\x12\xd0z\x9c\xbc\x0eXJ\x00%\
 \x03\x9c\x12\x00\xa0\xf1\xb0\xadO\x02\x94\x00J@c\
\xec\x8a\x04\x08\xf0\xca\xddg\xac|)rf\xd7{V\
\xbd\x18\x8aWD\xad'4\xee6\x090A\x09\xc8a\
\xec\x99\x90\x12\x90\x08\xb7\x04`\xe6\x03\x1a\x94\x80\xd61\
% \x18\xbb\x22\x01P\xef*\xcd\xf1\xcb\x01\x14\x90\x0a\
\xf4\xba\xd8\xeb\x09\x8b\xbbM\x022\x9b?N\x0d% \
W\x09p\x0c\xb7\x04\x00\x08^\xd4)\x01\xa11% \
\x18;\x22\x01/\xd9}\xfa\xaa\x0b\x91\x13{\xffz\xd5\
E\x0a\xbc8\xc1z\xc2cJ\x00%\x80\x12P8\xee\
\x09\x00@\x09\x88\x19S\x02\x82\xb1\x0b\x12 \x8akv\
\x9d\xb1\xea\xd5\xc8\x98=\xef9\xee\x15\x80^\x95\xe9\xcf\
\x9e\x12@\x09\xa0\x04\x14\x8a\x9b\x02\x00P\x02b\xc6\x94\
\x80`\xec\x80\x04x\xe2\xe3\xbe\xdd\xef8\xee5\xc8\x88\
\xdd\x7f}\xdck\xa0\xf27\x00*)\xd6C\x09h\x8c\
\xf3:`)\x01\x94\x80\x84\xb8+\x00\x00% fL\
\x09\x08\xc6\x0eH\xc0\x5c@\xbe\xb8\xeb\xf4U\x17i\x1b\
\x9f\x09P@v\xbdk\xd5\xc5\xa2\xf8\x22T\xe7&\x98\
\x9f\x12\x105v&\xf3\xc7\xa9\xa1\x04P\x02\xc2qO\
\x00Z]\xd4)\x01\xa11% \x18; \x01\x9e(\
\xae\xdb\xf3\x8eU\xdf\xdb\xf3\x8eU/GB\xf6\xbck\
\xd5\xcb\xf7\xbc\xeb\xb8\xef\x8b\xe8\xb5z\xe4:\x91\xe7\xcf\
\xbe\xdb$ \xb3\xf9\xe3\xd4P\x02(\x01fz\x8a^\
@.(\x82\xff\xdd3\x13+\x00\x09i;\xfc?\x1a\
\xec\x1bZ\x1b\xd1\x960\x0e\xae\xcb\xb0\x8e\x8c\xe7\x0b\x8b\
U\xeaR\xc6z;kS\x9d\x99*q\xffl\xd7W\
K\xb73^\x06k\x8b\xfe\xb9\xb4\x88\x81\xdfS\xc1?\
\xed>}\xd5\xb7\x01|\x1e\xf0\xbe\xba\xe0\x13\x8f=\x06\
\x03\xbbO?\xe1\x04\x88\xff\x1axz\xaaB_R?\
^&\x8fET\x1c\xe3\xe7\xda\xd6c\x11\xfdX\xc5\xcb\
5\xd5\xc8\xcc\x93\xb6\xae\xa4\xf19\x9c\xeb\xfc\xe9\xd6\x18\
w\xec\xc8\xd7c\xda5\x06r!\xaf\x8fL\xc6\x0e\xd9\
G\xa2\xb1g\xd6\xe7\x18n\x09\x80\x8f\xa3\xefiP\x02\
(\x01\x94\x80\xfa\xf8%\x00^\x02\xf8\xb7\xee>}\xd5\
\x93*\xb2E\xa0\xdb\x0e7\xcbR\x11]\x09\xf8+Z\
\xad\x8f\x12\xd0\xaa\xa6\x0d\x09@\x8a5Q\x02\x0a\x92\x00\
\xb7pK\x00\x80X\x17\x13J@\xeb\x98\x12\x10\x8c\x1d\
\x92\x80#\xac\x10\xd5\x15Gb\x09\xac\xa7\xf5\xfa(\x01\
\xadjRJ@\xda5Q\x02\x0a\x90\x008\x85{\x9f\
\x01\x00P\xb3\xea\xc6\x7f\xd7\xc5\xda\xa2-p\x22G\x8c\
\x13\xd9\x960\x0e\xae\xcb\xb0\x0eK\xb1F\xb4\xdbZ\x1b\
?\x13\x10\x8c\xa3\x7f.Y\xc4\xad\xd7\x97\xc9c\x11\x15\
\xc7X[\xae\x8fE\xdc\x5cS\x8dD?\x87S\x8f\x9d\
UM\xf3\x1a\xe3\x8e\xdd\xf5\x9f\x09p\x0c7\x05\x00\xa0\
\x04P\x022_\x1f%\x00\xd9>\x16Qq7J@\
&\xf3\xc7\xa9\xf9\xff\xdb\xbb\x83\x97\xb9\xae2\x8e\xe3\xbf\
3)\x95B\x12Q(\xad\xd8\x16\x05+Q\xf7\xae\xdc\
\xe8\xae\x08*n\x5c\x08\xdd\xb9\xb1\x7f@\x91\x06\xc9B\
,\xee\x04q\xe7\xaa\x0b7\xba\xd1E\xa9 b\x0b\x85\
\xba\x93j\xa4\x91.B\xdb\xbc\xa4\xd0\x8a\xb4\x15^\x9b\
d\x8e\x8b\x84\xd793\xf7\xdcs\xee\x9d\xe7L\xe6>\
\xe7\xfbl\xde\xfc\xe6>s\xcf\xc9\x99\xcc\xdcO\xce}\
\xf3\x06\x04\x80\x00\xcf\x00\x90@\x00\x080\x9f\x1f\x08\x90\
\xedZ\x94ro\x080\x1b\xbf\xa6\x07\x04\xf4\x8e\x00\x7f\
\x00\x98\xf1a\x02\x02\xc63\x08H3\x08\x90\xedZ\x94\
2\x08\x00\x01 \xa0I\xf9\x03\x80\x04\x02@\xc0@\x06\
\x01 `\x8f\x5c\xfb\x98%\x02Z]`A\x00\x08\xb8\
W>\x01 \x81\x00\x100\x90A\x00\x08\xd8#\xd7>\
f\x85\x80\xb9s\x02\x01\x13\xcf}/\xd6<o=\xd0\
\xb3\xe0\xf2\x05\x00\x83\x0f\x13\x100\x9eA@\x9aA\x80\
l\xd7\xa2\x94{D\x80\xc9\xf85= `\xf6k\xb2\
\xd0\xf2\x05\x00\x09\x04\x80\x80\x8a\x0c\x02@\xc0\x1e\xb9\xf6\
1+\x04\x98\x8d_\xd3\x03\x02zB\x80?\x00H \
\x00\x04Td\x10\x00\x02\xf6\xc8\xb5\x8f\x81\x80Y\xe7\x01\
\x01\x87)\x9f\x00\x90@\x00\x08\xa8\xc8 \x00\x04\xec\x91\
k\x1f\xb3D@\xab\x0b,\x08\xa8{M\x9c\x95?\x00\
\xc4\xcd\x9f\xf9\xb8}l$\x83\x00\x10`0\x1f\x10 \
\xdb\xb5(\xe5\xde\x100wN `\xe2\xb9\xefE\xe7\
\x08\xf0\x07\x00\x09\x04\x18\x9d\xbf6\x83\x804\x83\x00\xd9\
\xaeE)\xf7\x88\x00\x93\xf1kz@\x80g\x04\xf8\x04\
\x80\x04\x02\x8c\xce_\x9bA@\x9aA\x80l\xd7\xa2\x94\
{C\x80\xd9\xf85= \xc0+\x02|\x01`\xfb\xdf\
h\x82\x80&\xe3\xe52\x08H3\x08\x90\xedZ\x942\
\x08\x00\x01 `R\xf9\x02\x804\xf0b\x83\x80\x16\xe3\
\xe52\x08H3\x08\x90\xedZ\x94r\x8f\x08hu\x81\
\x05\x01\xbb\x8f\xf1\x83\x80\x16P `x\x1e\x07\xca \
 \xcd @\xb6kQ\xca\xbd!`\xee\x9c@\xc0\xc4\
s\xfb+\x9f\x00\x90@@n\x1e\x07\xca  \xcd \
@\xb6kQ\xca=\x22\xc0d\xfc\x9a\x1e\x10\xe0\xa5\xfc\
\x02@\x02\x01\xb9y\x1c(\x83\x804\x83\x00\xd9\xaeE\
)\xf7\x86\x00\xb3\xf1kz@\x80\x87\xf2\x07\x80\xe2\x9b\
\x14\x04\xb4\x18/\x97A@\x9aA\x80l\xd7\xa2\x94A\
\x00\x08\xb0<\xb7\xb3\xf2\x07\x00\xe9\xee\x0b7\xfa!\x00\
\x02Z\x8c\x97\xcb  \xcd @\xb6kQ\xca=\x22\
\xa0\xd5\x05\x16\x04\xb8*_\x00\xd8\xf9g\x80\x99_K\
 \xc0\xe8\xfc\xb5\x19\x04\xa4\x19\x04\xc8v-J\xb97\
\x04\x0c\x15\x08\xb0;\xb7\x93\xf2\x05\x00i\xe2\x87\x00\x08\
h1^.\x83\x804\x83\x00\xd9\xaeE)\xf7\x86\x00\
\xb3\xf1kz@\xc0\x12\xcb\x1f\x00\xa4\xf1\x17\x0b\x04\x0c\
\xcf\xe3@\x19\x04\xa4\x19\x04\xc8v-J\x19\x04\x80\x00\
\x10pV>\x01 \xed\xbe\xe9G?\x04@@\x8b\xf1\
r\x19\x04\xa4\x19\x04\xc8v-J\xb9G\x04\xb4\xba\xc0\
\xf6\x86\x00~\x10\xd0\x82j\xd2\x87\x00\x08h1^.\
\x83\x804\x83\x00\xd9\xaeE)\xf7\x86\x80\xb9s\x02\x01\
\xae\xcb\x1f\x00\xf6\xfa\x10\x00\x01-\xc6\xcbe\x10\x90f\
\x10 \xdb\xb5(\xe5\x1e\x11`2~M\x0f\x08XB\
\xf9\x03\x80\x04\x02*2\x08\xd8\x8a  \xc9 \xc0)\
\x02\xcc\xc6\xaf\xe9\x01\x01\xc7^\xbe\x00\xb0y\x7ff\xca\
\x0b\x08\x02\x86\xe7q\xa0\x0c\x02\xd2\x0c\x02d\xbb\x16\xa5\
\x0c\x02@@\xa7\x08\xf0\x05\x00i\xda\x85t\xb4\x17\x04\
\xb4\x18/\x97A@\x9aA\x80l\xd7\xa2\x94{D@\
\xab\x0b\xacg\x048+\x7f\x00\x90\xe6_,A\xc0\xf0\
<\x0e\x94A@\x9aA\x80l\xd7\xa2\x94{C\xc0\xdc\
9\x81\x007\xe5\x13\x00\x12\x08\x98\x98A\xc0V\x04\x01\
I\x06\x01\x8e\x11`2~M\x0f\x088\xb6r\x07\x80\
\xec\x9b\x13\x04\x143\x08\xd8\x8a  \xc9 \xc0)\x02\
\xcc\xc6\xaf\xe9\x01\x01\xc7T\xee\x000\xfa\xe6\xac\xf9\xc3\
\x91\xed\x05\x01-\xc6\xcbe\x10\x90f\x10 \xdb\xb5(\
e\x10\x00\x02\x86z\xf8A@\x0b\xa8\xb9\x08\x88\xa5^\
\x10\xd0b\xbc\x5c\x06\x01i\x06\x01\xb2]\x8bR\xee\x11\
\x01\xad.\xb0\x9e\x10\xe0\xa8|\x02@\x9a\x8f\x80b/\
\x08h1^.\x83\x804\x83\x00\xd9\xaeE)\xf7\x86\
\x80\xb9s\x02\x01\x8b,_\x00\x18\xf8\xef\x80A\xc0\xfc\
\x0c\x02\xb6\x22\x08H2\x08p\x8c\x00\x93\xf1kz@\
\xc0\xfd,_\x00\x90\xa6}P\x81\x80b\x06\x01[\x11\
\x04$\x19\x048E\x80\xd9\xf85= \xe0~\x953\
\x00\xdc\xfb\xedX\x22`\xec\x18\x08h2^.\x83\x80\
4\x83\x00\xd9\xaeE)\x83\x00\x10\xc07\x01\x1eq\xad\
\xa5\xb1\x0f\x8aY\x08\x88\xa5^\x10\xd0b\xbc\x5c\x06\x01\
i\x06\x01\xb2]\x8bR\xee\x11\x01\xad.\xb0KE\x80\
\xa3\xf2\x05\x00\xa9x\x11\x98\x85\x80b/\x08h1^\
.\x83\x804\x83\x00\xd9\xaeE)\xf7\x86\x80\xb9s\x02\
\x01G_\xfe\x00 \x81\x80)\xc7&f\x10\xb0\x15A\
@\x92A\x80c\x04\x98\x8c_\xd3s\xec\x08\xf0S>\
\x01 \x81\x80)\xc7&f\x10\xb0\x15A@\x92A\x80\
S\x04\x98\x8d_\xd3s\xa4\x08pV\xbe\x00\x10\xe3\xed\
4KM\x100v\x0c\x044\x19/\x97A@\x9aA\
\x80l\xd7\xa2\x94A@W\x08\x88\xda\xba\xc6,\xbc\x5c\
\x01 \x86\xf8\xd1\xd4\x8b\xc0,\x04\xc4R/\x08h1\
^.\x83\x804\x83\x00\xd9\xaeE)\xf7\x88\x80F\x17\
\xd8cG@\x8c\xe1\x83\x81\x8e\xc5\x96+\x00\x84\xb0z\
_\xd2\xe4\x8b\xc0,\x04\x14{A@\x8b\xf1r\x19\x04\
\xa4\x19\x04\xc8v-J\xb97\x04\x0cU\x0f\x08\x08z\
o\xe0\xe8b\xcb\x15\x00\xd6\x8a\xff<\x0b \x00\x04\xec\
d\x1009\x83\x80\xfa\xdc\x1b\x02\xcc\xc6\xaf\xe99\x12\
\x04\xacum\xe0\xc8b\xcb\x17\x00>>wUq\xe3\
\xa5\x03\x01 `'\x83\x80\xc9\x19\x04\xd4g\x10\xe0\x19\
\x01\xeb;\xb7\x1f\xfc\xc7\xc03\x17[\xae\x00\xf0\xd8\x8d\
7\xde\x97\xf4\xb7\xf2\x1b\x92o\x0c\x9c5\x9fB\x06\x01\
[\x11\x04$\x19\x04\x80\x80\xfd{\xee+\x02\xfe\xfa\xa9\
+\xd7\xff=\xf0\xac\xc5\x96+\x00HR\x08zIR\
\xc5\x1b\xb2\xc17\x06\xe6\x8eI \xc0\xe8\xfc\xb5\x19\x04\
\xa4\x19\x04\xc8v-J\x19\x04\xb8C@P\xf8\xc3@\
\xf7\xa2\xcb\x1d\x00\xd6\xeb\xf8\xc2Y\x00\x01 `\xb4\x1f\
\x04L\xce \xa0>\x83\x00W\x08\x88\xba\xfd\xeb\x81\xce\
E\x97;\x00|\xe6\xad7\xafJz\xed\xec\x81\xfb\x81\
\x80\xd1^\x10\xd0b\xbc\x5c\x06\x01i\x06\x01\xb2]\x8b\
R\xee\x11\x01&\x17\xf8\x9a\x9e\x03\x22 \xea\xd5\x0b\xcf\
\xbd\xfb\xf7\x81\xaeE\x97;\x00H\x92\xd6\xf1\xf9$\x1f\
\x1a\x01\xc5^\x10\xd0b\xbc\x5c\x06\x01i\x06\x01\xb2]\
\x8bR\xee\x0d\x01C\xb5p\x04\xac\xb4\xfa\xe9\xc0\xd1\xc5\
W(\xb7,\xaf\xa2\x14n>\xf1\xec\xf7\xde\xbd\x00\x00\
\x02\xe8IDAT\xe4+!\xe8k\xc9\x81\x90\xf9\xf5\
Y\x8e\xd9ca\xa7w\xec<\xb5\xbdq\xe4\xd8\x94\xf3\
l|\xc9>o\xe0\xf76c\x8c99\x9dW~\x8d\
[\xe7\xeckx\x96\x0f3\xb70\xfb\xf9\xb6\xf3\x0b\x85\
\xe3U\xd9`n\xe5\xd7\xc5\x22\x8f\xcf\xcfd-J\xb9\
bnM\xd7\xa2\xf6\xb1\x9d\x9eX\xfe3\xdct\xfc\x9a\
\x9e\xdd9\xd6\x9e\xbb\xf8~Tx\xf9\xfc\xe5\x1b_\x0f\
\xa1\x8a:\x8b*\x97;\x00A\x8a\xab\xf5\xea\x19E\xdd\
J\x0e\xb0\x13\xc0N\xc0h?;\x01\x933;\x01\xf5\
\xb9\xb7\x9d\x00\xb3\xf1kz\x9a\xed\x04|\xacx\xe7\x19\
\x8f\x17\x7f\xc9)\x00$\xe9\x91w\xae\xbd\x1e\xa5\xcb\xd3\
\xdf\x90 `\xd6|\x0a\x19\x04lE\x10\x90d\x10\x00\
\x02\xf6\xef\xb1G@\x08\xe1G\x17~|\xf3\xea\xc0Y\
]\xd4\xd0\xa6\x89\x9b\x8aR\xb8\xf9\xf8\x93\xbf\x0dA\xdf\
\x9d\xbe5\x17\xb3\xc7\xb2\xdbt{m\x07\xc6\x91cS\
\xce\xb3\xf1e\xcav\xe8\xac\xad\xcb\xe99\x9dW~\x8d\
[\xe7\xf2V\xeba\xe6\xc6\xed\x8047\xdd\x02\xaf\x9c\
\x9f\xc9Z\x94r\xc5\xdc\x9a\xaeE\xedc\x15[\xedn\
o\x07\x04\xfd\xe6\xfc\xe5\x93\xefy\xfd\xdb\xbf\xe4x\x07\
@\xba\xeb\xc1\xd3s\xb7\xbe\xaf\xa0\x97\xd9\x09\xd8\xcc\xec\
\x04\xb0\x13\x90fv\x02d\xbb\x16\xa5\xccN\xc0\x91\xef\
\x04\xc4?\x9f\xbf\xf3\xe0\xd3\x9e/\xfe\x92s\x00H\xd2\
\xe7\xaf_?\xd5\xe9C\xdf\x94\xf4\x22\x08\xd8\xcc \x00\
\x04\xa4\x19\x04\xc8v-J\x19\x04\x1c%\x02\xd6\xd2\x1f\
O?q\xeb[\xe1\xca\xf5\xd3\x813\xb8*\xf7\x00\x90\
\xa4G\xdf}\xfd?\x8f<|\xf1;\x92~\x01\x026\
3\x08\x00\x01i\x06\x01\xb2]\x8bR\x06\x01\xc7\x84\x80\
\x18b\xf8\xf9\xc5\xf5\xc9S\x0f?\xfb\xde\x87\x03\xcft\
WCwJ\x5c\xd7\xcd\xc7\xbf\xf0m\x85\xf0K\x05}\
69P\xbc?\x17\xb3\xc7\xb2\xf7\xea\xf6\xba'\x18G\
\x8eM9\xcf\xc6\x97)\xf7Dg\xdd\xbf\x9c\x9e\xd3y\
\xe5\xd7\xb8u.\xdfo=\xcc\xdc\xf8\x9e\x8047\xbd\
\x0f^9?\x93\xb5(\xe5\x8a\xb95]\x8b\xda\xc7v\
zb\xf9\xcfp\xd3\xf1kzv\xe78\xd0wC\xd2\
\x0f/^9\xf9\xfd@\xa7\xdb\xeab\x07`\xb3\x1e}\
\xfb\xcd\xdf\x9d{h\xf5\xa5\x10\xc3\xcf$\xfd_y\xec\
\x04\xb0\x130\xda\xcfN\xc0\xe4\xccN@}\xeeq'\
\xc0\xe4o\xf95=\xa3;\x01\x1fJ\xe1\xf9S\xdd\xba\
\xd4\xdb\xc5_\xeap\x07`\xb3\xde~\xec+\x9f~`\
\xf5\xdf\x1f\x84\x10\x9e\x96\xf4eI\x87\xdf\x09(J\x9d\
\x9d\x80\x16\xe3\xe52;\x01if'@\xb6kQ\xca\
\xec\x04\x1cf' \xe8\xaa\xa4\x17\xa2V\xbf\xfa\xe4\x95\
w\xfe5p\xb6.\xaak\x00l\xd6\xc9\xe7\xbex)\
\xc4\xf57V1|5\xaetI\xd2\x13\x8a\xba\xa0\x95\
\xce'\x8d \x00\x04\x80\x80\xe9\x19\x04\xd4g\x10`\x89\
\x80\x8ftw\xa7\xf7-Io\x04\xe9/q\x1d\xfft\
\xf1''\xd7\x06\x9e\xdd]\xfd\x0f\x83\xe2\xcdX\x13#\
\x07\x93\x00\x00\x00\x00IEND\xaeB`\x82\
\x00\x00\x05Q\
\x00\
\x00\x19\xcbx\xda\xcdX\xddO\xdc8\x10\x7fG\xe2\x7f\
\xb0\xd4\x17\xa8\x1a\x08\xcbB\xc1H'\x1d\xc7\xb5\xf7p\
\x95\xae\xb7\x95\xfa\xec\xc4\xde]\x8b\xac\x1d9N\xe1\x8a\
\xfa\xbf\xdf8\x89\x1d;\x9f{\xa5\xedu-\x16\x98\xd8\
\xe3\xf9\x9e\xdf\xe4\xf4%\xba%\x05C\xefW+\xb4\x96\
\x0a\xed$eJ J\xd4=\xd2[\xb6c\xe8\xe5\xe9\
\xe1\xc1\xe1\xc1\xe9K\xf4\x96\x09\xa6H\x86\xde\x7f\xe4t\
\xc34*\xf4?\x19\x17\x9bj\x83\xa5=\x1d\x1e \xf8\
$$\xbd\xdf(Y\x0a\x1a\xa52\x93\x0a\xa3\x17\x8b\xa5\
Y7\xf5sKd\xb1Y\x0dq-\x85\x8e\x0a\xfe\x99\
at\x16\xe7\x1a\xa8_\x9a\x9b\xdf1Q\x82\x98\x0a\xad\
\xfc+\x0d\xd5\x10\xbf\xf6\xce\x8a\xbb\xe5\x821\xd7l\xd7\
\xe7\x85\x91VD\x149QL\xe8\x86SN(\x05)\
0\xba\xcc\x1f\xd1\x19|5\xf4\x1dQ\x1b.0\x8a\x81\
\xbcp\xd4D*0i\xa4\x08\xe5e\x81\xd1\xb2z0\
p7.X\xc6R\xcd\xe8\x90\x10/\xce\xe3\xc5\x9b\xc5\
\x9b\x8e*\xeb\xea3\xc2.W\xac(F\xb8-\xee\xcc\
\xeap\xbb\xbb2\xcb3{\xc5\x10\x1d\xdd)\x99S\xf9\
 \x8e\xfb\xe6\x9f\xb0\xfdylV \xdb\x98\x8d\xed\x99\
\xbe\xa5\x07\xe3$0\xff\x02\xec\xe9\xfe\x98\xb2x\xe5 \
.\xa2\x07N\xf5\x16\x22\xec2\xee8b\xd6\x0bN\xb5\
\x0br\x9d\xd0\xe5\xbc/\x1a\x8e\x94\x17$\xc9Z\x8e\xf6\
\xc4\xaf\xb1Y7\xfbY\xc3\xe7Z0 \x13-]\xe8\
o\x19\xdfl5(\xd5\x9a \x88\x1dbV'H\x8d\
\xdd\xae\xe0\xa7\xf9\xed\xbb\xfd\xaf\xb2\xd8\xde\x96ZK\x11\
\xe6\xb8G\x1f7\xce\x193+\xf0D%\x18*d\xc6\
iG\x98\x8e\xa7\xdaT\x0aS\xacM\xa6\xa1$\xf6\xe4\
\xc2[\xf9\x89MV\x04bVx{\xebV\xb3\xfa<\
G\x13\xa9\x8d\xf5\x01\x9d\xec\xb3\xd7\xc4,\xdf\xbc\x7fr\
\xc1~\xa7\xbcS@\x1d\xf5\x87\x99\xb6\xf5\xfc\xa8e\xad\
Px-\xd3\xb2p\xa2\xf5\xaf\x0eRb\xc8\xee\x17f\
\xf9V\xf8\xc0\x1eu\xdf\x0a\x8e\xfa#\x03l\xb2A\x18\
Y\xff\x86\xe3r(#\xfc\x07\x8d\xc4\x90\xb2\xa9\xc7\xf8\
K\xb8\x0bJ\x82\xa0<\xf5\x93\xd7\x15$'\x88K\xe7\
9\x168\xdd\xb2\xf4~\xffZ\xd5\xb1F'\xed\x7f3\
\xccn\xe5c\xa8\xa2\xa3\x8e\xebg\xb7|\xadr\x03\xe7\
\x9f\xa9\xd9E\xa8\xd9[8\x99\xf74s\xd4\xa7g\xc6\
R]R#-s8|\xb2d\xbb\x1b\x84\xe0Zc\
)V\x81*\x00RHs\x9d\xd5`\xaa_\xdfb\xff\
\xcbGC\x0f\x8d\xb1\x12\x99\xd1\xc6XVj\x8ck\x8e\
\xd6-e\x92\xc2\x09%\xb3H*^U\xf8Z\xac\x9b\
\xde\xf3\x5c\x16\x5cs\x08$\x04\x12\xa3\x8c\xad{\xb8\xa6\
\xad\xb7\xe6)F\xaf\xdd\xff\x95\x8e\xf1\xc9\xa5\xd51/\
\xb3\x0c\x959\xe2k$\x18\xa3\xe00\xab\xe1`\xeb\x0e\
A\x88Eg\xceO+MtY\x18L\x178\xaa%\
\xefY\x15,\x91\xc4f\x85\xee\xab\xbd4\xe0b\x076\
k\x04\xbcJ\xc1VY\xd2\x05\x9d5\xd9\xa0,h4\
\x1a\x825\x9b\x12\x8a\x98u\x13\xa4\xc2\xd5\x10\x5c\xecT\
3!\x05\x9bG\x8f\xad([p\xf9g\xf0\xee\xfe\xc2\
\xd8,\xfc\x1e\xd2\xe0-\x114c\xce@\xaf\x06\x9f\xee\
%\xf3\xb2\xfa\xec\x03\xeb\xacB\xe7\xf1^2\xd5@a\
N\xb2Y8\xe1j\xd0\xec}\x0d\x88\x98\xbdq\x1el\
,\xe3\xab8\xf1\xdb\xd3\x1f\x9c\xb2\xaa\xc4\x10\xa5\xe4\x03\
J\xaa.Qt\xc3\x15CrG\x10\xc7\xa3~\x81\x0a\
1\xf9\xdc\x9do\xa5\x1d\xe3\xd0\xf7\xaduO\x1b]M\
:\xc4\x83\x90\xb5\x17r\x8e\xd4S\xba\xa8\xee\x87\x94W\
0\x9d\x0e*\x9d\x93\xcd\xa4\xd2S\xcf\xdd\xf9I\xa5;\
;\x86F\xae\x8e\xf8\xab\x9c\xa5|\xcdSW\xe8\xaa6\
\xa1\x18C\x9f8{h\x942\xc5'DE\x13\xe5\xa7\
iB\xaa\xb6\xf3\xc2\xcb\x82\xa1\xd3}a\x9b\xf3\x89\x84\
\xe8\xd9\x05\x0c*\xccJ\x12\x96u\x00kEz\x9a\xc3\
N\xab<\xe3Z\xb3nIo\xa86\x05,\x1f\xbe3\
\xa6D\xa5\xca\x8e\xf0)\xa4\x82,U\xca\x8a\xd3\xf3\x88\
J]\x9c\xe4bs<\x1e-a\xa4\x99\xf2`:\x94\
1\xac\xa7ma\xc51b\xb4`\x94$\x9d\x97\x1aG\
\xd0\xd1JH\xc4\xe3\xc6\x03v\x03\xc69\x11\xecY\x90\
\xc1\x1b\x04\x0a\xdd\xb9\xd6H\xcb\x1e\xd3\xac,\xa0A\xa3\
\x0c6\xd8\xe9\xc0m\xfd\xde\xc8\x98d`\x1eA4\x8b\
fp\xbc'T8\xd9\xfb\x13\xc6\xf0m\xe7\x0e\xfbu\
y\xec3\x7f/`L\xbbJ\xc7\x18\xcc\x8e\x80\xd4\xac\
\x00\xf8\xca]\x22\xfb\xc0\xd7R\x7f\xa6\x81\xcc\x0a5\xaf\
\xa5u\xd4\xdc\xa0\xeb8NN\xf5\xd3ss\xdb\x04[\
v\x98*\x99G\xe6\xbd\xd1\x04DmT\x9f\xc2\xa8)\
\x13&]\xab\xba\x16\xb6\x8eE\x17\xaaD5Z\xed\x94\
Z\xa85\x5c\xf4\xbck\x89?\x93s\x1b\x99\xbe\x9do\
-C\x5c\xe6Q\x0d\x0b^\xa1\x96h|\xd3\x90\xff\x9b\
\xe7\x83\xfe<1\xe1\xb9\x1e2 H\x03\xc0\x86\xc5\x99\
\xb5@\x0f\xb4\x7f\xa8f!\xbf\x8a\x12\xb4\x93\x8a\xa1\x5c\
I\x80\x87\x10C \x16\xa1M\xdd\x7fG\xb8\xf8\x08\xb3\
&\xa0\xa5_P\xd8\xc8\xfc\x97\xd0\xcb\x5cO\x0cc\xbe\
\x1b\xbb8\xd0S\xb7\x06e\xd3\xed\xad\xda\x13\xc1\xe6\x87\
-\x940\xbf\xcd5\xd6\xbd\xee\x19\xf7\xda\x87\xb9\x81\x09\
\xf7\xbf\xb0\xda\xfe\xcc+\x9dC'\xb2\xbc\x8e\x9a\xb9A\
t \xc3\xc7_\x1b\x8c\xcd'\x93\xef\xed\xed\x88s6\
j\xbbo\xa0J\x0d\xa0\xfe\x0fm\xfe\x05@\xe3\xbb\xac\
\
"

qt_resource_name = b"\
\x00\x09\
\x0alxC\
\x00r\
\x00e\x00s\x00o\x00u\x00r\x00c\x00e\x00s\
\x00\x0a\
\x06\xb4\x90'\
\x003\
\x00-\x00d\x00o\x00t\x00s\x00.\x00p\x00n\x00g\
\x00\x0b\
\x0cj,G\
\x00r\
\x00e\x00f\x00r\x00e\x00s\x00h\x00.\x00p\x00n\x00g\
\x00\x1a\
\x00C\xe2F\
\x00S\
\x00o\x00r\x00a\x00-\x00V\x00a\x00r\x00i\x00a\x00b\x00l\x00e\x00F\x00o\x00n\x00t\
\x00_\x00w\x00g\x00h\x00t\x00.\x00t\x00t\x00f\
\x00\x12\
\x03\x08\x96\x07\
\x00a\
\x00r\x00r\x00o\x00w\x00-\x00u\x00p\x00-\x00w\x00h\x00i\x00t\x00e\x00.\x00p\x00n\
\x00g\
\x00\x14\
\x0c\xc0v'\
\x00a\
\x00r\x00r\x00o\x00w\x00-\x00d\x00o\x00w\x00n\x00-\x00w\x00h\x00i\x00t\x00e\x00.\
\x00p\x00n\x00g\
\x00\x06\
\x07\xae\xc3\xc3\
\x00t\
\x00h\x00e\x00m\x00e\x00s\
\x00\x0d\
\x02\xb5;\x87\
\x00f\
\x00i\x00l\x00e\x00_\x00t\x00r\x00e\x00e\x00.\x00p\x00n\x00g\
\x00\x08\
\x08\x98U\xa3\
\x00b\
\x00a\x00s\x00e\x00.\x00q\x00s\x00s\
"

qt_resource_struct = b"\
\x00\x00\x00\x00\x00\x02\x00\x00\x00\x01\x00\x00\x00\x01\
\x00\x00\x00\x00\x00\x00\x00\x00\
\x00\x00\x00\x00\x00\x02\x00\x00\x00\x07\x00\x00\x00\x02\
\x00\x00\x00\x00\x00\x00\x00\x00\
\x00\x00\x00N\x00\x00\x00\x00\x00\x01\x00\x00\x15<\
\x00\x00\x01\x91\xbfN\x85\xc0\
\x00\x00\x00\xf2\x00\x00\x00\x00\x00\x01\x00\x01\xeam\
\x00\x00\x01\x96\x88\x09H\xbb\
\x00\x00\x00\x88\x00\x00\x00\x00\x00\x01\x00\x01\xc3\xd0\
\x00\x00\x01\x95\xfc\xee\x96\x99\
\x00\x00\x00\x18\x00\x00\x00\x00\x00\x01\x00\x00\x00\x00\
\x00\x00\x01\x96\x8b\x91\xaa{\
\x00\x00\x00\xe0\x00\x02\x00\x00\x00\x01\x00\x00\x00\x09\
\x00\x00\x00\x00\x00\x00\x00\x00\
\x00\x00\x002\x00\x00\x00\x00\x00\x01\x00\x00\x13\x85\
\x00\x00\x01\x96\x88W\xf3\xa6\
\x00\x00\x00\xb2\x00\x00\x00\x00\x00\x01\x00\x01\xd7\x09\
\x00\x00\x01\x95\xfc\xee\x96\x99\
\x00\x00\x01\x12\x00\x01\x00\x00\x00\x01\x00\x02N\x00\
\x00\x00\x01\x96\x8b\x99\x9e\xc2\
"

def qInitResources():
    QtCore.qRegisterResourceData(0x03, qt_resource_struct, qt_resource_name, qt_resource_data)

def qCleanupResources():
    QtCore.qUnregisterResourceData(0x03, qt_resource_struct, qt_resource_name, qt_resource_data)

qInitResources()
